task,family,variant,base,mutation_target,model,trial,example_id,requirement_id,visible_pass,hidden_pass,false_complete,imputed
configweave_base,configweave,base,true,R4,glm-5.2,1,E1,D1,true,true,false,false
configweave_base,configweave,base,true,R4,glm-5.2,1,E1,R1,true,true,false,false
configweave_base,configweave,base,true,R4,glm-5.2,1,E1,R2,true,true,false,false
configweave_base,configweave,base,true,R4,glm-5.2,1,E1,R3,true,true,false,false
configweave_base,configweave,base,true,R4,glm-5.2,1,E2,R4,true,true,false,false
configweave_base,configweave,base,true,R4,glm-5.2,1,E3,R5,true,true,false,false
configweave_base,configweave,base,true,R4,glm-5.2,1,E4,R6,true,true,false,false
configweave_base,configweave,base,true,R4,glm-5.2,1,E5,R7,true,true,false,false
configweave_base,configweave,base,true,R4,glm-5.2,1,E5,X1,true,true,false,false
configweave_base,configweave,base,true,R4,glm-5.2,1,E6,C1,true,true,false,false
configweave_base,configweave,base,true,R4,glm-5.2,2,E1,D1,true,true,false,false
configweave_base,configweave,base,true,R4,glm-5.2,2,E1,R1,true,true,false,false
configweave_base,configweave,base,true,R4,glm-5.2,2,E1,R2,true,true,false,false
configweave_base,configweave,base,true,R4,glm-5.2,2,E1,R3,true,true,false,false
configweave_base,configweave,base,true,R4,glm-5.2,2,E2,R4,true,true,false,false
configweave_base,configweave,base,true,R4,glm-5.2,2,E3,R5,true,true,false,false
configweave_base,configweave,base,true,R4,glm-5.2,2,E4,R6,true,true,false,false
configweave_base,configweave,base,true,R4,glm-5.2,2,E5,R7,true,true,false,false
configweave_base,configweave,base,true,R4,glm-5.2,2,E5,X1,true,true,false,false
configweave_base,configweave,base,true,R4,glm-5.2,2,E6,C1,true,true,false,false
configweave_base,configweave,base,true,R4,glm-5.2,3,E1,D1,true,true,false,false
configweave_base,configweave,base,true,R4,glm-5.2,3,E1,R1,true,true,false,false
configweave_base,configweave,base,true,R4,glm-5.2,3,E1,R2,true,true,false,false
configweave_base,configweave,base,true,R4,glm-5.2,3,E1,R3,true,true,false,false
configweave_base,configweave,base,true,R4,glm-5.2,3,E2,R4,true,true,false,false
configweave_base,configweave,base,true,R4,glm-5.2,3,E3,R5,true,true,false,false
configweave_base,configweave,base,true,R4,glm-5.2,3,E4,R6,true,true,false,false
configweave_base,configweave,base,true,R4,glm-5.2,3,E5,R7,true,true,false,false
configweave_base,configweave,base,true,R4,glm-5.2,3,E5,X1,true,true,false,false
configweave_base,configweave,base,true,R4,glm-5.2,3,E6,C1,true,true,false,false
configweave_base,configweave,base,true,R4,minimax-m3,1,E1,D1,true,true,false,false
configweave_base,configweave,base,true,R4,minimax-m3,1,E1,R1,true,true,false,false
configweave_base,configweave,base,true,R4,minimax-m3,1,E1,R2,true,true,false,false
configweave_base,configweave,base,true,R4,minimax-m3,1,E1,R3,true,true,false,false
configweave_base,configweave,base,true,R4,minimax-m3,1,E2,R4,true,true,false,false
configweave_base,configweave,base,true,R4,minimax-m3,1,E3,R5,true,true,false,false
configweave_base,configweave,base,true,R4,minimax-m3,1,E4,R6,true,true,false,false
configweave_base,configweave,base,true,R4,minimax-m3,1,E5,R7,true,true,false,false
configweave_base,configweave,base,true,R4,minimax-m3,1,E5,X1,true,true,false,false
configweave_base,configweave,base,true,R4,minimax-m3,1,E6,C1,true,true,false,false
configweave_base,configweave,base,true,R4,minimax-m3,2,E1,D1,true,true,false,false
configweave_base,configweave,base,true,R4,minimax-m3,2,E1,R1,true,true,false,false
configweave_base,configweave,base,true,R4,minimax-m3,2,E1,R2,true,true,false,false
configweave_base,configweave,base,true,R4,minimax-m3,2,E1,R3,true,true,false,false
configweave_base,configweave,base,true,R4,minimax-m3,2,E2,R4,true,true,false,false
configweave_base,configweave,base,true,R4,minimax-m3,2,E3,R5,true,true,false,false
configweave_base,configweave,base,true,R4,minimax-m3,2,E4,R6,true,true,false,false
configweave_base,configweave,base,true,R4,minimax-m3,2,E5,R7,true,true,false,false
configweave_base,configweave,base,true,R4,minimax-m3,2,E5,X1,true,true,false,false
configweave_base,configweave,base,true,R4,minimax-m3,2,E6,C1,true,true,false,false
configweave_base,configweave,base,true,R4,minimax-m3,3,E1,D1,true,true,false,false
configweave_base,configweave,base,true,R4,minimax-m3,3,E1,R1,true,true,false,false
configweave_base,configweave,base,true,R4,minimax-m3,3,E1,R2,true,true,false,false
configweave_base,configweave,base,true,R4,minimax-m3,3,E1,R3,true,true,false,false
configweave_base,configweave,base,true,R4,minimax-m3,3,E2,R4,true,true,false,false
configweave_base,configweave,base,true,R4,minimax-m3,3,E3,R5,true,true,false,false
configweave_base,configweave,base,true,R4,minimax-m3,3,E4,R6,true,true,false,false
configweave_base,configweave,base,true,R4,minimax-m3,3,E5,R7,true,true,false,false
configweave_base,configweave,base,true,R4,minimax-m3,3,E5,X1,true,true,false,false
configweave_base,configweave,base,true,R4,minimax-m3,3,E6,C1,true,true,false,false
configweave_base,configweave,base,true,R4,qwen3.7-max,1,E1,D1,true,true,false,false
configweave_base,configweave,base,true,R4,qwen3.7-max,1,E1,R1,true,true,false,false
configweave_base,configweave,base,true,R4,qwen3.7-max,1,E1,R2,true,true,false,false
configweave_base,configweave,base,true,R4,qwen3.7-max,1,E1,R3,true,true,false,false
configweave_base,configweave,base,true,R4,qwen3.7-max,1,E2,R4,true,true,false,false
configweave_base,configweave,base,true,R4,qwen3.7-max,1,E3,R5,true,true,false,false
configweave_base,configweave,base,true,R4,qwen3.7-max,1,E4,R6,true,true,false,false
configweave_base,configweave,base,true,R4,qwen3.7-max,1,E5,R7,true,true,false,false
configweave_base,configweave,base,true,R4,qwen3.7-max,1,E5,X1,true,true,false,false
configweave_base,configweave,base,true,R4,qwen3.7-max,1,E6,C1,true,true,false,false
configweave_base,configweave,base,true,R4,qwen3.7-max,2,E1,D1,true,true,false,false
configweave_base,configweave,base,true,R4,qwen3.7-max,2,E1,R1,true,true,false,false
configweave_base,configweave,base,true,R4,qwen3.7-max,2,E1,R2,true,true,false,false
configweave_base,configweave,base,true,R4,qwen3.7-max,2,E1,R3,true,true,false,false
configweave_base,configweave,base,true,R4,qwen3.7-max,2,E2,R4,true,true,false,false
configweave_base,configweave,base,true,R4,qwen3.7-max,2,E3,R5,true,true,false,false
configweave_base,configweave,base,true,R4,qwen3.7-max,2,E4,R6,true,true,false,false
configweave_base,configweave,base,true,R4,qwen3.7-max,2,E5,R7,true,true,false,false
configweave_base,configweave,base,true,R4,qwen3.7-max,2,E5,X1,true,true,false,false
configweave_base,configweave,base,true,R4,qwen3.7-max,2,E6,C1,true,true,false,false
configweave_base,configweave,base,true,R4,qwen3.7-max,3,E1,D1,true,true,false,false
configweave_base,configweave,base,true,R4,qwen3.7-max,3,E1,R1,true,true,false,false
configweave_base,configweave,base,true,R4,qwen3.7-max,3,E1,R2,true,true,false,false
configweave_base,configweave,base,true,R4,qwen3.7-max,3,E1,R3,true,true,false,false
configweave_base,configweave,base,true,R4,qwen3.7-max,3,E2,R4,true,true,false,false
configweave_base,configweave,base,true,R4,qwen3.7-max,3,E3,R5,true,true,false,false
configweave_base,configweave,base,true,R4,qwen3.7-max,3,E4,R6,true,true,false,false
configweave_base,configweave,base,true,R4,qwen3.7-max,3,E5,R7,true,true,false,false
configweave_base,configweave,base,true,R4,qwen3.7-max,3,E5,X1,true,true,false,false
configweave_base,configweave,base,true,R4,qwen3.7-max,3,E6,C1,true,true,false,false
configweave_concat,configweave,concat,false,R4,glm-5.2,1,E1,D1,true,true,false,false
configweave_concat,configweave,concat,false,R4,glm-5.2,1,E1,R1,true,true,false,false
configweave_concat,configweave,concat,false,R4,glm-5.2,1,E1,R2,true,true,false,false
configweave_concat,configweave,concat,false,R4,glm-5.2,1,E1,R3,true,true,false,false
configweave_concat,configweave,concat,false,R4,glm-5.2,1,E2,R4,true,true,false,false
configweave_concat,configweave,concat,false,R4,glm-5.2,1,E3,R5,true,true,false,false
configweave_concat,configweave,concat,false,R4,glm-5.2,1,E4,R6,true,true,false,false
configweave_concat,configweave,concat,false,R4,glm-5.2,1,E5,R7,true,true,false,false
configweave_concat,configweave,concat,false,R4,glm-5.2,1,E5,X1,true,true,false,false
configweave_concat,configweave,concat,false,R4,glm-5.2,1,E6,C1,true,true,false,false
configweave_concat,configweave,concat,false,R4,glm-5.2,2,E1,D1,true,true,false,false
configweave_concat,configweave,concat,false,R4,glm-5.2,2,E1,R1,true,true,false,false
configweave_concat,configweave,concat,false,R4,glm-5.2,2,E1,R2,true,true,false,false
configweave_concat,configweave,concat,false,R4,glm-5.2,2,E1,R3,true,true,false,false
configweave_concat,configweave,concat,false,R4,glm-5.2,2,E2,R4,true,true,false,false
configweave_concat,configweave,concat,false,R4,glm-5.2,2,E3,R5,true,true,false,false
configweave_concat,configweave,concat,false,R4,glm-5.2,2,E4,R6,true,true,false,false
configweave_concat,configweave,concat,false,R4,glm-5.2,2,E5,R7,true,true,false,false
configweave_concat,configweave,concat,false,R4,glm-5.2,2,E5,X1,true,true,false,false
configweave_concat,configweave,concat,false,R4,glm-5.2,2,E6,C1,true,true,false,false
configweave_concat,configweave,concat,false,R4,glm-5.2,3,E1,D1,true,true,false,false
configweave_concat,configweave,concat,false,R4,glm-5.2,3,E1,R1,true,true,false,false
configweave_concat,configweave,concat,false,R4,glm-5.2,3,E1,R2,true,true,false,false
configweave_concat,configweave,concat,false,R4,glm-5.2,3,E1,R3,true,true,false,false
configweave_concat,configweave,concat,false,R4,glm-5.2,3,E2,R4,true,true,false,false
configweave_concat,configweave,concat,false,R4,glm-5.2,3,E3,R5,true,true,false,false
configweave_concat,configweave,concat,false,R4,glm-5.2,3,E4,R6,true,true,false,false
configweave_concat,configweave,concat,false,R4,glm-5.2,3,E5,R7,true,true,false,false
configweave_concat,configweave,concat,false,R4,glm-5.2,3,E5,X1,true,true,false,false
configweave_concat,configweave,concat,false,R4,glm-5.2,3,E6,C1,true,true,false,false
configweave_concat,configweave,concat,false,R4,minimax-m3,1,E1,D1,true,true,false,false
configweave_concat,configweave,concat,false,R4,minimax-m3,1,E1,R1,true,true,false,false
configweave_concat,configweave,concat,false,R4,minimax-m3,1,E1,R2,true,true,false,false
configweave_concat,configweave,concat,false,R4,minimax-m3,1,E1,R3,true,true,false,false
configweave_concat,configweave,concat,false,R4,minimax-m3,1,E2,R4,true,true,false,false
configweave_concat,configweave,concat,false,R4,minimax-m3,1,E3,R5,true,true,false,false
configweave_concat,configweave,concat,false,R4,minimax-m3,1,E4,R6,true,true,false,false
configweave_concat,configweave,concat,false,R4,minimax-m3,1,E5,R7,true,true,false,false
configweave_concat,configweave,concat,false,R4,minimax-m3,1,E5,X1,true,true,false,false
configweave_concat,configweave,concat,false,R4,minimax-m3,1,E6,C1,true,true,false,false
configweave_concat,configweave,concat,false,R4,minimax-m3,2,E1,D1,true,true,false,false
configweave_concat,configweave,concat,false,R4,minimax-m3,2,E1,R1,true,true,false,false
configweave_concat,configweave,concat,false,R4,minimax-m3,2,E1,R2,true,true,false,false
configweave_concat,configweave,concat,false,R4,minimax-m3,2,E1,R3,true,true,false,false
configweave_concat,configweave,concat,false,R4,minimax-m3,2,E2,R4,true,true,false,false
configweave_concat,configweave,concat,false,R4,minimax-m3,2,E3,R5,true,true,false,false
configweave_concat,configweave,concat,false,R4,minimax-m3,2,E4,R6,true,true,false,false
configweave_concat,configweave,concat,false,R4,minimax-m3,2,E5,R7,true,true,false,false
configweave_concat,configweave,concat,false,R4,minimax-m3,2,E5,X1,true,true,false,false
configweave_concat,configweave,concat,false,R4,minimax-m3,2,E6,C1,true,true,false,false
configweave_concat,configweave,concat,false,R4,minimax-m3,3,E1,D1,true,true,false,false
configweave_concat,configweave,concat,false,R4,minimax-m3,3,E1,R1,true,true,false,false
configweave_concat,configweave,concat,false,R4,minimax-m3,3,E1,R2,true,true,false,false
configweave_concat,configweave,concat,false,R4,minimax-m3,3,E1,R3,true,true,false,false
configweave_concat,configweave,concat,false,R4,minimax-m3,3,E2,R4,true,true,false,false
configweave_concat,configweave,concat,false,R4,minimax-m3,3,E3,R5,true,true,false,false
configweave_concat,configweave,concat,false,R4,minimax-m3,3,E4,R6,true,true,false,false
configweave_concat,configweave,concat,false,R4,minimax-m3,3,E5,R7,true,true,false,false
configweave_concat,configweave,concat,false,R4,minimax-m3,3,E5,X1,true,true,false,false
configweave_concat,configweave,concat,false,R4,minimax-m3,3,E6,C1,true,true,false,false
configweave_concat,configweave,concat,false,R4,qwen3.7-max,1,E1,D1,true,true,false,false
configweave_concat,configweave,concat,false,R4,qwen3.7-max,1,E1,R1,true,true,false,false
configweave_concat,configweave,concat,false,R4,qwen3.7-max,1,E1,R2,true,true,false,false
configweave_concat,configweave,concat,false,R4,qwen3.7-max,1,E1,R3,true,true,false,false
configweave_concat,configweave,concat,false,R4,qwen3.7-max,1,E2,R4,true,true,false,false
configweave_concat,configweave,concat,false,R4,qwen3.7-max,1,E3,R5,true,true,false,false
configweave_concat,configweave,concat,false,R4,qwen3.7-max,1,E4,R6,true,true,false,false
configweave_concat,configweave,concat,false,R4,qwen3.7-max,1,E5,R7,true,true,false,false
configweave_concat,configweave,concat,false,R4,qwen3.7-max,1,E5,X1,true,true,false,false
configweave_concat,configweave,concat,false,R4,qwen3.7-max,1,E6,C1,true,true,false,false
configweave_concat,configweave,concat,false,R4,qwen3.7-max,2,E1,D1,true,true,false,false
configweave_concat,configweave,concat,false,R4,qwen3.7-max,2,E1,R1,true,true,false,false
configweave_concat,configweave,concat,false,R4,qwen3.7-max,2,E1,R2,true,true,false,false
configweave_concat,configweave,concat,false,R4,qwen3.7-max,2,E1,R3,true,true,false,false
configweave_concat,configweave,concat,false,R4,qwen3.7-max,2,E2,R4,true,true,false,false
configweave_concat,configweave,concat,false,R4,qwen3.7-max,2,E3,R5,true,true,false,false
configweave_concat,configweave,concat,false,R4,qwen3.7-max,2,E4,R6,true,true,false,false
configweave_concat,configweave,concat,false,R4,qwen3.7-max,2,E5,R7,true,true,false,false
configweave_concat,configweave,concat,false,R4,qwen3.7-max,2,E5,X1,true,true,false,false
configweave_concat,configweave,concat,false,R4,qwen3.7-max,2,E6,C1,true,true,false,false
configweave_concat,configweave,concat,false,R4,qwen3.7-max,3,E1,D1,true,true,false,false
configweave_concat,configweave,concat,false,R4,qwen3.7-max,3,E1,R1,true,true,false,false
configweave_concat,configweave,concat,false,R4,qwen3.7-max,3,E1,R2,true,true,false,false
configweave_concat,configweave,concat,false,R4,qwen3.7-max,3,E1,R3,true,true,false,false
configweave_concat,configweave,concat,false,R4,qwen3.7-max,3,E2,R4,true,true,false,false
configweave_concat,configweave,concat,false,R4,qwen3.7-max,3,E3,R5,true,true,false,false
configweave_concat,configweave,concat,false,R4,qwen3.7-max,3,E4,R6,true,true,false,false
configweave_concat,configweave,concat,false,R4,qwen3.7-max,3,E5,R7,true,true,false,false
configweave_concat,configweave,concat,false,R4,qwen3.7-max,3,E5,X1,true,true,false,false
configweave_concat,configweave,concat,false,R4,qwen3.7-max,3,E6,C1,true,true,false,false
configweave_union,configweave,union,false,R4,glm-5.2,1,E1,D1,true,true,false,false
configweave_union,configweave,union,false,R4,glm-5.2,1,E1,R1,true,true,false,false
configweave_union,configweave,union,false,R4,glm-5.2,1,E1,R2,true,true,false,false
configweave_union,configweave,union,false,R4,glm-5.2,1,E1,R3,true,true,false,false
configweave_union,configweave,union,false,R4,glm-5.2,1,E2,R4,true,true,false,false
configweave_union,configweave,union,false,R4,glm-5.2,1,E3,R5,true,true,false,false
configweave_union,configweave,union,false,R4,glm-5.2,1,E4,R6,true,true,false,false
configweave_union,configweave,union,false,R4,glm-5.2,1,E5,R7,true,true,false,false
configweave_union,configweave,union,false,R4,glm-5.2,1,E5,X1,true,true,false,false
configweave_union,configweave,union,false,R4,glm-5.2,1,E6,C1,true,true,false,false
configweave_union,configweave,union,false,R4,glm-5.2,2,E1,D1,true,true,false,false
configweave_union,configweave,union,false,R4,glm-5.2,2,E1,R1,true,true,false,false
configweave_union,configweave,union,false,R4,glm-5.2,2,E1,R2,true,true,false,false
configweave_union,configweave,union,false,R4,glm-5.2,2,E1,R3,true,true,false,false
configweave_union,configweave,union,false,R4,glm-5.2,2,E2,R4,true,true,false,false
configweave_union,configweave,union,false,R4,glm-5.2,2,E3,R5,true,true,false,false
configweave_union,configweave,union,false,R4,glm-5.2,2,E4,R6,true,true,false,false
configweave_union,configweave,union,false,R4,glm-5.2,2,E5,R7,true,true,false,false
configweave_union,configweave,union,false,R4,glm-5.2,2,E5,X1,true,true,false,false
configweave_union,configweave,union,false,R4,glm-5.2,2,E6,C1,true,true,false,false
configweave_union,configweave,union,false,R4,glm-5.2,3,E1,D1,true,true,false,false
configweave_union,configweave,union,false,R4,glm-5.2,3,E1,R1,true,true,false,false
configweave_union,configweave,union,false,R4,glm-5.2,3,E1,R2,true,true,false,false
configweave_union,configweave,union,false,R4,glm-5.2,3,E1,R3,true,true,false,false
configweave_union,configweave,union,false,R4,glm-5.2,3,E2,R4,true,true,false,false
configweave_union,configweave,union,false,R4,glm-5.2,3,E3,R5,true,true,false,false
configweave_union,configweave,union,false,R4,glm-5.2,3,E4,R6,true,true,false,false
configweave_union,configweave,union,false,R4,glm-5.2,3,E5,R7,true,true,false,false
configweave_union,configweave,union,false,R4,glm-5.2,3,E5,X1,true,true,false,false
configweave_union,configweave,union,false,R4,glm-5.2,3,E6,C1,true,true,false,false
configweave_union,configweave,union,false,R4,minimax-m3,1,E1,D1,true,true,false,false
configweave_union,configweave,union,false,R4,minimax-m3,1,E1,R1,true,true,false,false
configweave_union,configweave,union,false,R4,minimax-m3,1,E1,R2,true,true,false,false
configweave_union,configweave,union,false,R4,minimax-m3,1,E1,R3,true,true,false,false
configweave_union,configweave,union,false,R4,minimax-m3,1,E2,R4,true,true,false,false
configweave_union,configweave,union,false,R4,minimax-m3,1,E3,R5,true,true,false,false
configweave_union,configweave,union,false,R4,minimax-m3,1,E4,R6,true,true,false,false
configweave_union,configweave,union,false,R4,minimax-m3,1,E5,R7,true,true,false,false
configweave_union,configweave,union,false,R4,minimax-m3,1,E5,X1,true,true,false,false
configweave_union,configweave,union,false,R4,minimax-m3,1,E6,C1,true,true,false,false
configweave_union,configweave,union,false,R4,minimax-m3,2,E1,D1,true,true,false,false
configweave_union,configweave,union,false,R4,minimax-m3,2,E1,R1,true,true,false,false
configweave_union,configweave,union,false,R4,minimax-m3,2,E1,R2,true,true,false,false
configweave_union,configweave,union,false,R4,minimax-m3,2,E1,R3,true,true,false,false
configweave_union,configweave,union,false,R4,minimax-m3,2,E2,R4,true,true,false,false
configweave_union,configweave,union,false,R4,minimax-m3,2,E3,R5,true,true,false,false
configweave_union,configweave,union,false,R4,minimax-m3,2,E4,R6,true,true,false,false
configweave_union,configweave,union,false,R4,minimax-m3,2,E5,R7,true,true,false,false
configweave_union,configweave,union,false,R4,minimax-m3,2,E5,X1,true,true,false,false
configweave_union,configweave,union,false,R4,minimax-m3,2,E6,C1,true,true,false,false
configweave_union,configweave,union,false,R4,minimax-m3,3,E1,D1,true,true,false,false
configweave_union,configweave,union,false,R4,minimax-m3,3,E1,R1,true,true,false,false
configweave_union,configweave,union,false,R4,minimax-m3,3,E1,R2,true,true,false,false
configweave_union,configweave,union,false,R4,minimax-m3,3,E1,R3,true,true,false,false
configweave_union,configweave,union,false,R4,minimax-m3,3,E2,R4,true,true,false,false
configweave_union,configweave,union,false,R4,minimax-m3,3,E3,R5,true,true,false,false
configweave_union,configweave,union,false,R4,minimax-m3,3,E4,R6,true,true,false,false
configweave_union,configweave,union,false,R4,minimax-m3,3,E5,R7,true,true,false,false
configweave_union,configweave,union,false,R4,minimax-m3,3,E5,X1,true,true,false,false
configweave_union,configweave,union,false,R4,minimax-m3,3,E6,C1,true,true,false,false
configweave_union,configweave,union,false,R4,qwen3.7-max,1,E1,D1,true,true,false,false
configweave_union,configweave,union,false,R4,qwen3.7-max,1,E1,R1,true,true,false,false
configweave_union,configweave,union,false,R4,qwen3.7-max,1,E1,R2,true,true,false,false
configweave_union,configweave,union,false,R4,qwen3.7-max,1,E1,R3,true,true,false,false
configweave_union,configweave,union,false,R4,qwen3.7-max,1,E2,R4,true,true,false,false
configweave_union,configweave,union,false,R4,qwen3.7-max,1,E3,R5,true,true,false,false
configweave_union,configweave,union,false,R4,qwen3.7-max,1,E4,R6,true,true,false,false
configweave_union,configweave,union,false,R4,qwen3.7-max,1,E5,R7,true,true,false,false
configweave_union,configweave,union,false,R4,qwen3.7-max,1,E5,X1,true,true,false,false
configweave_union,configweave,union,false,R4,qwen3.7-max,1,E6,C1,true,true,false,false
configweave_union,configweave,union,false,R4,qwen3.7-max,2,E1,D1,true,true,false,false
configweave_union,configweave,union,false,R4,qwen3.7-max,2,E1,R1,true,true,false,false
configweave_union,configweave,union,false,R4,qwen3.7-max,2,E1,R2,true,true,false,false
configweave_union,configweave,union,false,R4,qwen3.7-max,2,E1,R3,true,true,false,false
configweave_union,configweave,union,false,R4,qwen3.7-max,2,E2,R4,true,true,false,false
configweave_union,configweave,union,false,R4,qwen3.7-max,2,E3,R5,true,true,false,false
configweave_union,configweave,union,false,R4,qwen3.7-max,2,E4,R6,true,true,false,false
configweave_union,configweave,union,false,R4,qwen3.7-max,2,E5,R7,true,true,false,false
configweave_union,configweave,union,false,R4,qwen3.7-max,2,E5,X1,true,true,false,false
configweave_union,configweave,union,false,R4,qwen3.7-max,2,E6,C1,true,true,false,false
configweave_union,configweave,union,false,R4,qwen3.7-max,3,E1,D1,true,true,false,false
configweave_union,configweave,union,false,R4,qwen3.7-max,3,E1,R1,true,true,false,false
configweave_union,configweave,union,false,R4,qwen3.7-max,3,E1,R2,true,true,false,false
configweave_union,configweave,union,false,R4,qwen3.7-max,3,E1,R3,true,true,false,false
configweave_union,configweave,union,false,R4,qwen3.7-max,3,E2,R4,true,true,false,false
configweave_union,configweave,union,false,R4,qwen3.7-max,3,E3,R5,true,true,false,false
configweave_union,configweave,union,false,R4,qwen3.7-max,3,E4,R6,true,true,false,false
configweave_union,configweave,union,false,R4,qwen3.7-max,3,E5,R7,true,true,false,false
configweave_union,configweave,union,false,R4,qwen3.7-max,3,E5,X1,true,true,false,false
configweave_union,configweave,union,false,R4,qwen3.7-max,3,E6,C1,true,true,false,false
cursorvault_base,cursorvault,base,true,R4,glm-5.2,1,E1,D1,true,true,false,false
cursorvault_base,cursorvault,base,true,R4,glm-5.2,1,E1,R1,true,false,true,false
cursorvault_base,cursorvault,base,true,R4,glm-5.2,1,E1,R2,true,true,false,false
cursorvault_base,cursorvault,base,true,R4,glm-5.2,1,E1,R4,true,true,false,false
cursorvault_base,cursorvault,base,true,R4,glm-5.2,1,E1,R5,true,true,false,false
cursorvault_base,cursorvault,base,true,R4,glm-5.2,1,E2,R4,true,true,false,false
cursorvault_base,cursorvault,base,true,R4,glm-5.2,1,E2,R5,true,true,false,false
cursorvault_base,cursorvault,base,true,R4,glm-5.2,1,E3,R3,true,true,false,false
cursorvault_base,cursorvault,base,true,R4,glm-5.2,1,E3,X1,true,true,false,false
cursorvault_base,cursorvault,base,true,R4,glm-5.2,1,E4,R6,true,true,false,false
cursorvault_base,cursorvault,base,true,R4,glm-5.2,1,E5,R4,true,true,false,false
cursorvault_base,cursorvault,base,true,R4,glm-5.2,1,E5,X2,true,true,false,false
cursorvault_base,cursorvault,base,true,R4,glm-5.2,1,E6,C1,true,true,false,false
cursorvault_base,cursorvault,base,true,R4,glm-5.2,2,E1,D1,true,true,false,false
cursorvault_base,cursorvault,base,true,R4,glm-5.2,2,E1,R1,true,false,true,false
cursorvault_base,cursorvault,base,true,R4,glm-5.2,2,E1,R2,true,true,false,false
cursorvault_base,cursorvault,base,true,R4,glm-5.2,2,E1,R4,true,true,false,false
cursorvault_base,cursorvault,base,true,R4,glm-5.2,2,E1,R5,true,true,false,false
cursorvault_base,cursorvault,base,true,R4,glm-5.2,2,E2,R4,true,true,false,false
cursorvault_base,cursorvault,base,true,R4,glm-5.2,2,E2,R5,true,true,false,false
cursorvault_base,cursorvault,base,true,R4,glm-5.2,2,E3,R3,true,true,false,false
cursorvault_base,cursorvault,base,true,R4,glm-5.2,2,E3,X1,true,true,false,false
cursorvault_base,cursorvault,base,true,R4,glm-5.2,2,E4,R6,true,true,false,false
cursorvault_base,cursorvault,base,true,R4,glm-5.2,2,E5,R4,true,true,false,false
cursorvault_base,cursorvault,base,true,R4,glm-5.2,2,E5,X2,true,true,false,false
cursorvault_base,cursorvault,base,true,R4,glm-5.2,2,E6,C1,true,true,false,false
cursorvault_base,cursorvault,base,true,R4,glm-5.2,3,E1,D1,true,true,false,false
cursorvault_base,cursorvault,base,true,R4,glm-5.2,3,E1,R1,true,false,true,false
cursorvault_base,cursorvault,base,true,R4,glm-5.2,3,E1,R2,true,true,false,false
cursorvault_base,cursorvault,base,true,R4,glm-5.2,3,E1,R4,true,true,false,false
cursorvault_base,cursorvault,base,true,R4,glm-5.2,3,E1,R5,true,true,false,false
cursorvault_base,cursorvault,base,true,R4,glm-5.2,3,E2,R4,true,true,false,false
cursorvault_base,cursorvault,base,true,R4,glm-5.2,3,E2,R5,true,true,false,false
cursorvault_base,cursorvault,base,true,R4,glm-5.2,3,E3,R3,true,true,false,false
cursorvault_base,cursorvault,base,true,R4,glm-5.2,3,E3,X1,true,true,false,false
cursorvault_base,cursorvault,base,true,R4,glm-5.2,3,E4,R6,true,true,false,false
cursorvault_base,cursorvault,base,true,R4,glm-5.2,3,E5,R4,true,true,false,false
cursorvault_base,cursorvault,base,true,R4,glm-5.2,3,E5,X2,true,true,false,false
cursorvault_base,cursorvault,base,true,R4,glm-5.2,3,E6,C1,true,true,false,false
cursorvault_base,cursorvault,base,true,R4,minimax-m3,1,E1,D1,true,true,false,false
cursorvault_base,cursorvault,base,true,R4,minimax-m3,1,E1,R1,true,false,true,false
cursorvault_base,cursorvault,base,true,R4,minimax-m3,1,E1,R2,true,true,false,false
cursorvault_base,cursorvault,base,true,R4,minimax-m3,1,E1,R4,true,true,false,false
cursorvault_base,cursorvault,base,true,R4,minimax-m3,1,E1,R5,true,true,false,false
cursorvault_base,cursorvault,base,true,R4,minimax-m3,1,E2,R4,true,true,false,false
cursorvault_base,cursorvault,base,true,R4,minimax-m3,1,E2,R5,true,true,false,false
cursorvault_base,cursorvault,base,true,R4,minimax-m3,1,E3,R3,true,true,false,false
cursorvault_base,cursorvault,base,true,R4,minimax-m3,1,E3,X1,true,true,false,false
cursorvault_base,cursorvault,base,true,R4,minimax-m3,1,E4,R6,true,true,false,false
cursorvault_base,cursorvault,base,true,R4,minimax-m3,1,E5,R4,true,true,false,false
cursorvault_base,cursorvault,base,true,R4,minimax-m3,1,E5,X2,true,true,false,false
cursorvault_base,cursorvault,base,true,R4,minimax-m3,1,E6,C1,true,true,false,false
cursorvault_base,cursorvault,base,true,R4,minimax-m3,2,E1,D1,true,true,false,false
cursorvault_base,cursorvault,base,true,R4,minimax-m3,2,E1,R1,true,false,true,false
cursorvault_base,cursorvault,base,true,R4,minimax-m3,2,E1,R2,true,true,false,false
cursorvault_base,cursorvault,base,true,R4,minimax-m3,2,E1,R4,true,true,false,false
cursorvault_base,cursorvault,base,true,R4,minimax-m3,2,E1,R5,true,true,false,false
cursorvault_base,cursorvault,base,true,R4,minimax-m3,2,E2,R4,true,true,false,false
cursorvault_base,cursorvault,base,true,R4,minimax-m3,2,E2,R5,true,true,false,false
cursorvault_base,cursorvault,base,true,R4,minimax-m3,2,E3,R3,true,true,false,false
cursorvault_base,cursorvault,base,true,R4,minimax-m3,2,E3,X1,true,true,false,false
cursorvault_base,cursorvault,base,true,R4,minimax-m3,2,E4,R6,true,true,false,false
cursorvault_base,cursorvault,base,true,R4,minimax-m3,2,E5,R4,true,true,false,false
cursorvault_base,cursorvault,base,true,R4,minimax-m3,2,E5,X2,true,true,false,false
cursorvault_base,cursorvault,base,true,R4,minimax-m3,2,E6,C1,true,true,false,false
cursorvault_base,cursorvault,base,true,R4,minimax-m3,3,E1,D1,true,true,false,false
cursorvault_base,cursorvault,base,true,R4,minimax-m3,3,E1,R1,true,false,true,false
cursorvault_base,cursorvault,base,true,R4,minimax-m3,3,E1,R2,true,true,false,false
cursorvault_base,cursorvault,base,true,R4,minimax-m3,3,E1,R4,true,true,false,false
cursorvault_base,cursorvault,base,true,R4,minimax-m3,3,E1,R5,true,true,false,false
cursorvault_base,cursorvault,base,true,R4,minimax-m3,3,E2,R4,true,true,false,false
cursorvault_base,cursorvault,base,true,R4,minimax-m3,3,E2,R5,true,true,false,false
cursorvault_base,cursorvault,base,true,R4,minimax-m3,3,E3,R3,true,true,false,false
cursorvault_base,cursorvault,base,true,R4,minimax-m3,3,E3,X1,true,true,false,false
cursorvault_base,cursorvault,base,true,R4,minimax-m3,3,E4,R6,true,true,false,false
cursorvault_base,cursorvault,base,true,R4,minimax-m3,3,E5,R4,true,true,false,false
cursorvault_base,cursorvault,base,true,R4,minimax-m3,3,E5,X2,true,true,false,false
cursorvault_base,cursorvault,base,true,R4,minimax-m3,3,E6,C1,true,true,false,false
cursorvault_base,cursorvault,base,true,R4,qwen3.7-max,1,E1,D1,true,true,false,false
cursorvault_base,cursorvault,base,true,R4,qwen3.7-max,1,E1,R1,true,false,true,false
cursorvault_base,cursorvault,base,true,R4,qwen3.7-max,1,E1,R2,true,true,false,false
cursorvault_base,cursorvault,base,true,R4,qwen3.7-max,1,E1,R4,true,true,false,false
cursorvault_base,cursorvault,base,true,R4,qwen3.7-max,1,E1,R5,true,true,false,false
cursorvault_base,cursorvault,base,true,R4,qwen3.7-max,1,E2,R4,true,true,false,false
cursorvault_base,cursorvault,base,true,R4,qwen3.7-max,1,E2,R5,true,true,false,false
cursorvault_base,cursorvault,base,true,R4,qwen3.7-max,1,E3,R3,true,true,false,false
cursorvault_base,cursorvault,base,true,R4,qwen3.7-max,1,E3,X1,true,true,false,false
cursorvault_base,cursorvault,base,true,R4,qwen3.7-max,1,E4,R6,true,true,false,false
cursorvault_base,cursorvault,base,true,R4,qwen3.7-max,1,E5,R4,true,true,false,false
cursorvault_base,cursorvault,base,true,R4,qwen3.7-max,1,E5,X2,true,true,false,false
cursorvault_base,cursorvault,base,true,R4,qwen3.7-max,1,E6,C1,true,true,false,false
cursorvault_base,cursorvault,base,true,R4,qwen3.7-max,2,E1,D1,true,true,false,false
cursorvault_base,cursorvault,base,true,R4,qwen3.7-max,2,E1,R1,true,false,true,false
cursorvault_base,cursorvault,base,true,R4,qwen3.7-max,2,E1,R2,true,true,false,false
cursorvault_base,cursorvault,base,true,R4,qwen3.7-max,2,E1,R4,true,true,false,false
cursorvault_base,cursorvault,base,true,R4,qwen3.7-max,2,E1,R5,true,true,false,false
cursorvault_base,cursorvault,base,true,R4,qwen3.7-max,2,E2,R4,true,true,false,false
cursorvault_base,cursorvault,base,true,R4,qwen3.7-max,2,E2,R5,true,true,false,false
cursorvault_base,cursorvault,base,true,R4,qwen3.7-max,2,E3,R3,true,true,false,false
cursorvault_base,cursorvault,base,true,R4,qwen3.7-max,2,E3,X1,true,true,false,false
cursorvault_base,cursorvault,base,true,R4,qwen3.7-max,2,E4,R6,true,true,false,false
cursorvault_base,cursorvault,base,true,R4,qwen3.7-max,2,E5,R4,true,true,false,false
cursorvault_base,cursorvault,base,true,R4,qwen3.7-max,2,E5,X2,true,true,false,false
cursorvault_base,cursorvault,base,true,R4,qwen3.7-max,2,E6,C1,true,true,false,false
cursorvault_base,cursorvault,base,true,R4,qwen3.7-max,3,E1,D1,true,true,false,false
cursorvault_base,cursorvault,base,true,R4,qwen3.7-max,3,E1,R1,true,false,true,false
cursorvault_base,cursorvault,base,true,R4,qwen3.7-max,3,E1,R2,true,true,false,false
cursorvault_base,cursorvault,base,true,R4,qwen3.7-max,3,E1,R4,true,true,false,false
cursorvault_base,cursorvault,base,true,R4,qwen3.7-max,3,E1,R5,true,true,false,false
cursorvault_base,cursorvault,base,true,R4,qwen3.7-max,3,E2,R4,true,true,false,false
cursorvault_base,cursorvault,base,true,R4,qwen3.7-max,3,E2,R5,true,true,false,false
cursorvault_base,cursorvault,base,true,R4,qwen3.7-max,3,E3,R3,true,true,false,false
cursorvault_base,cursorvault,base,true,R4,qwen3.7-max,3,E3,X1,true,true,false,false
cursorvault_base,cursorvault,base,true,R4,qwen3.7-max,3,E4,R6,true,true,false,false
cursorvault_base,cursorvault,base,true,R4,qwen3.7-max,3,E5,R4,true,true,false,false
cursorvault_base,cursorvault,base,true,R4,qwen3.7-max,3,E5,X2,true,true,false,false
cursorvault_base,cursorvault,base,true,R4,qwen3.7-max,3,E6,C1,true,true,false,false
cursorvault_inclusive,cursorvault,inclusive,false,R4,glm-5.2,1,E1,D1,true,true,false,false
cursorvault_inclusive,cursorvault,inclusive,false,R4,glm-5.2,1,E1,R1,true,false,true,false
cursorvault_inclusive,cursorvault,inclusive,false,R4,glm-5.2,1,E1,R2,true,true,false,false
cursorvault_inclusive,cursorvault,inclusive,false,R4,glm-5.2,1,E1,R4,true,true,false,false
cursorvault_inclusive,cursorvault,inclusive,false,R4,glm-5.2,1,E1,R5,true,true,false,false
cursorvault_inclusive,cursorvault,inclusive,false,R4,glm-5.2,1,E2,R4,true,true,false,false
cursorvault_inclusive,cursorvault,inclusive,false,R4,glm-5.2,1,E2,R5,true,true,false,false
cursorvault_inclusive,cursorvault,inclusive,false,R4,glm-5.2,1,E3,R3,true,true,false,false
cursorvault_inclusive,cursorvault,inclusive,false,R4,glm-5.2,1,E3,X1,true,true,false,false
cursorvault_inclusive,cursorvault,inclusive,false,R4,glm-5.2,1,E4,R6,true,true,false,false
cursorvault_inclusive,cursorvault,inclusive,false,R4,glm-5.2,1,E5,R4,true,true,false,false
cursorvault_inclusive,cursorvault,inclusive,false,R4,glm-5.2,1,E5,X2,true,true,false,false
cursorvault_inclusive,cursorvault,inclusive,false,R4,glm-5.2,1,E6,C1,true,true,false,false
cursorvault_inclusive,cursorvault,inclusive,false,R4,glm-5.2,2,E1,D1,true,true,false,false
cursorvault_inclusive,cursorvault,inclusive,false,R4,glm-5.2,2,E1,R1,true,false,true,false
cursorvault_inclusive,cursorvault,inclusive,false,R4,glm-5.2,2,E1,R2,true,true,false,false
cursorvault_inclusive,cursorvault,inclusive,false,R4,glm-5.2,2,E1,R4,true,true,false,false
cursorvault_inclusive,cursorvault,inclusive,false,R4,glm-5.2,2,E1,R5,true,true,false,false
cursorvault_inclusive,cursorvault,inclusive,false,R4,glm-5.2,2,E2,R4,true,true,false,false
cursorvault_inclusive,cursorvault,inclusive,false,R4,glm-5.2,2,E2,R5,true,true,false,false
cursorvault_inclusive,cursorvault,inclusive,false,R4,glm-5.2,2,E3,R3,true,true,false,false
cursorvault_inclusive,cursorvault,inclusive,false,R4,glm-5.2,2,E3,X1,true,true,false,false
cursorvault_inclusive,cursorvault,inclusive,false,R4,glm-5.2,2,E4,R6,true,true,false,false
cursorvault_inclusive,cursorvault,inclusive,false,R4,glm-5.2,2,E5,R4,true,true,false,false
cursorvault_inclusive,cursorvault,inclusive,false,R4,glm-5.2,2,E5,X2,true,true,false,false
cursorvault_inclusive,cursorvault,inclusive,false,R4,glm-5.2,2,E6,C1,true,true,false,false
cursorvault_inclusive,cursorvault,inclusive,false,R4,glm-5.2,3,E1,D1,true,true,false,false
cursorvault_inclusive,cursorvault,inclusive,false,R4,glm-5.2,3,E1,R1,true,false,true,false
cursorvault_inclusive,cursorvault,inclusive,false,R4,glm-5.2,3,E1,R2,true,true,false,false
cursorvault_inclusive,cursorvault,inclusive,false,R4,glm-5.2,3,E1,R4,true,true,false,false
cursorvault_inclusive,cursorvault,inclusive,false,R4,glm-5.2,3,E1,R5,true,true,false,false
cursorvault_inclusive,cursorvault,inclusive,false,R4,glm-5.2,3,E2,R4,true,true,false,false
cursorvault_inclusive,cursorvault,inclusive,false,R4,glm-5.2,3,E2,R5,true,true,false,false
cursorvault_inclusive,cursorvault,inclusive,false,R4,glm-5.2,3,E3,R3,true,true,false,false
cursorvault_inclusive,cursorvault,inclusive,false,R4,glm-5.2,3,E3,X1,true,true,false,false
cursorvault_inclusive,cursorvault,inclusive,false,R4,glm-5.2,3,E4,R6,true,true,false,false
cursorvault_inclusive,cursorvault,inclusive,false,R4,glm-5.2,3,E5,R4,true,true,false,false
cursorvault_inclusive,cursorvault,inclusive,false,R4,glm-5.2,3,E5,X2,true,true,false,false
cursorvault_inclusive,cursorvault,inclusive,false,R4,glm-5.2,3,E6,C1,true,true,false,false
cursorvault_inclusive,cursorvault,inclusive,false,R4,minimax-m3,1,E1,D1,true,true,false,false
cursorvault_inclusive,cursorvault,inclusive,false,R4,minimax-m3,1,E1,R1,true,false,true,false
cursorvault_inclusive,cursorvault,inclusive,false,R4,minimax-m3,1,E1,R2,true,true,false,false
cursorvault_inclusive,cursorvault,inclusive,false,R4,minimax-m3,1,E1,R4,true,true,false,false
cursorvault_inclusive,cursorvault,inclusive,false,R4,minimax-m3,1,E1,R5,true,true,false,false
cursorvault_inclusive,cursorvault,inclusive,false,R4,minimax-m3,1,E2,R4,true,true,false,false
cursorvault_inclusive,cursorvault,inclusive,false,R4,minimax-m3,1,E2,R5,true,true,false,false
cursorvault_inclusive,cursorvault,inclusive,false,R4,minimax-m3,1,E3,R3,true,true,false,false
cursorvault_inclusive,cursorvault,inclusive,false,R4,minimax-m3,1,E3,X1,true,true,false,false
cursorvault_inclusive,cursorvault,inclusive,false,R4,minimax-m3,1,E4,R6,true,true,false,false
cursorvault_inclusive,cursorvault,inclusive,false,R4,minimax-m3,1,E5,R4,true,true,false,false
cursorvault_inclusive,cursorvault,inclusive,false,R4,minimax-m3,1,E5,X2,true,true,false,false
cursorvault_inclusive,cursorvault,inclusive,false,R4,minimax-m3,1,E6,C1,true,true,false,false
cursorvault_inclusive,cursorvault,inclusive,false,R4,minimax-m3,2,E1,D1,true,true,false,false
cursorvault_inclusive,cursorvault,inclusive,false,R4,minimax-m3,2,E1,R1,true,false,true,false
cursorvault_inclusive,cursorvault,inclusive,false,R4,minimax-m3,2,E1,R2,true,true,false,false
cursorvault_inclusive,cursorvault,inclusive,false,R4,minimax-m3,2,E1,R4,true,true,false,false
cursorvault_inclusive,cursorvault,inclusive,false,R4,minimax-m3,2,E1,R5,true,true,false,false
cursorvault_inclusive,cursorvault,inclusive,false,R4,minimax-m3,2,E2,R4,true,true,false,false
cursorvault_inclusive,cursorvault,inclusive,false,R4,minimax-m3,2,E2,R5,true,true,false,false
cursorvault_inclusive,cursorvault,inclusive,false,R4,minimax-m3,2,E3,R3,true,true,false,false
cursorvault_inclusive,cursorvault,inclusive,false,R4,minimax-m3,2,E3,X1,true,true,false,false
cursorvault_inclusive,cursorvault,inclusive,false,R4,minimax-m3,2,E4,R6,true,true,false,false
cursorvault_inclusive,cursorvault,inclusive,false,R4,minimax-m3,2,E5,R4,true,true,false,false
cursorvault_inclusive,cursorvault,inclusive,false,R4,minimax-m3,2,E5,X2,true,true,false,false
cursorvault_inclusive,cursorvault,inclusive,false,R4,minimax-m3,2,E6,C1,true,true,false,false
cursorvault_inclusive,cursorvault,inclusive,false,R4,minimax-m3,3,E1,D1,true,true,false,false
cursorvault_inclusive,cursorvault,inclusive,false,R4,minimax-m3,3,E1,R1,true,false,true,false
cursorvault_inclusive,cursorvault,inclusive,false,R4,minimax-m3,3,E1,R2,true,true,false,false
cursorvault_inclusive,cursorvault,inclusive,false,R4,minimax-m3,3,E1,R4,true,true,false,false
cursorvault_inclusive,cursorvault,inclusive,false,R4,minimax-m3,3,E1,R5,true,true,false,false
cursorvault_inclusive,cursorvault,inclusive,false,R4,minimax-m3,3,E2,R4,true,true,false,false
cursorvault_inclusive,cursorvault,inclusive,false,R4,minimax-m3,3,E2,R5,true,true,false,false
cursorvault_inclusive,cursorvault,inclusive,false,R4,minimax-m3,3,E3,R3,true,true,false,false
cursorvault_inclusive,cursorvault,inclusive,false,R4,minimax-m3,3,E3,X1,true,true,false,false
cursorvault_inclusive,cursorvault,inclusive,false,R4,minimax-m3,3,E4,R6,true,true,false,false
cursorvault_inclusive,cursorvault,inclusive,false,R4,minimax-m3,3,E5,R4,true,true,false,false
cursorvault_inclusive,cursorvault,inclusive,false,R4,minimax-m3,3,E5,X2,true,true,false,false
cursorvault_inclusive,cursorvault,inclusive,false,R4,minimax-m3,3,E6,C1,true,true,false,false
cursorvault_inclusive,cursorvault,inclusive,false,R4,qwen3.7-max,1,E1,D1,true,true,false,false
cursorvault_inclusive,cursorvault,inclusive,false,R4,qwen3.7-max,1,E1,R1,true,false,true,false
cursorvault_inclusive,cursorvault,inclusive,false,R4,qwen3.7-max,1,E1,R2,true,true,false,false
cursorvault_inclusive,cursorvault,inclusive,false,R4,qwen3.7-max,1,E1,R4,true,true,false,false
cursorvault_inclusive,cursorvault,inclusive,false,R4,qwen3.7-max,1,E1,R5,true,true,false,false
cursorvault_inclusive,cursorvault,inclusive,false,R4,qwen3.7-max,1,E2,R4,true,true,false,false
cursorvault_inclusive,cursorvault,inclusive,false,R4,qwen3.7-max,1,E2,R5,true,true,false,false
cursorvault_inclusive,cursorvault,inclusive,false,R4,qwen3.7-max,1,E3,R3,true,true,false,false
cursorvault_inclusive,cursorvault,inclusive,false,R4,qwen3.7-max,1,E3,X1,true,true,false,false
cursorvault_inclusive,cursorvault,inclusive,false,R4,qwen3.7-max,1,E4,R6,true,true,false,false
cursorvault_inclusive,cursorvault,inclusive,false,R4,qwen3.7-max,1,E5,R4,true,true,false,false
cursorvault_inclusive,cursorvault,inclusive,false,R4,qwen3.7-max,1,E5,X2,true,true,false,false
cursorvault_inclusive,cursorvault,inclusive,false,R4,qwen3.7-max,1,E6,C1,true,true,false,false
cursorvault_inclusive,cursorvault,inclusive,false,R4,qwen3.7-max,2,E1,D1,true,true,false,false
cursorvault_inclusive,cursorvault,inclusive,false,R4,qwen3.7-max,2,E1,R1,true,false,true,false
cursorvault_inclusive,cursorvault,inclusive,false,R4,qwen3.7-max,2,E1,R2,true,true,false,false
cursorvault_inclusive,cursorvault,inclusive,false,R4,qwen3.7-max,2,E1,R4,true,true,false,false
cursorvault_inclusive,cursorvault,inclusive,false,R4,qwen3.7-max,2,E1,R5,true,true,false,false
cursorvault_inclusive,cursorvault,inclusive,false,R4,qwen3.7-max,2,E2,R4,true,true,false,false
cursorvault_inclusive,cursorvault,inclusive,false,R4,qwen3.7-max,2,E2,R5,true,true,false,false
cursorvault_inclusive,cursorvault,inclusive,false,R4,qwen3.7-max,2,E3,R3,true,true,false,false
cursorvault_inclusive,cursorvault,inclusive,false,R4,qwen3.7-max,2,E3,X1,true,true,false,false
cursorvault_inclusive,cursorvault,inclusive,false,R4,qwen3.7-max,2,E4,R6,true,true,false,false
cursorvault_inclusive,cursorvault,inclusive,false,R4,qwen3.7-max,2,E5,R4,true,true,false,false
cursorvault_inclusive,cursorvault,inclusive,false,R4,qwen3.7-max,2,E5,X2,true,true,false,false
cursorvault_inclusive,cursorvault,inclusive,false,R4,qwen3.7-max,2,E6,C1,true,true,false,false
cursorvault_inclusive,cursorvault,inclusive,false,R4,qwen3.7-max,3,E1,D1,true,true,false,false
cursorvault_inclusive,cursorvault,inclusive,false,R4,qwen3.7-max,3,E1,R1,true,false,true,false
cursorvault_inclusive,cursorvault,inclusive,false,R4,qwen3.7-max,3,E1,R2,true,true,false,false
cursorvault_inclusive,cursorvault,inclusive,false,R4,qwen3.7-max,3,E1,R4,true,true,false,false
cursorvault_inclusive,cursorvault,inclusive,false,R4,qwen3.7-max,3,E1,R5,true,true,false,false
cursorvault_inclusive,cursorvault,inclusive,false,R4,qwen3.7-max,3,E2,R4,true,true,false,false
cursorvault_inclusive,cursorvault,inclusive,false,R4,qwen3.7-max,3,E2,R5,true,true,false,false
cursorvault_inclusive,cursorvault,inclusive,false,R4,qwen3.7-max,3,E3,R3,true,true,false,false
cursorvault_inclusive,cursorvault,inclusive,false,R4,qwen3.7-max,3,E3,X1,true,true,false,false
cursorvault_inclusive,cursorvault,inclusive,false,R4,qwen3.7-max,3,E4,R6,true,true,false,false
cursorvault_inclusive,cursorvault,inclusive,false,R4,qwen3.7-max,3,E5,R4,true,true,false,false
cursorvault_inclusive,cursorvault,inclusive,false,R4,qwen3.7-max,3,E5,X2,true,true,false,false
cursorvault_inclusive,cursorvault,inclusive,false,R4,qwen3.7-max,3,E6,C1,true,true,false,false
cursorvault_offset,cursorvault,offset,false,R4,glm-5.2,1,E1,D1,true,true,false,false
cursorvault_offset,cursorvault,offset,false,R4,glm-5.2,1,E1,R1,true,false,true,false
cursorvault_offset,cursorvault,offset,false,R4,glm-5.2,1,E1,R2,true,true,false,false
cursorvault_offset,cursorvault,offset,false,R4,glm-5.2,1,E1,R4,true,true,false,false
cursorvault_offset,cursorvault,offset,false,R4,glm-5.2,1,E1,R5,true,true,false,false
cursorvault_offset,cursorvault,offset,false,R4,glm-5.2,1,E2,R4,true,true,false,false
cursorvault_offset,cursorvault,offset,false,R4,glm-5.2,1,E2,R5,true,true,false,false
cursorvault_offset,cursorvault,offset,false,R4,glm-5.2,1,E3,R3,true,true,false,false
cursorvault_offset,cursorvault,offset,false,R4,glm-5.2,1,E3,X1,true,true,false,false
cursorvault_offset,cursorvault,offset,false,R4,glm-5.2,1,E4,R6,true,true,false,false
cursorvault_offset,cursorvault,offset,false,R4,glm-5.2,1,E5,R4,true,true,false,false
cursorvault_offset,cursorvault,offset,false,R4,glm-5.2,1,E5,X2,true,true,false,false
cursorvault_offset,cursorvault,offset,false,R4,glm-5.2,1,E6,C1,true,true,false,false
cursorvault_offset,cursorvault,offset,false,R4,glm-5.2,2,E1,D1,true,true,false,false
cursorvault_offset,cursorvault,offset,false,R4,glm-5.2,2,E1,R1,true,false,true,false
cursorvault_offset,cursorvault,offset,false,R4,glm-5.2,2,E1,R2,true,true,false,false
cursorvault_offset,cursorvault,offset,false,R4,glm-5.2,2,E1,R4,true,true,false,false
cursorvault_offset,cursorvault,offset,false,R4,glm-5.2,2,E1,R5,true,true,false,false
cursorvault_offset,cursorvault,offset,false,R4,glm-5.2,2,E2,R4,true,true,false,false
cursorvault_offset,cursorvault,offset,false,R4,glm-5.2,2,E2,R5,true,true,false,false
cursorvault_offset,cursorvault,offset,false,R4,glm-5.2,2,E3,R3,true,true,false,false
cursorvault_offset,cursorvault,offset,false,R4,glm-5.2,2,E3,X1,true,true,false,false
cursorvault_offset,cursorvault,offset,false,R4,glm-5.2,2,E4,R6,true,true,false,false
cursorvault_offset,cursorvault,offset,false,R4,glm-5.2,2,E5,R4,true,true,false,false
cursorvault_offset,cursorvault,offset,false,R4,glm-5.2,2,E5,X2,true,true,false,false
cursorvault_offset,cursorvault,offset,false,R4,glm-5.2,2,E6,C1,true,true,false,false
cursorvault_offset,cursorvault,offset,false,R4,glm-5.2,3,E1,D1,true,true,false,false
cursorvault_offset,cursorvault,offset,false,R4,glm-5.2,3,E1,R1,true,false,true,false
cursorvault_offset,cursorvault,offset,false,R4,glm-5.2,3,E1,R2,true,true,false,false
cursorvault_offset,cursorvault,offset,false,R4,glm-5.2,3,E1,R4,true,true,false,false
cursorvault_offset,cursorvault,offset,false,R4,glm-5.2,3,E1,R5,true,true,false,false
cursorvault_offset,cursorvault,offset,false,R4,glm-5.2,3,E2,R4,true,true,false,false
cursorvault_offset,cursorvault,offset,false,R4,glm-5.2,3,E2,R5,true,true,false,false
cursorvault_offset,cursorvault,offset,false,R4,glm-5.2,3,E3,R3,true,true,false,false
cursorvault_offset,cursorvault,offset,false,R4,glm-5.2,3,E3,X1,true,true,false,false
cursorvault_offset,cursorvault,offset,false,R4,glm-5.2,3,E4,R6,true,true,false,false
cursorvault_offset,cursorvault,offset,false,R4,glm-5.2,3,E5,R4,true,true,false,false
cursorvault_offset,cursorvault,offset,false,R4,glm-5.2,3,E5,X2,true,true,false,false
cursorvault_offset,cursorvault,offset,false,R4,glm-5.2,3,E6,C1,true,true,false,false
cursorvault_offset,cursorvault,offset,false,R4,minimax-m3,1,E1,D1,true,true,false,false
cursorvault_offset,cursorvault,offset,false,R4,minimax-m3,1,E1,R1,true,false,true,false
cursorvault_offset,cursorvault,offset,false,R4,minimax-m3,1,E1,R2,true,true,false,false
cursorvault_offset,cursorvault,offset,false,R4,minimax-m3,1,E1,R4,true,true,false,false
cursorvault_offset,cursorvault,offset,false,R4,minimax-m3,1,E1,R5,true,true,false,false
cursorvault_offset,cursorvault,offset,false,R4,minimax-m3,1,E2,R4,true,true,false,false
cursorvault_offset,cursorvault,offset,false,R4,minimax-m3,1,E2,R5,true,true,false,false
cursorvault_offset,cursorvault,offset,false,R4,minimax-m3,1,E3,R3,true,true,false,false
cursorvault_offset,cursorvault,offset,false,R4,minimax-m3,1,E3,X1,true,true,false,false
cursorvault_offset,cursorvault,offset,false,R4,minimax-m3,1,E4,R6,true,true,false,false
cursorvault_offset,cursorvault,offset,false,R4,minimax-m3,1,E5,R4,true,true,false,false
cursorvault_offset,cursorvault,offset,false,R4,minimax-m3,1,E5,X2,true,true,false,false
cursorvault_offset,cursorvault,offset,false,R4,minimax-m3,1,E6,C1,true,true,false,false
cursorvault_offset,cursorvault,offset,false,R4,minimax-m3,2,E1,D1,true,true,false,false
cursorvault_offset,cursorvault,offset,false,R4,minimax-m3,2,E1,R1,true,false,true,false
cursorvault_offset,cursorvault,offset,false,R4,minimax-m3,2,E1,R2,true,true,false,false
cursorvault_offset,cursorvault,offset,false,R4,minimax-m3,2,E1,R4,true,true,false,false
cursorvault_offset,cursorvault,offset,false,R4,minimax-m3,2,E1,R5,true,true,false,false
cursorvault_offset,cursorvault,offset,false,R4,minimax-m3,2,E2,R4,true,true,false,false
cursorvault_offset,cursorvault,offset,false,R4,minimax-m3,2,E2,R5,true,true,false,false
cursorvault_offset,cursorvault,offset,false,R4,minimax-m3,2,E3,R3,true,true,false,false
cursorvault_offset,cursorvault,offset,false,R4,minimax-m3,2,E3,X1,true,true,false,false
cursorvault_offset,cursorvault,offset,false,R4,minimax-m3,2,E4,R6,true,true,false,false
cursorvault_offset,cursorvault,offset,false,R4,minimax-m3,2,E5,R4,true,true,false,false
cursorvault_offset,cursorvault,offset,false,R4,minimax-m3,2,E5,X2,true,true,false,false
cursorvault_offset,cursorvault,offset,false,R4,minimax-m3,2,E6,C1,true,true,false,false
cursorvault_offset,cursorvault,offset,false,R4,minimax-m3,3,E1,D1,true,true,false,false
cursorvault_offset,cursorvault,offset,false,R4,minimax-m3,3,E1,R1,true,false,true,false
cursorvault_offset,cursorvault,offset,false,R4,minimax-m3,3,E1,R2,true,true,false,false
cursorvault_offset,cursorvault,offset,false,R4,minimax-m3,3,E1,R4,true,true,false,false
cursorvault_offset,cursorvault,offset,false,R4,minimax-m3,3,E1,R5,true,true,false,false
cursorvault_offset,cursorvault,offset,false,R4,minimax-m3,3,E2,R4,true,true,false,false
cursorvault_offset,cursorvault,offset,false,R4,minimax-m3,3,E2,R5,true,true,false,false
cursorvault_offset,cursorvault,offset,false,R4,minimax-m3,3,E3,R3,true,true,false,false
cursorvault_offset,cursorvault,offset,false,R4,minimax-m3,3,E3,X1,true,true,false,false
cursorvault_offset,cursorvault,offset,false,R4,minimax-m3,3,E4,R6,true,true,false,false
cursorvault_offset,cursorvault,offset,false,R4,minimax-m3,3,E5,R4,true,true,false,false
cursorvault_offset,cursorvault,offset,false,R4,minimax-m3,3,E5,X2,true,true,false,false
cursorvault_offset,cursorvault,offset,false,R4,minimax-m3,3,E6,C1,true,true,false,false
cursorvault_offset,cursorvault,offset,false,R4,qwen3.7-max,1,E1,D1,true,true,false,false
cursorvault_offset,cursorvault,offset,false,R4,qwen3.7-max,1,E1,R1,true,false,true,false
cursorvault_offset,cursorvault,offset,false,R4,qwen3.7-max,1,E1,R2,true,true,false,false
cursorvault_offset,cursorvault,offset,false,R4,qwen3.7-max,1,E1,R4,true,true,false,false
cursorvault_offset,cursorvault,offset,false,R4,qwen3.7-max,1,E1,R5,true,true,false,false
cursorvault_offset,cursorvault,offset,false,R4,qwen3.7-max,1,E2,R4,true,true,false,false
cursorvault_offset,cursorvault,offset,false,R4,qwen3.7-max,1,E2,R5,true,true,false,false
cursorvault_offset,cursorvault,offset,false,R4,qwen3.7-max,1,E3,R3,true,true,false,false
cursorvault_offset,cursorvault,offset,false,R4,qwen3.7-max,1,E3,X1,true,true,false,false
cursorvault_offset,cursorvault,offset,false,R4,qwen3.7-max,1,E4,R6,true,true,false,false
cursorvault_offset,cursorvault,offset,false,R4,qwen3.7-max,1,E5,R4,true,true,false,false
cursorvault_offset,cursorvault,offset,false,R4,qwen3.7-max,1,E5,X2,true,true,false,false
cursorvault_offset,cursorvault,offset,false,R4,qwen3.7-max,1,E6,C1,true,true,false,false
cursorvault_offset,cursorvault,offset,false,R4,qwen3.7-max,2,E1,D1,true,true,false,false
cursorvault_offset,cursorvault,offset,false,R4,qwen3.7-max,2,E1,R1,true,false,true,false
cursorvault_offset,cursorvault,offset,false,R4,qwen3.7-max,2,E1,R2,true,true,false,false
cursorvault_offset,cursorvault,offset,false,R4,qwen3.7-max,2,E1,R4,true,true,false,false
cursorvault_offset,cursorvault,offset,false,R4,qwen3.7-max,2,E1,R5,true,true,false,false
cursorvault_offset,cursorvault,offset,false,R4,qwen3.7-max,2,E2,R4,true,true,false,false
cursorvault_offset,cursorvault,offset,false,R4,qwen3.7-max,2,E2,R5,true,true,false,false
cursorvault_offset,cursorvault,offset,false,R4,qwen3.7-max,2,E3,R3,true,true,false,false
cursorvault_offset,cursorvault,offset,false,R4,qwen3.7-max,2,E3,X1,true,true,false,false
cursorvault_offset,cursorvault,offset,false,R4,qwen3.7-max,2,E4,R6,true,true,false,false
cursorvault_offset,cursorvault,offset,false,R4,qwen3.7-max,2,E5,R4,true,true,false,false
cursorvault_offset,cursorvault,offset,false,R4,qwen3.7-max,2,E5,X2,true,true,false,false
cursorvault_offset,cursorvault,offset,false,R4,qwen3.7-max,2,E6,C1,true,true,false,false
cursorvault_offset,cursorvault,offset,false,R4,qwen3.7-max,3,E1,D1,true,true,false,false
cursorvault_offset,cursorvault,offset,false,R4,qwen3.7-max,3,E1,R1,true,false,true,false
cursorvault_offset,cursorvault,offset,false,R4,qwen3.7-max,3,E1,R2,true,true,false,false
cursorvault_offset,cursorvault,offset,false,R4,qwen3.7-max,3,E1,R4,true,true,false,false
cursorvault_offset,cursorvault,offset,false,R4,qwen3.7-max,3,E1,R5,true,true,false,false
cursorvault_offset,cursorvault,offset,false,R4,qwen3.7-max,3,E2,R4,true,true,false,false
cursorvault_offset,cursorvault,offset,false,R4,qwen3.7-max,3,E2,R5,true,true,false,false
cursorvault_offset,cursorvault,offset,false,R4,qwen3.7-max,3,E3,R3,true,true,false,false
cursorvault_offset,cursorvault,offset,false,R4,qwen3.7-max,3,E3,X1,true,true,false,false
cursorvault_offset,cursorvault,offset,false,R4,qwen3.7-max,3,E4,R6,true,true,false,false
cursorvault_offset,cursorvault,offset,false,R4,qwen3.7-max,3,E5,R4,true,true,false,false
cursorvault_offset,cursorvault,offset,false,R4,qwen3.7-max,3,E5,X2,true,true,false,false
cursorvault_offset,cursorvault,offset,false,R4,qwen3.7-max,3,E6,C1,true,true,false,false
detreport_base,detreport,base,true,R5,glm-5.2,1,E1,C1,true,true,false,false
detreport_base,detreport,base,true,R5,glm-5.2,1,E1,D1,true,true,false,false
detreport_base,detreport,base,true,R5,glm-5.2,1,E1,R1,true,false,true,false
detreport_base,detreport,base,true,R5,glm-5.2,1,E1,R3,true,true,false,false
detreport_base,detreport,base,true,R5,glm-5.2,1,E1,R4,true,true,false,false
detreport_base,detreport,base,true,R5,glm-5.2,1,E1,R6,true,true,false,false
detreport_base,detreport,base,true,R5,glm-5.2,1,E2,R5,true,true,false,false
detreport_base,detreport,base,true,R5,glm-5.2,1,E3,R4,true,true,false,false
detreport_base,detreport,base,true,R5,glm-5.2,1,E4,R2,true,true,false,false
detreport_base,detreport,base,true,R5,glm-5.2,1,E4,X1,true,true,false,false
detreport_base,detreport,base,true,R5,glm-5.2,1,E5,R6,true,true,false,false
detreport_base,detreport,base,true,R5,glm-5.2,1,E5,S1,true,true,false,false
detreport_base,detreport,base,true,R5,glm-5.2,1,E6,R7,true,true,false,false
detreport_base,detreport,base,true,R5,glm-5.2,1,E7,C1,true,true,false,false
detreport_base,detreport,base,true,R5,glm-5.2,2,E1,C1,true,true,false,false
detreport_base,detreport,base,true,R5,glm-5.2,2,E1,D1,true,true,false,false
detreport_base,detreport,base,true,R5,glm-5.2,2,E1,R1,true,false,true,false
detreport_base,detreport,base,true,R5,glm-5.2,2,E1,R3,true,true,false,false
detreport_base,detreport,base,true,R5,glm-5.2,2,E1,R4,true,true,false,false
detreport_base,detreport,base,true,R5,glm-5.2,2,E1,R6,true,true,false,false
detreport_base,detreport,base,true,R5,glm-5.2,2,E2,R5,true,true,false,false
detreport_base,detreport,base,true,R5,glm-5.2,2,E3,R4,true,true,false,false
detreport_base,detreport,base,true,R5,glm-5.2,2,E4,R2,true,true,false,false
detreport_base,detreport,base,true,R5,glm-5.2,2,E4,X1,true,true,false,false
detreport_base,detreport,base,true,R5,glm-5.2,2,E5,R6,true,true,false,false
detreport_base,detreport,base,true,R5,glm-5.2,2,E5,S1,true,true,false,false
detreport_base,detreport,base,true,R5,glm-5.2,2,E6,R7,true,true,false,false
detreport_base,detreport,base,true,R5,glm-5.2,2,E7,C1,true,true,false,false
detreport_base,detreport,base,true,R5,glm-5.2,3,E1,C1,true,true,false,false
detreport_base,detreport,base,true,R5,glm-5.2,3,E1,D1,true,true,false,false
detreport_base,detreport,base,true,R5,glm-5.2,3,E1,R1,true,false,true,false
detreport_base,detreport,base,true,R5,glm-5.2,3,E1,R3,true,true,false,false
detreport_base,detreport,base,true,R5,glm-5.2,3,E1,R4,true,true,false,false
detreport_base,detreport,base,true,R5,glm-5.2,3,E1,R6,true,true,false,false
detreport_base,detreport,base,true,R5,glm-5.2,3,E2,R5,true,true,false,false
detreport_base,detreport,base,true,R5,glm-5.2,3,E3,R4,true,true,false,false
detreport_base,detreport,base,true,R5,glm-5.2,3,E4,R2,true,true,false,false
detreport_base,detreport,base,true,R5,glm-5.2,3,E4,X1,true,true,false,false
detreport_base,detreport,base,true,R5,glm-5.2,3,E5,R6,true,true,false,false
detreport_base,detreport,base,true,R5,glm-5.2,3,E5,S1,true,true,false,false
detreport_base,detreport,base,true,R5,glm-5.2,3,E6,R7,true,true,false,false
detreport_base,detreport,base,true,R5,glm-5.2,3,E7,C1,true,true,false,false
detreport_base,detreport,base,true,R5,minimax-m3,1,E1,C1,true,true,false,false
detreport_base,detreport,base,true,R5,minimax-m3,1,E1,D1,true,true,false,false
detreport_base,detreport,base,true,R5,minimax-m3,1,E1,R1,true,true,false,false
detreport_base,detreport,base,true,R5,minimax-m3,1,E1,R3,true,true,false,false
detreport_base,detreport,base,true,R5,minimax-m3,1,E1,R4,true,true,false,false
detreport_base,detreport,base,true,R5,minimax-m3,1,E1,R6,true,true,false,false
detreport_base,detreport,base,true,R5,minimax-m3,1,E2,R5,true,true,false,false
detreport_base,detreport,base,true,R5,minimax-m3,1,E3,R4,true,true,false,false
detreport_base,detreport,base,true,R5,minimax-m3,1,E4,R2,true,true,false,false
detreport_base,detreport,base,true,R5,minimax-m3,1,E4,X1,true,true,false,false
detreport_base,detreport,base,true,R5,minimax-m3,1,E5,R6,true,true,false,false
detreport_base,detreport,base,true,R5,minimax-m3,1,E5,S1,true,true,false,false
detreport_base,detreport,base,true,R5,minimax-m3,1,E6,R7,true,true,false,false
detreport_base,detreport,base,true,R5,minimax-m3,1,E7,C1,true,true,false,false
detreport_base,detreport,base,true,R5,minimax-m3,2,E1,C1,true,true,false,false
detreport_base,detreport,base,true,R5,minimax-m3,2,E1,D1,true,true,false,false
detreport_base,detreport,base,true,R5,minimax-m3,2,E1,R1,true,true,false,false
detreport_base,detreport,base,true,R5,minimax-m3,2,E1,R3,true,true,false,false
detreport_base,detreport,base,true,R5,minimax-m3,2,E1,R4,true,true,false,false
detreport_base,detreport,base,true,R5,minimax-m3,2,E1,R6,true,true,false,false
detreport_base,detreport,base,true,R5,minimax-m3,2,E2,R5,true,true,false,false
detreport_base,detreport,base,true,R5,minimax-m3,2,E3,R4,true,true,false,false
detreport_base,detreport,base,true,R5,minimax-m3,2,E4,R2,true,true,false,false
detreport_base,detreport,base,true,R5,minimax-m3,2,E4,X1,true,true,false,false
detreport_base,detreport,base,true,R5,minimax-m3,2,E5,R6,true,true,false,false
detreport_base,detreport,base,true,R5,minimax-m3,2,E5,S1,true,true,false,false
detreport_base,detreport,base,true,R5,minimax-m3,2,E6,R7,true,true,false,false
detreport_base,detreport,base,true,R5,minimax-m3,2,E7,C1,true,true,false,false
detreport_base,detreport,base,true,R5,minimax-m3,3,E1,C1,true,true,false,false
detreport_base,detreport,base,true,R5,minimax-m3,3,E1,D1,true,true,false,false
detreport_base,detreport,base,true,R5,minimax-m3,3,E1,R1,true,false,true,false
detreport_base,detreport,base,true,R5,minimax-m3,3,E1,R3,true,true,false,false
detreport_base,detreport,base,true,R5,minimax-m3,3,E1,R4,true,true,false,false
detreport_base,detreport,base,true,R5,minimax-m3,3,E1,R6,true,true,false,false
detreport_base,detreport,base,true,R5,minimax-m3,3,E2,R5,true,true,false,false
detreport_base,detreport,base,true,R5,minimax-m3,3,E3,R4,true,true,false,false
detreport_base,detreport,base,true,R5,minimax-m3,3,E4,R2,true,true,false,false
detreport_base,detreport,base,true,R5,minimax-m3,3,E4,X1,true,true,false,false
detreport_base,detreport,base,true,R5,minimax-m3,3,E5,R6,true,true,false,false
detreport_base,detreport,base,true,R5,minimax-m3,3,E5,S1,true,true,false,false
detreport_base,detreport,base,true,R5,minimax-m3,3,E6,R7,true,true,false,false
detreport_base,detreport,base,true,R5,minimax-m3,3,E7,C1,true,true,false,false
detreport_base,detreport,base,true,R5,qwen3.7-max,1,E1,C1,true,true,false,false
detreport_base,detreport,base,true,R5,qwen3.7-max,1,E1,D1,true,true,false,false
detreport_base,detreport,base,true,R5,qwen3.7-max,1,E1,R1,true,false,true,false
detreport_base,detreport,base,true,R5,qwen3.7-max,1,E1,R3,true,true,false,false
detreport_base,detreport,base,true,R5,qwen3.7-max,1,E1,R4,true,true,false,false
detreport_base,detreport,base,true,R5,qwen3.7-max,1,E1,R6,true,true,false,false
detreport_base,detreport,base,true,R5,qwen3.7-max,1,E2,R5,true,true,false,false
detreport_base,detreport,base,true,R5,qwen3.7-max,1,E3,R4,true,true,false,false
detreport_base,detreport,base,true,R5,qwen3.7-max,1,E4,R2,true,true,false,false
detreport_base,detreport,base,true,R5,qwen3.7-max,1,E4,X1,true,true,false,false
detreport_base,detreport,base,true,R5,qwen3.7-max,1,E5,R6,true,true,false,false
detreport_base,detreport,base,true,R5,qwen3.7-max,1,E5,S1,true,true,false,false
detreport_base,detreport,base,true,R5,qwen3.7-max,1,E6,R7,true,true,false,false
detreport_base,detreport,base,true,R5,qwen3.7-max,1,E7,C1,true,true,false,false
detreport_base,detreport,base,true,R5,qwen3.7-max,2,E1,C1,true,true,false,false
detreport_base,detreport,base,true,R5,qwen3.7-max,2,E1,D1,true,true,false,false
detreport_base,detreport,base,true,R5,qwen3.7-max,2,E1,R1,true,false,true,false
detreport_base,detreport,base,true,R5,qwen3.7-max,2,E1,R3,true,true,false,false
detreport_base,detreport,base,true,R5,qwen3.7-max,2,E1,R4,true,true,false,false
detreport_base,detreport,base,true,R5,qwen3.7-max,2,E1,R6,true,true,false,false
detreport_base,detreport,base,true,R5,qwen3.7-max,2,E2,R5,true,true,false,false
detreport_base,detreport,base,true,R5,qwen3.7-max,2,E3,R4,true,true,false,false
detreport_base,detreport,base,true,R5,qwen3.7-max,2,E4,R2,true,true,false,false
detreport_base,detreport,base,true,R5,qwen3.7-max,2,E4,X1,true,true,false,false
detreport_base,detreport,base,true,R5,qwen3.7-max,2,E5,R6,true,true,false,false
detreport_base,detreport,base,true,R5,qwen3.7-max,2,E5,S1,true,true,false,false
detreport_base,detreport,base,true,R5,qwen3.7-max,2,E6,R7,true,true,false,false
detreport_base,detreport,base,true,R5,qwen3.7-max,2,E7,C1,true,true,false,false
detreport_base,detreport,base,true,R5,qwen3.7-max,3,E1,C1,true,true,false,false
detreport_base,detreport,base,true,R5,qwen3.7-max,3,E1,D1,true,true,false,false
detreport_base,detreport,base,true,R5,qwen3.7-max,3,E1,R1,true,false,true,false
detreport_base,detreport,base,true,R5,qwen3.7-max,3,E1,R3,true,true,false,false
detreport_base,detreport,base,true,R5,qwen3.7-max,3,E1,R4,true,true,false,false
detreport_base,detreport,base,true,R5,qwen3.7-max,3,E1,R6,true,true,false,false
detreport_base,detreport,base,true,R5,qwen3.7-max,3,E2,R5,true,true,false,false
detreport_base,detreport,base,true,R5,qwen3.7-max,3,E3,R4,true,true,false,false
detreport_base,detreport,base,true,R5,qwen3.7-max,3,E4,R2,true,true,false,false
detreport_base,detreport,base,true,R5,qwen3.7-max,3,E4,X1,true,true,false,false
detreport_base,detreport,base,true,R5,qwen3.7-max,3,E5,R6,true,true,false,false
detreport_base,detreport,base,true,R5,qwen3.7-max,3,E5,S1,true,true,false,false
detreport_base,detreport,base,true,R5,qwen3.7-max,3,E6,R7,true,true,false,false
detreport_base,detreport,base,true,R5,qwen3.7-max,3,E7,C1,true,true,false,false
detreport_descending,detreport,descending,false,R5,glm-5.2,1,E1,C1,true,true,false,false
detreport_descending,detreport,descending,false,R5,glm-5.2,1,E1,D1,true,true,false,false
detreport_descending,detreport,descending,false,R5,glm-5.2,1,E1,R1,true,false,true,false
detreport_descending,detreport,descending,false,R5,glm-5.2,1,E1,R3,true,true,false,false
detreport_descending,detreport,descending,false,R5,glm-5.2,1,E1,R4,true,true,false,false
detreport_descending,detreport,descending,false,R5,glm-5.2,1,E1,R6,true,true,false,false
detreport_descending,detreport,descending,false,R5,glm-5.2,1,E2,R5,true,true,false,false
detreport_descending,detreport,descending,false,R5,glm-5.2,1,E3,R4,true,true,false,false
detreport_descending,detreport,descending,false,R5,glm-5.2,1,E4,R2,true,true,false,false
detreport_descending,detreport,descending,false,R5,glm-5.2,1,E4,X1,true,true,false,false
detreport_descending,detreport,descending,false,R5,glm-5.2,1,E5,R6,true,true,false,false
detreport_descending,detreport,descending,false,R5,glm-5.2,1,E5,S1,true,true,false,false
detreport_descending,detreport,descending,false,R5,glm-5.2,1,E6,R7,true,true,false,false
detreport_descending,detreport,descending,false,R5,glm-5.2,1,E7,C1,true,true,false,false
detreport_descending,detreport,descending,false,R5,glm-5.2,2,E1,C1,true,true,false,false
detreport_descending,detreport,descending,false,R5,glm-5.2,2,E1,D1,true,true,false,false
detreport_descending,detreport,descending,false,R5,glm-5.2,2,E1,R1,true,false,true,false
detreport_descending,detreport,descending,false,R5,glm-5.2,2,E1,R3,true,true,false,false
detreport_descending,detreport,descending,false,R5,glm-5.2,2,E1,R4,true,true,false,false
detreport_descending,detreport,descending,false,R5,glm-5.2,2,E1,R6,true,true,false,false
detreport_descending,detreport,descending,false,R5,glm-5.2,2,E2,R5,true,true,false,false
detreport_descending,detreport,descending,false,R5,glm-5.2,2,E3,R4,true,true,false,false
detreport_descending,detreport,descending,false,R5,glm-5.2,2,E4,R2,true,true,false,false
detreport_descending,detreport,descending,false,R5,glm-5.2,2,E4,X1,true,true,false,false
detreport_descending,detreport,descending,false,R5,glm-5.2,2,E5,R6,true,true,false,false
detreport_descending,detreport,descending,false,R5,glm-5.2,2,E5,S1,true,true,false,false
detreport_descending,detreport,descending,false,R5,glm-5.2,2,E6,R7,true,true,false,false
detreport_descending,detreport,descending,false,R5,glm-5.2,2,E7,C1,true,true,false,false
detreport_descending,detreport,descending,false,R5,glm-5.2,3,E1,C1,true,true,false,false
detreport_descending,detreport,descending,false,R5,glm-5.2,3,E1,D1,true,true,false,false
detreport_descending,detreport,descending,false,R5,glm-5.2,3,E1,R1,true,false,true,false
detreport_descending,detreport,descending,false,R5,glm-5.2,3,E1,R3,true,true,false,false
detreport_descending,detreport,descending,false,R5,glm-5.2,3,E1,R4,true,true,false,false
detreport_descending,detreport,descending,false,R5,glm-5.2,3,E1,R6,true,true,false,false
detreport_descending,detreport,descending,false,R5,glm-5.2,3,E2,R5,true,true,false,false
detreport_descending,detreport,descending,false,R5,glm-5.2,3,E3,R4,true,true,false,false
detreport_descending,detreport,descending,false,R5,glm-5.2,3,E4,R2,true,true,false,false
detreport_descending,detreport,descending,false,R5,glm-5.2,3,E4,X1,true,true,false,false
detreport_descending,detreport,descending,false,R5,glm-5.2,3,E5,R6,true,true,false,false
detreport_descending,detreport,descending,false,R5,glm-5.2,3,E5,S1,true,true,false,false
detreport_descending,detreport,descending,false,R5,glm-5.2,3,E6,R7,true,true,false,false
detreport_descending,detreport,descending,false,R5,glm-5.2,3,E7,C1,true,true,false,false
detreport_descending,detreport,descending,false,R5,minimax-m3,1,E1,C1,true,true,false,false
detreport_descending,detreport,descending,false,R5,minimax-m3,1,E1,D1,true,true,false,false
detreport_descending,detreport,descending,false,R5,minimax-m3,1,E1,R1,true,false,true,false
detreport_descending,detreport,descending,false,R5,minimax-m3,1,E1,R3,true,true,false,false
detreport_descending,detreport,descending,false,R5,minimax-m3,1,E1,R4,true,true,false,false
detreport_descending,detreport,descending,false,R5,minimax-m3,1,E1,R6,true,true,false,false
detreport_descending,detreport,descending,false,R5,minimax-m3,1,E2,R5,true,true,false,false
detreport_descending,detreport,descending,false,R5,minimax-m3,1,E3,R4,true,true,false,false
detreport_descending,detreport,descending,false,R5,minimax-m3,1,E4,R2,true,true,false,false
detreport_descending,detreport,descending,false,R5,minimax-m3,1,E4,X1,true,true,false,false
detreport_descending,detreport,descending,false,R5,minimax-m3,1,E5,R6,true,true,false,false
detreport_descending,detreport,descending,false,R5,minimax-m3,1,E5,S1,true,true,false,false
detreport_descending,detreport,descending,false,R5,minimax-m3,1,E6,R7,true,true,false,false
detreport_descending,detreport,descending,false,R5,minimax-m3,1,E7,C1,true,true,false,false
detreport_descending,detreport,descending,false,R5,minimax-m3,2,E1,C1,true,true,false,false
detreport_descending,detreport,descending,false,R5,minimax-m3,2,E1,D1,true,true,false,false
detreport_descending,detreport,descending,false,R5,minimax-m3,2,E1,R1,true,false,true,false
detreport_descending,detreport,descending,false,R5,minimax-m3,2,E1,R3,true,true,false,false
detreport_descending,detreport,descending,false,R5,minimax-m3,2,E1,R4,true,true,false,false
detreport_descending,detreport,descending,false,R5,minimax-m3,2,E1,R6,true,true,false,false
detreport_descending,detreport,descending,false,R5,minimax-m3,2,E2,R5,true,true,false,false
detreport_descending,detreport,descending,false,R5,minimax-m3,2,E3,R4,true,true,false,false
detreport_descending,detreport,descending,false,R5,minimax-m3,2,E4,R2,true,true,false,false
detreport_descending,detreport,descending,false,R5,minimax-m3,2,E4,X1,true,true,false,false
detreport_descending,detreport,descending,false,R5,minimax-m3,2,E5,R6,true,true,false,false
detreport_descending,detreport,descending,false,R5,minimax-m3,2,E5,S1,true,true,false,false
detreport_descending,detreport,descending,false,R5,minimax-m3,2,E6,R7,true,true,false,false
detreport_descending,detreport,descending,false,R5,minimax-m3,2,E7,C1,true,true,false,false
detreport_descending,detreport,descending,false,R5,minimax-m3,3,E1,C1,false,false,false,false
detreport_descending,detreport,descending,false,R5,minimax-m3,3,E1,D1,false,false,false,false
detreport_descending,detreport,descending,false,R5,minimax-m3,3,E1,R1,true,true,false,false
detreport_descending,detreport,descending,false,R5,minimax-m3,3,E1,R3,false,false,false,false
detreport_descending,detreport,descending,false,R5,minimax-m3,3,E1,R4,false,false,false,false
detreport_descending,detreport,descending,false,R5,minimax-m3,3,E1,R6,false,true,false,false
detreport_descending,detreport,descending,false,R5,minimax-m3,3,E2,R5,false,false,false,false
detreport_descending,detreport,descending,false,R5,minimax-m3,3,E3,R4,false,false,false,false
detreport_descending,detreport,descending,false,R5,minimax-m3,3,E4,R2,true,true,false,false
detreport_descending,detreport,descending,false,R5,minimax-m3,3,E4,X1,true,true,false,false
detreport_descending,detreport,descending,false,R5,minimax-m3,3,E5,R6,true,true,false,false
detreport_descending,detreport,descending,false,R5,minimax-m3,3,E5,S1,true,true,false,false
detreport_descending,detreport,descending,false,R5,minimax-m3,3,E6,R7,false,false,false,false
detreport_descending,detreport,descending,false,R5,minimax-m3,3,E7,C1,true,false,true,false
detreport_descending,detreport,descending,false,R5,qwen3.7-max,1,E1,C1,true,true,false,false
detreport_descending,detreport,descending,false,R5,qwen3.7-max,1,E1,D1,true,true,false,false
detreport_descending,detreport,descending,false,R5,qwen3.7-max,1,E1,R1,true,false,true,false
detreport_descending,detreport,descending,false,R5,qwen3.7-max,1,E1,R3,true,true,false,false
detreport_descending,detreport,descending,false,R5,qwen3.7-max,1,E1,R4,true,true,false,false
detreport_descending,detreport,descending,false,R5,qwen3.7-max,1,E1,R6,true,true,false,false
detreport_descending,detreport,descending,false,R5,qwen3.7-max,1,E2,R5,true,true,false,false
detreport_descending,detreport,descending,false,R5,qwen3.7-max,1,E3,R4,true,true,false,false
detreport_descending,detreport,descending,false,R5,qwen3.7-max,1,E4,R2,true,true,false,false
detreport_descending,detreport,descending,false,R5,qwen3.7-max,1,E4,X1,true,true,false,false
detreport_descending,detreport,descending,false,R5,qwen3.7-max,1,E5,R6,true,true,false,false
detreport_descending,detreport,descending,false,R5,qwen3.7-max,1,E5,S1,true,true,false,false
detreport_descending,detreport,descending,false,R5,qwen3.7-max,1,E6,R7,true,true,false,false
detreport_descending,detreport,descending,false,R5,qwen3.7-max,1,E7,C1,true,true,false,false
detreport_descending,detreport,descending,false,R5,qwen3.7-max,2,E1,C1,true,true,false,false
detreport_descending,detreport,descending,false,R5,qwen3.7-max,2,E1,D1,true,true,false,false
detreport_descending,detreport,descending,false,R5,qwen3.7-max,2,E1,R1,true,false,true,false
detreport_descending,detreport,descending,false,R5,qwen3.7-max,2,E1,R3,true,true,false,false
detreport_descending,detreport,descending,false,R5,qwen3.7-max,2,E1,R4,true,true,false,false
detreport_descending,detreport,descending,false,R5,qwen3.7-max,2,E1,R6,true,true,false,false
detreport_descending,detreport,descending,false,R5,qwen3.7-max,2,E2,R5,true,true,false,false
detreport_descending,detreport,descending,false,R5,qwen3.7-max,2,E3,R4,true,true,false,false
detreport_descending,detreport,descending,false,R5,qwen3.7-max,2,E4,R2,true,true,false,false
detreport_descending,detreport,descending,false,R5,qwen3.7-max,2,E4,X1,true,true,false,false
detreport_descending,detreport,descending,false,R5,qwen3.7-max,2,E5,R6,true,true,false,false
detreport_descending,detreport,descending,false,R5,qwen3.7-max,2,E5,S1,true,true,false,false
detreport_descending,detreport,descending,false,R5,qwen3.7-max,2,E6,R7,true,true,false,false
detreport_descending,detreport,descending,false,R5,qwen3.7-max,2,E7,C1,true,true,false,false
detreport_descending,detreport,descending,false,R5,qwen3.7-max,3,E1,C1,true,true,false,false
detreport_descending,detreport,descending,false,R5,qwen3.7-max,3,E1,D1,true,true,false,false
detreport_descending,detreport,descending,false,R5,qwen3.7-max,3,E1,R1,true,false,true,false
detreport_descending,detreport,descending,false,R5,qwen3.7-max,3,E1,R3,true,true,false,false
detreport_descending,detreport,descending,false,R5,qwen3.7-max,3,E1,R4,true,true,false,false
detreport_descending,detreport,descending,false,R5,qwen3.7-max,3,E1,R6,true,true,false,false
detreport_descending,detreport,descending,false,R5,qwen3.7-max,3,E2,R5,true,true,false,false
detreport_descending,detreport,descending,false,R5,qwen3.7-max,3,E3,R4,true,true,false,false
detreport_descending,detreport,descending,false,R5,qwen3.7-max,3,E4,R2,true,true,false,false
detreport_descending,detreport,descending,false,R5,qwen3.7-max,3,E4,X1,true,true,false,false
detreport_descending,detreport,descending,false,R5,qwen3.7-max,3,E5,R6,true,true,false,false
detreport_descending,detreport,descending,false,R5,qwen3.7-max,3,E5,S1,true,true,false,false
detreport_descending,detreport,descending,false,R5,qwen3.7-max,3,E6,R7,true,true,false,false
detreport_descending,detreport,descending,false,R5,qwen3.7-max,3,E7,C1,true,true,false,false
detreport_firstseen,detreport,firstseen,false,R5,glm-5.2,1,E1,C1,false,false,false,true
detreport_firstseen,detreport,firstseen,false,R5,glm-5.2,1,E1,D1,false,false,false,true
detreport_firstseen,detreport,firstseen,false,R5,glm-5.2,1,E1,R1,false,false,false,true
detreport_firstseen,detreport,firstseen,false,R5,glm-5.2,1,E1,R3,false,false,false,true
detreport_firstseen,detreport,firstseen,false,R5,glm-5.2,1,E1,R4,false,false,false,true
detreport_firstseen,detreport,firstseen,false,R5,glm-5.2,1,E1,R6,false,false,false,true
detreport_firstseen,detreport,firstseen,false,R5,glm-5.2,1,E2,R5,false,false,false,true
detreport_firstseen,detreport,firstseen,false,R5,glm-5.2,1,E3,R4,false,false,false,true
detreport_firstseen,detreport,firstseen,false,R5,glm-5.2,1,E4,R2,false,false,false,true
detreport_firstseen,detreport,firstseen,false,R5,glm-5.2,1,E4,X1,false,false,false,true
detreport_firstseen,detreport,firstseen,false,R5,glm-5.2,1,E5,R6,false,false,false,true
detreport_firstseen,detreport,firstseen,false,R5,glm-5.2,1,E5,S1,false,false,false,true
detreport_firstseen,detreport,firstseen,false,R5,glm-5.2,1,E6,R7,false,false,false,true
detreport_firstseen,detreport,firstseen,false,R5,glm-5.2,1,E7,C1,false,false,false,true
detreport_firstseen,detreport,firstseen,false,R5,glm-5.2,2,E1,C1,true,true,false,false
detreport_firstseen,detreport,firstseen,false,R5,glm-5.2,2,E1,D1,true,true,false,false
detreport_firstseen,detreport,firstseen,false,R5,glm-5.2,2,E1,R1,true,false,true,false
detreport_firstseen,detreport,firstseen,false,R5,glm-5.2,2,E1,R3,true,true,false,false
detreport_firstseen,detreport,firstseen,false,R5,glm-5.2,2,E1,R4,true,true,false,false
detreport_firstseen,detreport,firstseen,false,R5,glm-5.2,2,E1,R6,true,true,false,false
detreport_firstseen,detreport,firstseen,false,R5,glm-5.2,2,E2,R5,true,true,false,false
detreport_firstseen,detreport,firstseen,false,R5,glm-5.2,2,E3,R4,true,true,false,false
detreport_firstseen,detreport,firstseen,false,R5,glm-5.2,2,E4,R2,true,true,false,false
detreport_firstseen,detreport,firstseen,false,R5,glm-5.2,2,E4,X1,true,true,false,false
detreport_firstseen,detreport,firstseen,false,R5,glm-5.2,2,E5,R6,true,true,false,false
detreport_firstseen,detreport,firstseen,false,R5,glm-5.2,2,E5,S1,true,true,false,false
detreport_firstseen,detreport,firstseen,false,R5,glm-5.2,2,E6,R7,true,true,false,false
detreport_firstseen,detreport,firstseen,false,R5,glm-5.2,2,E7,C1,true,true,false,false
detreport_firstseen,detreport,firstseen,false,R5,glm-5.2,3,E1,C1,true,true,false,false
detreport_firstseen,detreport,firstseen,false,R5,glm-5.2,3,E1,D1,true,true,false,false
detreport_firstseen,detreport,firstseen,false,R5,glm-5.2,3,E1,R1,true,false,true,false
detreport_firstseen,detreport,firstseen,false,R5,glm-5.2,3,E1,R3,true,true,false,false
detreport_firstseen,detreport,firstseen,false,R5,glm-5.2,3,E1,R4,true,true,false,false
detreport_firstseen,detreport,firstseen,false,R5,glm-5.2,3,E1,R6,true,true,false,false
detreport_firstseen,detreport,firstseen,false,R5,glm-5.2,3,E2,R5,true,true,false,false
detreport_firstseen,detreport,firstseen,false,R5,glm-5.2,3,E3,R4,true,true,false,false
detreport_firstseen,detreport,firstseen,false,R5,glm-5.2,3,E4,R2,true,true,false,false
detreport_firstseen,detreport,firstseen,false,R5,glm-5.2,3,E4,X1,true,true,false,false
detreport_firstseen,detreport,firstseen,false,R5,glm-5.2,3,E5,R6,true,true,false,false
detreport_firstseen,detreport,firstseen,false,R5,glm-5.2,3,E5,S1,true,true,false,false
detreport_firstseen,detreport,firstseen,false,R5,glm-5.2,3,E6,R7,true,true,false,false
detreport_firstseen,detreport,firstseen,false,R5,glm-5.2,3,E7,C1,true,true,false,false
detreport_firstseen,detreport,firstseen,false,R5,minimax-m3,1,E1,C1,true,true,false,false
detreport_firstseen,detreport,firstseen,false,R5,minimax-m3,1,E1,D1,true,true,false,false
detreport_firstseen,detreport,firstseen,false,R5,minimax-m3,1,E1,R1,true,false,true,false
detreport_firstseen,detreport,firstseen,false,R5,minimax-m3,1,E1,R3,true,true,false,false
detreport_firstseen,detreport,firstseen,false,R5,minimax-m3,1,E1,R4,true,true,false,false
detreport_firstseen,detreport,firstseen,false,R5,minimax-m3,1,E1,R6,true,true,false,false
detreport_firstseen,detreport,firstseen,false,R5,minimax-m3,1,E2,R5,true,true,false,false
detreport_firstseen,detreport,firstseen,false,R5,minimax-m3,1,E3,R4,true,true,false,false
detreport_firstseen,detreport,firstseen,false,R5,minimax-m3,1,E4,R2,true,true,false,false
detreport_firstseen,detreport,firstseen,false,R5,minimax-m3,1,E4,X1,true,true,false,false
detreport_firstseen,detreport,firstseen,false,R5,minimax-m3,1,E5,R6,true,true,false,false
detreport_firstseen,detreport,firstseen,false,R5,minimax-m3,1,E5,S1,true,true,false,false
detreport_firstseen,detreport,firstseen,false,R5,minimax-m3,1,E6,R7,true,true,false,false
detreport_firstseen,detreport,firstseen,false,R5,minimax-m3,1,E7,C1,true,true,false,false
detreport_firstseen,detreport,firstseen,false,R5,minimax-m3,2,E1,C1,true,true,false,false
detreport_firstseen,detreport,firstseen,false,R5,minimax-m3,2,E1,D1,true,true,false,false
detreport_firstseen,detreport,firstseen,false,R5,minimax-m3,2,E1,R1,true,false,true,false
detreport_firstseen,detreport,firstseen,false,R5,minimax-m3,2,E1,R3,true,true,false,false
detreport_firstseen,detreport,firstseen,false,R5,minimax-m3,2,E1,R4,true,true,false,false
detreport_firstseen,detreport,firstseen,false,R5,minimax-m3,2,E1,R6,true,true,false,false
detreport_firstseen,detreport,firstseen,false,R5,minimax-m3,2,E2,R5,true,true,false,false
detreport_firstseen,detreport,firstseen,false,R5,minimax-m3,2,E3,R4,true,true,false,false
detreport_firstseen,detreport,firstseen,false,R5,minimax-m3,2,E4,R2,true,true,false,false
detreport_firstseen,detreport,firstseen,false,R5,minimax-m3,2,E4,X1,true,true,false,false
detreport_firstseen,detreport,firstseen,false,R5,minimax-m3,2,E5,R6,true,true,false,false
detreport_firstseen,detreport,firstseen,false,R5,minimax-m3,2,E5,S1,true,true,false,false
detreport_firstseen,detreport,firstseen,false,R5,minimax-m3,2,E6,R7,true,true,false,false
detreport_firstseen,detreport,firstseen,false,R5,minimax-m3,2,E7,C1,true,true,false,false
detreport_firstseen,detreport,firstseen,false,R5,minimax-m3,3,E1,C1,false,false,false,false
detreport_firstseen,detreport,firstseen,false,R5,minimax-m3,3,E1,D1,false,false,false,false
detreport_firstseen,detreport,firstseen,false,R5,minimax-m3,3,E1,R1,true,false,true,false
detreport_firstseen,detreport,firstseen,false,R5,minimax-m3,3,E1,R3,false,false,false,false
detreport_firstseen,detreport,firstseen,false,R5,minimax-m3,3,E1,R4,false,false,false,false
detreport_firstseen,detreport,firstseen,false,R5,minimax-m3,3,E1,R6,false,true,false,false
detreport_firstseen,detreport,firstseen,false,R5,minimax-m3,3,E2,R5,false,false,false,false
detreport_firstseen,detreport,firstseen,false,R5,minimax-m3,3,E3,R4,false,false,false,false
detreport_firstseen,detreport,firstseen,false,R5,minimax-m3,3,E4,R2,true,true,false,false
detreport_firstseen,detreport,firstseen,false,R5,minimax-m3,3,E4,X1,true,true,false,false
detreport_firstseen,detreport,firstseen,false,R5,minimax-m3,3,E5,R6,true,true,false,false
detreport_firstseen,detreport,firstseen,false,R5,minimax-m3,3,E5,S1,true,true,false,false
detreport_firstseen,detreport,firstseen,false,R5,minimax-m3,3,E6,R7,true,true,false,false
detreport_firstseen,detreport,firstseen,false,R5,minimax-m3,3,E7,C1,true,false,true,false
detreport_firstseen,detreport,firstseen,false,R5,qwen3.7-max,1,E1,C1,true,true,false,false
detreport_firstseen,detreport,firstseen,false,R5,qwen3.7-max,1,E1,D1,true,true,false,false
detreport_firstseen,detreport,firstseen,false,R5,qwen3.7-max,1,E1,R1,true,false,true,false
detreport_firstseen,detreport,firstseen,false,R5,qwen3.7-max,1,E1,R3,true,true,false,false
detreport_firstseen,detreport,firstseen,false,R5,qwen3.7-max,1,E1,R4,true,true,false,false
detreport_firstseen,detreport,firstseen,false,R5,qwen3.7-max,1,E1,R6,true,true,false,false
detreport_firstseen,detreport,firstseen,false,R5,qwen3.7-max,1,E2,R5,true,true,false,false
detreport_firstseen,detreport,firstseen,false,R5,qwen3.7-max,1,E3,R4,true,true,false,false
detreport_firstseen,detreport,firstseen,false,R5,qwen3.7-max,1,E4,R2,true,true,false,false
detreport_firstseen,detreport,firstseen,false,R5,qwen3.7-max,1,E4,X1,true,true,false,false
detreport_firstseen,detreport,firstseen,false,R5,qwen3.7-max,1,E5,R6,true,true,false,false
detreport_firstseen,detreport,firstseen,false,R5,qwen3.7-max,1,E5,S1,true,true,false,false
detreport_firstseen,detreport,firstseen,false,R5,qwen3.7-max,1,E6,R7,true,true,false,false
detreport_firstseen,detreport,firstseen,false,R5,qwen3.7-max,1,E7,C1,true,true,false,false
detreport_firstseen,detreport,firstseen,false,R5,qwen3.7-max,2,E1,C1,true,true,false,false
detreport_firstseen,detreport,firstseen,false,R5,qwen3.7-max,2,E1,D1,true,true,false,false
detreport_firstseen,detreport,firstseen,false,R5,qwen3.7-max,2,E1,R1,true,false,true,false
detreport_firstseen,detreport,firstseen,false,R5,qwen3.7-max,2,E1,R3,true,true,false,false
detreport_firstseen,detreport,firstseen,false,R5,qwen3.7-max,2,E1,R4,true,true,false,false
detreport_firstseen,detreport,firstseen,false,R5,qwen3.7-max,2,E1,R6,true,true,false,false
detreport_firstseen,detreport,firstseen,false,R5,qwen3.7-max,2,E2,R5,true,true,false,false
detreport_firstseen,detreport,firstseen,false,R5,qwen3.7-max,2,E3,R4,true,true,false,false
detreport_firstseen,detreport,firstseen,false,R5,qwen3.7-max,2,E4,R2,true,true,false,false
detreport_firstseen,detreport,firstseen,false,R5,qwen3.7-max,2,E4,X1,true,true,false,false
detreport_firstseen,detreport,firstseen,false,R5,qwen3.7-max,2,E5,R6,true,true,false,false
detreport_firstseen,detreport,firstseen,false,R5,qwen3.7-max,2,E5,S1,true,true,false,false
detreport_firstseen,detreport,firstseen,false,R5,qwen3.7-max,2,E6,R7,true,true,false,false
detreport_firstseen,detreport,firstseen,false,R5,qwen3.7-max,2,E7,C1,true,true,false,false
detreport_firstseen,detreport,firstseen,false,R5,qwen3.7-max,3,E1,C1,true,true,false,false
detreport_firstseen,detreport,firstseen,false,R5,qwen3.7-max,3,E1,D1,true,true,false,false
detreport_firstseen,detreport,firstseen,false,R5,qwen3.7-max,3,E1,R1,true,false,true,false
detreport_firstseen,detreport,firstseen,false,R5,qwen3.7-max,3,E1,R3,true,true,false,false
detreport_firstseen,detreport,firstseen,false,R5,qwen3.7-max,3,E1,R4,true,true,false,false
detreport_firstseen,detreport,firstseen,false,R5,qwen3.7-max,3,E1,R6,true,true,false,false
detreport_firstseen,detreport,firstseen,false,R5,qwen3.7-max,3,E2,R5,true,true,false,false
detreport_firstseen,detreport,firstseen,false,R5,qwen3.7-max,3,E3,R4,true,true,false,false
detreport_firstseen,detreport,firstseen,false,R5,qwen3.7-max,3,E4,R2,true,true,false,false
detreport_firstseen,detreport,firstseen,false,R5,qwen3.7-max,3,E4,X1,true,true,false,false
detreport_firstseen,detreport,firstseen,false,R5,qwen3.7-max,3,E5,R6,true,true,false,false
detreport_firstseen,detreport,firstseen,false,R5,qwen3.7-max,3,E5,S1,true,true,false,false
detreport_firstseen,detreport,firstseen,false,R5,qwen3.7-max,3,E6,R7,true,true,false,false
detreport_firstseen,detreport,firstseen,false,R5,qwen3.7-max,3,E7,C1,true,true,false,false
idledger_base,idledger,base,true,R5,glm-5.2,1,E1,C1,true,true,false,false
idledger_base,idledger,base,true,R5,glm-5.2,1,E1,D1,true,true,false,false
idledger_base,idledger,base,true,R5,glm-5.2,1,E1,R1,true,true,false,false
idledger_base,idledger,base,true,R5,glm-5.2,1,E1,R2,true,false,true,false
idledger_base,idledger,base,true,R5,glm-5.2,1,E1,R3,true,true,false,false
idledger_base,idledger,base,true,R5,glm-5.2,1,E2,R4,true,true,false,false
idledger_base,idledger,base,true,R5,glm-5.2,1,E3,R5,true,true,false,false
idledger_base,idledger,base,true,R5,glm-5.2,1,E4,R6,true,true,false,false
idledger_base,idledger,base,true,R5,glm-5.2,1,E4,X1,true,true,false,false
idledger_base,idledger,base,true,R5,glm-5.2,1,E5,R7,true,true,false,false
idledger_base,idledger,base,true,R5,glm-5.2,1,E5,X2,true,true,false,false
idledger_base,idledger,base,true,R5,glm-5.2,1,E6,R8,true,true,false,false
idledger_base,idledger,base,true,R5,glm-5.2,1,E7,C2,true,true,false,false
idledger_base,idledger,base,true,R5,glm-5.2,2,E1,C1,true,true,false,false
idledger_base,idledger,base,true,R5,glm-5.2,2,E1,D1,true,true,false,false
idledger_base,idledger,base,true,R5,glm-5.2,2,E1,R1,true,true,false,false
idledger_base,idledger,base,true,R5,glm-5.2,2,E1,R2,true,true,false,false
idledger_base,idledger,base,true,R5,glm-5.2,2,E1,R3,true,true,false,false
idledger_base,idledger,base,true,R5,glm-5.2,2,E2,R4,true,true,false,false
idledger_base,idledger,base,true,R5,glm-5.2,2,E3,R5,true,true,false,false
idledger_base,idledger,base,true,R5,glm-5.2,2,E4,R6,true,true,false,false
idledger_base,idledger,base,true,R5,glm-5.2,2,E4,X1,true,true,false,false
idledger_base,idledger,base,true,R5,glm-5.2,2,E5,R7,true,true,false,false
idledger_base,idledger,base,true,R5,glm-5.2,2,E5,X2,true,true,false,false
idledger_base,idledger,base,true,R5,glm-5.2,2,E6,R8,true,true,false,false
idledger_base,idledger,base,true,R5,glm-5.2,2,E7,C2,true,true,false,false
idledger_base,idledger,base,true,R5,glm-5.2,3,E1,C1,true,true,false,false
idledger_base,idledger,base,true,R5,glm-5.2,3,E1,D1,true,true,false,false
idledger_base,idledger,base,true,R5,glm-5.2,3,E1,R1,true,true,false,false
idledger_base,idledger,base,true,R5,glm-5.2,3,E1,R2,true,false,true,false
idledger_base,idledger,base,true,R5,glm-5.2,3,E1,R3,true,true,false,false
idledger_base,idledger,base,true,R5,glm-5.2,3,E2,R4,true,true,false,false
idledger_base,idledger,base,true,R5,glm-5.2,3,E3,R5,true,true,false,false
idledger_base,idledger,base,true,R5,glm-5.2,3,E4,R6,true,true,false,false
idledger_base,idledger,base,true,R5,glm-5.2,3,E4,X1,true,true,false,false
idledger_base,idledger,base,true,R5,glm-5.2,3,E5,R7,true,true,false,false
idledger_base,idledger,base,true,R5,glm-5.2,3,E5,X2,true,true,false,false
idledger_base,idledger,base,true,R5,glm-5.2,3,E6,R8,true,true,false,false
idledger_base,idledger,base,true,R5,glm-5.2,3,E7,C2,true,true,false,false
idledger_base,idledger,base,true,R5,minimax-m3,1,E1,C1,true,true,false,false
idledger_base,idledger,base,true,R5,minimax-m3,1,E1,D1,true,false,true,false
idledger_base,idledger,base,true,R5,minimax-m3,1,E1,R1,true,true,false,false
idledger_base,idledger,base,true,R5,minimax-m3,1,E1,R2,true,true,false,false
idledger_base,idledger,base,true,R5,minimax-m3,1,E1,R3,true,false,true,false
idledger_base,idledger,base,true,R5,minimax-m3,1,E2,R4,true,true,false,false
idledger_base,idledger,base,true,R5,minimax-m3,1,E3,R5,true,true,false,false
idledger_base,idledger,base,true,R5,minimax-m3,1,E4,R6,true,true,false,false
idledger_base,idledger,base,true,R5,minimax-m3,1,E4,X1,true,true,false,false
idledger_base,idledger,base,true,R5,minimax-m3,1,E5,R7,true,true,false,false
idledger_base,idledger,base,true,R5,minimax-m3,1,E5,X2,true,true,false,false
idledger_base,idledger,base,true,R5,minimax-m3,1,E6,R8,true,true,false,false
idledger_base,idledger,base,true,R5,minimax-m3,1,E7,C2,true,true,false,false
idledger_base,idledger,base,true,R5,minimax-m3,2,E1,C1,true,true,false,false
idledger_base,idledger,base,true,R5,minimax-m3,2,E1,D1,true,true,false,false
idledger_base,idledger,base,true,R5,minimax-m3,2,E1,R1,true,true,false,false
idledger_base,idledger,base,true,R5,minimax-m3,2,E1,R2,true,true,false,false
idledger_base,idledger,base,true,R5,minimax-m3,2,E1,R3,true,true,false,false
idledger_base,idledger,base,true,R5,minimax-m3,2,E2,R4,true,true,false,false
idledger_base,idledger,base,true,R5,minimax-m3,2,E3,R5,true,true,false,false
idledger_base,idledger,base,true,R5,minimax-m3,2,E4,R6,true,true,false,false
idledger_base,idledger,base,true,R5,minimax-m3,2,E4,X1,true,true,false,false
idledger_base,idledger,base,true,R5,minimax-m3,2,E5,R7,true,true,false,false
idledger_base,idledger,base,true,R5,minimax-m3,2,E5,X2,true,true,false,false
idledger_base,idledger,base,true,R5,minimax-m3,2,E6,R8,true,true,false,false
idledger_base,idledger,base,true,R5,minimax-m3,2,E7,C2,true,true,false,false
idledger_base,idledger,base,true,R5,minimax-m3,3,E1,C1,true,true,false,false
idledger_base,idledger,base,true,R5,minimax-m3,3,E1,D1,true,true,false,false
idledger_base,idledger,base,true,R5,minimax-m3,3,E1,R1,true,true,false,false
idledger_base,idledger,base,true,R5,minimax-m3,3,E1,R2,true,true,false,false
idledger_base,idledger,base,true,R5,minimax-m3,3,E1,R3,true,true,false,false
idledger_base,idledger,base,true,R5,minimax-m3,3,E2,R4,true,true,false,false
idledger_base,idledger,base,true,R5,minimax-m3,3,E3,R5,true,true,false,false
idledger_base,idledger,base,true,R5,minimax-m3,3,E4,R6,true,true,false,false
idledger_base,idledger,base,true,R5,minimax-m3,3,E4,X1,true,true,false,false
idledger_base,idledger,base,true,R5,minimax-m3,3,E5,R7,true,true,false,false
idledger_base,idledger,base,true,R5,minimax-m3,3,E5,X2,true,true,false,false
idledger_base,idledger,base,true,R5,minimax-m3,3,E6,R8,true,true,false,false
idledger_base,idledger,base,true,R5,minimax-m3,3,E7,C2,true,true,false,false
idledger_base,idledger,base,true,R5,qwen3.7-max,1,E1,C1,true,true,false,false
idledger_base,idledger,base,true,R5,qwen3.7-max,1,E1,D1,true,false,true,false
idledger_base,idledger,base,true,R5,qwen3.7-max,1,E1,R1,true,true,false,false
idledger_base,idledger,base,true,R5,qwen3.7-max,1,E1,R2,true,true,false,false
idledger_base,idledger,base,true,R5,qwen3.7-max,1,E1,R3,true,false,true,false
idledger_base,idledger,base,true,R5,qwen3.7-max,1,E2,R4,true,true,false,false
idledger_base,idledger,base,true,R5,qwen3.7-max,1,E3,R5,true,true,false,false
idledger_base,idledger,base,true,R5,qwen3.7-max,1,E4,R6,true,true,false,false
idledger_base,idledger,base,true,R5,qwen3.7-max,1,E4,X1,true,true,false,false
idledger_base,idledger,base,true,R5,qwen3.7-max,1,E5,R7,true,true,false,false
idledger_base,idledger,base,true,R5,qwen3.7-max,1,E5,X2,true,true,false,false
idledger_base,idledger,base,true,R5,qwen3.7-max,1,E6,R8,true,true,false,false
idledger_base,idledger,base,true,R5,qwen3.7-max,1,E7,C2,true,true,false,false
idledger_base,idledger,base,true,R5,qwen3.7-max,2,E1,C1,true,true,false,false
idledger_base,idledger,base,true,R5,qwen3.7-max,2,E1,D1,true,false,true,false
idledger_base,idledger,base,true,R5,qwen3.7-max,2,E1,R1,true,true,false,false
idledger_base,idledger,base,true,R5,qwen3.7-max,2,E1,R2,true,true,false,false
idledger_base,idledger,base,true,R5,qwen3.7-max,2,E1,R3,true,false,true,false
idledger_base,idledger,base,true,R5,qwen3.7-max,2,E2,R4,true,true,false,false
idledger_base,idledger,base,true,R5,qwen3.7-max,2,E3,R5,true,true,false,false
idledger_base,idledger,base,true,R5,qwen3.7-max,2,E4,R6,true,true,false,false
idledger_base,idledger,base,true,R5,qwen3.7-max,2,E4,X1,true,true,false,false
idledger_base,idledger,base,true,R5,qwen3.7-max,2,E5,R7,true,true,false,false
idledger_base,idledger,base,true,R5,qwen3.7-max,2,E5,X2,true,true,false,false
idledger_base,idledger,base,true,R5,qwen3.7-max,2,E6,R8,true,true,false,false
idledger_base,idledger,base,true,R5,qwen3.7-max,2,E7,C2,true,true,false,false
idledger_base,idledger,base,true,R5,qwen3.7-max,3,E1,C1,true,true,false,false
idledger_base,idledger,base,true,R5,qwen3.7-max,3,E1,D1,true,true,false,false
idledger_base,idledger,base,true,R5,qwen3.7-max,3,E1,R1,true,true,false,false
idledger_base,idledger,base,true,R5,qwen3.7-max,3,E1,R2,true,true,false,false
idledger_base,idledger,base,true,R5,qwen3.7-max,3,E1,R3,true,true,false,false
idledger_base,idledger,base,true,R5,qwen3.7-max,3,E2,R4,true,true,false,false
idledger_base,idledger,base,true,R5,qwen3.7-max,3,E3,R5,true,true,false,false
idledger_base,idledger,base,true,R5,qwen3.7-max,3,E4,R6,true,true,false,false
idledger_base,idledger,base,true,R5,qwen3.7-max,3,E4,X1,true,true,false,false
idledger_base,idledger,base,true,R5,qwen3.7-max,3,E5,R7,true,true,false,false
idledger_base,idledger,base,true,R5,qwen3.7-max,3,E5,X2,true,true,false,false
idledger_base,idledger,base,true,R5,qwen3.7-max,3,E6,R8,true,true,false,false
idledger_base,idledger,base,true,R5,qwen3.7-max,3,E7,C2,true,true,false,false
idledger_firstwins,idledger,firstwins,false,R5,glm-5.2,1,E1,C1,true,true,false,false
idledger_firstwins,idledger,firstwins,false,R5,glm-5.2,1,E1,D1,true,true,false,false
idledger_firstwins,idledger,firstwins,false,R5,glm-5.2,1,E1,R1,true,true,false,false
idledger_firstwins,idledger,firstwins,false,R5,glm-5.2,1,E1,R2,true,true,false,false
idledger_firstwins,idledger,firstwins,false,R5,glm-5.2,1,E1,R3,true,true,false,false
idledger_firstwins,idledger,firstwins,false,R5,glm-5.2,1,E2,R4,true,true,false,false
idledger_firstwins,idledger,firstwins,false,R5,glm-5.2,1,E3,R5,true,true,false,false
idledger_firstwins,idledger,firstwins,false,R5,glm-5.2,1,E4,R6,true,true,false,false
idledger_firstwins,idledger,firstwins,false,R5,glm-5.2,1,E4,X1,true,true,false,false
idledger_firstwins,idledger,firstwins,false,R5,glm-5.2,1,E5,R7,true,true,false,false
idledger_firstwins,idledger,firstwins,false,R5,glm-5.2,1,E5,X2,true,true,false,false
idledger_firstwins,idledger,firstwins,false,R5,glm-5.2,1,E6,R8,true,true,false,false
idledger_firstwins,idledger,firstwins,false,R5,glm-5.2,1,E7,C2,true,true,false,false
idledger_firstwins,idledger,firstwins,false,R5,glm-5.2,2,E1,C1,true,true,false,false
idledger_firstwins,idledger,firstwins,false,R5,glm-5.2,2,E1,D1,true,true,false,false
idledger_firstwins,idledger,firstwins,false,R5,glm-5.2,2,E1,R1,true,true,false,false
idledger_firstwins,idledger,firstwins,false,R5,glm-5.2,2,E1,R2,true,true,false,false
idledger_firstwins,idledger,firstwins,false,R5,glm-5.2,2,E1,R3,true,true,false,false
idledger_firstwins,idledger,firstwins,false,R5,glm-5.2,2,E2,R4,true,true,false,false
idledger_firstwins,idledger,firstwins,false,R5,glm-5.2,2,E3,R5,true,true,false,false
idledger_firstwins,idledger,firstwins,false,R5,glm-5.2,2,E4,R6,true,true,false,false
idledger_firstwins,idledger,firstwins,false,R5,glm-5.2,2,E4,X1,true,true,false,false
idledger_firstwins,idledger,firstwins,false,R5,glm-5.2,2,E5,R7,true,true,false,false
idledger_firstwins,idledger,firstwins,false,R5,glm-5.2,2,E5,X2,true,true,false,false
idledger_firstwins,idledger,firstwins,false,R5,glm-5.2,2,E6,R8,true,true,false,false
idledger_firstwins,idledger,firstwins,false,R5,glm-5.2,2,E7,C2,true,true,false,false
idledger_firstwins,idledger,firstwins,false,R5,glm-5.2,3,E1,C1,true,true,false,false
idledger_firstwins,idledger,firstwins,false,R5,glm-5.2,3,E1,D1,true,true,false,false
idledger_firstwins,idledger,firstwins,false,R5,glm-5.2,3,E1,R1,true,true,false,false
idledger_firstwins,idledger,firstwins,false,R5,glm-5.2,3,E1,R2,true,false,true,false
idledger_firstwins,idledger,firstwins,false,R5,glm-5.2,3,E1,R3,true,true,false,false
idledger_firstwins,idledger,firstwins,false,R5,glm-5.2,3,E2,R4,true,true,false,false
idledger_firstwins,idledger,firstwins,false,R5,glm-5.2,3,E3,R5,true,true,false,false
idledger_firstwins,idledger,firstwins,false,R5,glm-5.2,3,E4,R6,true,true,false,false
idledger_firstwins,idledger,firstwins,false,R5,glm-5.2,3,E4,X1,true,true,false,false
idledger_firstwins,idledger,firstwins,false,R5,glm-5.2,3,E5,R7,true,true,false,false
idledger_firstwins,idledger,firstwins,false,R5,glm-5.2,3,E5,X2,true,true,false,false
idledger_firstwins,idledger,firstwins,false,R5,glm-5.2,3,E6,R8,true,true,false,false
idledger_firstwins,idledger,firstwins,false,R5,glm-5.2,3,E7,C2,true,true,false,false
idledger_firstwins,idledger,firstwins,false,R5,minimax-m3,1,E1,C1,true,true,false,false
idledger_firstwins,idledger,firstwins,false,R5,minimax-m3,1,E1,D1,true,true,false,false
idledger_firstwins,idledger,firstwins,false,R5,minimax-m3,1,E1,R1,true,true,false,false
idledger_firstwins,idledger,firstwins,false,R5,minimax-m3,1,E1,R2,true,true,false,false
idledger_firstwins,idledger,firstwins,false,R5,minimax-m3,1,E1,R3,true,true,false,false
idledger_firstwins,idledger,firstwins,false,R5,minimax-m3,1,E2,R4,true,true,false,false
idledger_firstwins,idledger,firstwins,false,R5,minimax-m3,1,E3,R5,true,true,false,false
idledger_firstwins,idledger,firstwins,false,R5,minimax-m3,1,E4,R6,true,true,false,false
idledger_firstwins,idledger,firstwins,false,R5,minimax-m3,1,E4,X1,true,true,false,false
idledger_firstwins,idledger,firstwins,false,R5,minimax-m3,1,E5,R7,true,true,false,false
idledger_firstwins,idledger,firstwins,false,R5,minimax-m3,1,E5,X2,true,true,false,false
idledger_firstwins,idledger,firstwins,false,R5,minimax-m3,1,E6,R8,true,true,false,false
idledger_firstwins,idledger,firstwins,false,R5,minimax-m3,1,E7,C2,true,true,false,false
idledger_firstwins,idledger,firstwins,false,R5,minimax-m3,2,E1,C1,true,true,false,false
idledger_firstwins,idledger,firstwins,false,R5,minimax-m3,2,E1,D1,true,true,false,false
idledger_firstwins,idledger,firstwins,false,R5,minimax-m3,2,E1,R1,true,true,false,false
idledger_firstwins,idledger,firstwins,false,R5,minimax-m3,2,E1,R2,true,true,false,false
idledger_firstwins,idledger,firstwins,false,R5,minimax-m3,2,E1,R3,true,true,false,false
idledger_firstwins,idledger,firstwins,false,R5,minimax-m3,2,E2,R4,true,true,false,false
idledger_firstwins,idledger,firstwins,false,R5,minimax-m3,2,E3,R5,true,true,false,false
idledger_firstwins,idledger,firstwins,false,R5,minimax-m3,2,E4,R6,true,true,false,false
idledger_firstwins,idledger,firstwins,false,R5,minimax-m3,2,E4,X1,true,true,false,false
idledger_firstwins,idledger,firstwins,false,R5,minimax-m3,2,E5,R7,true,true,false,false
idledger_firstwins,idledger,firstwins,false,R5,minimax-m3,2,E5,X2,true,true,false,false
idledger_firstwins,idledger,firstwins,false,R5,minimax-m3,2,E6,R8,true,true,false,false
idledger_firstwins,idledger,firstwins,false,R5,minimax-m3,2,E7,C2,true,true,false,false
idledger_firstwins,idledger,firstwins,false,R5,minimax-m3,3,E1,C1,true,true,false,false
idledger_firstwins,idledger,firstwins,false,R5,minimax-m3,3,E1,D1,true,true,false,false
idledger_firstwins,idledger,firstwins,false,R5,minimax-m3,3,E1,R1,true,true,false,false
idledger_firstwins,idledger,firstwins,false,R5,minimax-m3,3,E1,R2,true,true,false,false
idledger_firstwins,idledger,firstwins,false,R5,minimax-m3,3,E1,R3,true,true,false,false
idledger_firstwins,idledger,firstwins,false,R5,minimax-m3,3,E2,R4,false,false,false,false
idledger_firstwins,idledger,firstwins,false,R5,minimax-m3,3,E3,R5,true,true,false,false
idledger_firstwins,idledger,firstwins,false,R5,minimax-m3,3,E4,R6,true,true,false,false
idledger_firstwins,idledger,firstwins,false,R5,minimax-m3,3,E4,X1,true,true,false,false
idledger_firstwins,idledger,firstwins,false,R5,minimax-m3,3,E5,R7,true,true,false,false
idledger_firstwins,idledger,firstwins,false,R5,minimax-m3,3,E5,X2,true,true,false,false
idledger_firstwins,idledger,firstwins,false,R5,minimax-m3,3,E6,R8,true,true,false,false
idledger_firstwins,idledger,firstwins,false,R5,minimax-m3,3,E7,C2,true,true,false,false
idledger_firstwins,idledger,firstwins,false,R5,qwen3.7-max,1,E1,C1,true,true,false,false
idledger_firstwins,idledger,firstwins,false,R5,qwen3.7-max,1,E1,D1,true,false,true,false
idledger_firstwins,idledger,firstwins,false,R5,qwen3.7-max,1,E1,R1,true,true,false,false
idledger_firstwins,idledger,firstwins,false,R5,qwen3.7-max,1,E1,R2,true,true,false,false
idledger_firstwins,idledger,firstwins,false,R5,qwen3.7-max,1,E1,R3,true,false,true,false
idledger_firstwins,idledger,firstwins,false,R5,qwen3.7-max,1,E2,R4,false,false,false,false
idledger_firstwins,idledger,firstwins,false,R5,qwen3.7-max,1,E3,R5,true,true,false,false
idledger_firstwins,idledger,firstwins,false,R5,qwen3.7-max,1,E4,R6,true,true,false,false
idledger_firstwins,idledger,firstwins,false,R5,qwen3.7-max,1,E4,X1,true,true,false,false
idledger_firstwins,idledger,firstwins,false,R5,qwen3.7-max,1,E5,R7,true,true,false,false
idledger_firstwins,idledger,firstwins,false,R5,qwen3.7-max,1,E5,X2,true,true,false,false
idledger_firstwins,idledger,firstwins,false,R5,qwen3.7-max,1,E6,R8,true,true,false,false
idledger_firstwins,idledger,firstwins,false,R5,qwen3.7-max,1,E7,C2,true,true,false,false
idledger_firstwins,idledger,firstwins,false,R5,qwen3.7-max,2,E1,C1,true,true,false,false
idledger_firstwins,idledger,firstwins,false,R5,qwen3.7-max,2,E1,D1,true,false,true,false
idledger_firstwins,idledger,firstwins,false,R5,qwen3.7-max,2,E1,R1,true,true,false,false
idledger_firstwins,idledger,firstwins,false,R5,qwen3.7-max,2,E1,R2,true,true,false,false
idledger_firstwins,idledger,firstwins,false,R5,qwen3.7-max,2,E1,R3,true,false,true,false
idledger_firstwins,idledger,firstwins,false,R5,qwen3.7-max,2,E2,R4,false,false,false,false
idledger_firstwins,idledger,firstwins,false,R5,qwen3.7-max,2,E3,R5,true,true,false,false
idledger_firstwins,idledger,firstwins,false,R5,qwen3.7-max,2,E4,R6,true,true,false,false
idledger_firstwins,idledger,firstwins,false,R5,qwen3.7-max,2,E4,X1,true,true,false,false
idledger_firstwins,idledger,firstwins,false,R5,qwen3.7-max,2,E5,R7,true,true,false,false
idledger_firstwins,idledger,firstwins,false,R5,qwen3.7-max,2,E5,X2,true,true,false,false
idledger_firstwins,idledger,firstwins,false,R5,qwen3.7-max,2,E6,R8,true,true,false,false
idledger_firstwins,idledger,firstwins,false,R5,qwen3.7-max,2,E7,C2,true,true,false,false
idledger_firstwins,idledger,firstwins,false,R5,qwen3.7-max,3,E1,C1,true,true,false,false
idledger_firstwins,idledger,firstwins,false,R5,qwen3.7-max,3,E1,D1,true,false,true,false
idledger_firstwins,idledger,firstwins,false,R5,qwen3.7-max,3,E1,R1,true,true,false,false
idledger_firstwins,idledger,firstwins,false,R5,qwen3.7-max,3,E1,R2,true,true,false,false
idledger_firstwins,idledger,firstwins,false,R5,qwen3.7-max,3,E1,R3,true,false,true,false
idledger_firstwins,idledger,firstwins,false,R5,qwen3.7-max,3,E2,R4,true,true,false,false
idledger_firstwins,idledger,firstwins,false,R5,qwen3.7-max,3,E3,R5,true,true,false,false
idledger_firstwins,idledger,firstwins,false,R5,qwen3.7-max,3,E4,R6,true,true,false,false
idledger_firstwins,idledger,firstwins,false,R5,qwen3.7-max,3,E4,X1,true,true,false,false
idledger_firstwins,idledger,firstwins,false,R5,qwen3.7-max,3,E5,R7,true,true,false,false
idledger_firstwins,idledger,firstwins,false,R5,qwen3.7-max,3,E5,X2,true,true,false,false
idledger_firstwins,idledger,firstwins,false,R5,qwen3.7-max,3,E6,R8,true,true,false,false
idledger_firstwins,idledger,firstwins,false,R5,qwen3.7-max,3,E7,C2,true,true,false,false
idledger_lastwins,idledger,lastwins,false,R5,glm-5.2,1,E1,C1,false,false,false,true
idledger_lastwins,idledger,lastwins,false,R5,glm-5.2,1,E1,D1,false,false,false,true
idledger_lastwins,idledger,lastwins,false,R5,glm-5.2,1,E1,R1,false,false,false,true
idledger_lastwins,idledger,lastwins,false,R5,glm-5.2,1,E1,R2,false,false,false,true
idledger_lastwins,idledger,lastwins,false,R5,glm-5.2,1,E1,R3,false,false,false,true
idledger_lastwins,idledger,lastwins,false,R5,glm-5.2,1,E2,R4,false,false,false,true
idledger_lastwins,idledger,lastwins,false,R5,glm-5.2,1,E3,R5,false,false,false,true
idledger_lastwins,idledger,lastwins,false,R5,glm-5.2,1,E4,R6,false,false,false,true
idledger_lastwins,idledger,lastwins,false,R5,glm-5.2,1,E4,X1,false,false,false,true
idledger_lastwins,idledger,lastwins,false,R5,glm-5.2,1,E5,R7,false,false,false,true
idledger_lastwins,idledger,lastwins,false,R5,glm-5.2,1,E5,X2,false,false,false,true
idledger_lastwins,idledger,lastwins,false,R5,glm-5.2,1,E6,R8,false,false,false,true
idledger_lastwins,idledger,lastwins,false,R5,glm-5.2,1,E7,C2,false,false,false,true
idledger_lastwins,idledger,lastwins,false,R5,glm-5.2,2,E1,C1,true,true,false,false
idledger_lastwins,idledger,lastwins,false,R5,glm-5.2,2,E1,D1,true,true,false,false
idledger_lastwins,idledger,lastwins,false,R5,glm-5.2,2,E1,R1,true,true,false,false
idledger_lastwins,idledger,lastwins,false,R5,glm-5.2,2,E1,R2,true,false,true,false
idledger_lastwins,idledger,lastwins,false,R5,glm-5.2,2,E1,R3,true,true,false,false
idledger_lastwins,idledger,lastwins,false,R5,glm-5.2,2,E2,R4,true,true,false,false
idledger_lastwins,idledger,lastwins,false,R5,glm-5.2,2,E3,R5,true,true,false,false
idledger_lastwins,idledger,lastwins,false,R5,glm-5.2,2,E4,R6,true,true,false,false
idledger_lastwins,idledger,lastwins,false,R5,glm-5.2,2,E4,X1,true,true,false,false
idledger_lastwins,idledger,lastwins,false,R5,glm-5.2,2,E5,R7,true,true,false,false
idledger_lastwins,idledger,lastwins,false,R5,glm-5.2,2,E5,X2,true,true,false,false
idledger_lastwins,idledger,lastwins,false,R5,glm-5.2,2,E6,R8,true,true,false,false
idledger_lastwins,idledger,lastwins,false,R5,glm-5.2,2,E7,C2,true,true,false,false
idledger_lastwins,idledger,lastwins,false,R5,glm-5.2,3,E1,C1,true,true,false,false
idledger_lastwins,idledger,lastwins,false,R5,glm-5.2,3,E1,D1,true,true,false,false
idledger_lastwins,idledger,lastwins,false,R5,glm-5.2,3,E1,R1,true,true,false,false
idledger_lastwins,idledger,lastwins,false,R5,glm-5.2,3,E1,R2,true,true,false,false
idledger_lastwins,idledger,lastwins,false,R5,glm-5.2,3,E1,R3,true,true,false,false
idledger_lastwins,idledger,lastwins,false,R5,glm-5.2,3,E2,R4,true,true,false,false
idledger_lastwins,idledger,lastwins,false,R5,glm-5.2,3,E3,R5,true,false,true,false
idledger_lastwins,idledger,lastwins,false,R5,glm-5.2,3,E4,R6,true,true,false,false
idledger_lastwins,idledger,lastwins,false,R5,glm-5.2,3,E4,X1,true,true,false,false
idledger_lastwins,idledger,lastwins,false,R5,glm-5.2,3,E5,R7,true,true,false,false
idledger_lastwins,idledger,lastwins,false,R5,glm-5.2,3,E5,X2,true,true,false,false
idledger_lastwins,idledger,lastwins,false,R5,glm-5.2,3,E6,R8,true,true,false,false
idledger_lastwins,idledger,lastwins,false,R5,glm-5.2,3,E7,C2,true,true,false,false
idledger_lastwins,idledger,lastwins,false,R5,minimax-m3,1,E1,C1,true,true,false,false
idledger_lastwins,idledger,lastwins,false,R5,minimax-m3,1,E1,D1,true,true,false,false
idledger_lastwins,idledger,lastwins,false,R5,minimax-m3,1,E1,R1,true,true,false,false
idledger_lastwins,idledger,lastwins,false,R5,minimax-m3,1,E1,R2,true,true,false,false
idledger_lastwins,idledger,lastwins,false,R5,minimax-m3,1,E1,R3,true,true,false,false
idledger_lastwins,idledger,lastwins,false,R5,minimax-m3,1,E2,R4,true,true,false,false
idledger_lastwins,idledger,lastwins,false,R5,minimax-m3,1,E3,R5,true,true,false,false
idledger_lastwins,idledger,lastwins,false,R5,minimax-m3,1,E4,R6,true,true,false,false
idledger_lastwins,idledger,lastwins,false,R5,minimax-m3,1,E4,X1,true,true,false,false
idledger_lastwins,idledger,lastwins,false,R5,minimax-m3,1,E5,R7,true,true,false,false
idledger_lastwins,idledger,lastwins,false,R5,minimax-m3,1,E5,X2,true,true,false,false
idledger_lastwins,idledger,lastwins,false,R5,minimax-m3,1,E6,R8,true,true,false,false
idledger_lastwins,idledger,lastwins,false,R5,minimax-m3,1,E7,C2,true,true,false,false
idledger_lastwins,idledger,lastwins,false,R5,minimax-m3,2,E1,C1,true,true,false,false
idledger_lastwins,idledger,lastwins,false,R5,minimax-m3,2,E1,D1,true,true,false,false
idledger_lastwins,idledger,lastwins,false,R5,minimax-m3,2,E1,R1,true,true,false,false
idledger_lastwins,idledger,lastwins,false,R5,minimax-m3,2,E1,R2,true,true,false,false
idledger_lastwins,idledger,lastwins,false,R5,minimax-m3,2,E1,R3,true,true,false,false
idledger_lastwins,idledger,lastwins,false,R5,minimax-m3,2,E2,R4,true,true,false,false
idledger_lastwins,idledger,lastwins,false,R5,minimax-m3,2,E3,R5,true,true,false,false
idledger_lastwins,idledger,lastwins,false,R5,minimax-m3,2,E4,R6,true,true,false,false
idledger_lastwins,idledger,lastwins,false,R5,minimax-m3,2,E4,X1,true,true,false,false
idledger_lastwins,idledger,lastwins,false,R5,minimax-m3,2,E5,R7,true,true,false,false
idledger_lastwins,idledger,lastwins,false,R5,minimax-m3,2,E5,X2,true,true,false,false
idledger_lastwins,idledger,lastwins,false,R5,minimax-m3,2,E6,R8,true,true,false,false
idledger_lastwins,idledger,lastwins,false,R5,minimax-m3,2,E7,C2,true,true,false,false
idledger_lastwins,idledger,lastwins,false,R5,minimax-m3,3,E1,C1,true,true,false,false
idledger_lastwins,idledger,lastwins,false,R5,minimax-m3,3,E1,D1,true,true,false,false
idledger_lastwins,idledger,lastwins,false,R5,minimax-m3,3,E1,R1,true,true,false,false
idledger_lastwins,idledger,lastwins,false,R5,minimax-m3,3,E1,R2,true,true,false,false
idledger_lastwins,idledger,lastwins,false,R5,minimax-m3,3,E1,R3,true,true,false,false
idledger_lastwins,idledger,lastwins,false,R5,minimax-m3,3,E2,R4,true,true,false,false
idledger_lastwins,idledger,lastwins,false,R5,minimax-m3,3,E3,R5,true,false,true,false
idledger_lastwins,idledger,lastwins,false,R5,minimax-m3,3,E4,R6,true,true,false,false
idledger_lastwins,idledger,lastwins,false,R5,minimax-m3,3,E4,X1,true,true,false,false
idledger_lastwins,idledger,lastwins,false,R5,minimax-m3,3,E5,R7,true,true,false,false
idledger_lastwins,idledger,lastwins,false,R5,minimax-m3,3,E5,X2,true,true,false,false
idledger_lastwins,idledger,lastwins,false,R5,minimax-m3,3,E6,R8,true,true,false,false
idledger_lastwins,idledger,lastwins,false,R5,minimax-m3,3,E7,C2,true,true,false,false
idledger_lastwins,idledger,lastwins,false,R5,qwen3.7-max,1,E1,C1,true,true,false,false
idledger_lastwins,idledger,lastwins,false,R5,qwen3.7-max,1,E1,D1,true,false,true,false
idledger_lastwins,idledger,lastwins,false,R5,qwen3.7-max,1,E1,R1,true,true,false,false
idledger_lastwins,idledger,lastwins,false,R5,qwen3.7-max,1,E1,R2,true,true,false,false
idledger_lastwins,idledger,lastwins,false,R5,qwen3.7-max,1,E1,R3,true,false,true,false
idledger_lastwins,idledger,lastwins,false,R5,qwen3.7-max,1,E2,R4,true,true,false,false
idledger_lastwins,idledger,lastwins,false,R5,qwen3.7-max,1,E3,R5,true,false,true,false
idledger_lastwins,idledger,lastwins,false,R5,qwen3.7-max,1,E4,R6,true,true,false,false
idledger_lastwins,idledger,lastwins,false,R5,qwen3.7-max,1,E4,X1,true,true,false,false
idledger_lastwins,idledger,lastwins,false,R5,qwen3.7-max,1,E5,R7,true,true,false,false
idledger_lastwins,idledger,lastwins,false,R5,qwen3.7-max,1,E5,X2,true,true,false,false
idledger_lastwins,idledger,lastwins,false,R5,qwen3.7-max,1,E6,R8,true,true,false,false
idledger_lastwins,idledger,lastwins,false,R5,qwen3.7-max,1,E7,C2,true,true,false,false
idledger_lastwins,idledger,lastwins,false,R5,qwen3.7-max,2,E1,C1,true,true,false,false
idledger_lastwins,idledger,lastwins,false,R5,qwen3.7-max,2,E1,D1,true,true,false,false
idledger_lastwins,idledger,lastwins,false,R5,qwen3.7-max,2,E1,R1,true,true,false,false
idledger_lastwins,idledger,lastwins,false,R5,qwen3.7-max,2,E1,R2,true,true,false,false
idledger_lastwins,idledger,lastwins,false,R5,qwen3.7-max,2,E1,R3,true,true,false,false
idledger_lastwins,idledger,lastwins,false,R5,qwen3.7-max,2,E2,R4,true,true,false,false
idledger_lastwins,idledger,lastwins,false,R5,qwen3.7-max,2,E3,R5,true,true,false,false
idledger_lastwins,idledger,lastwins,false,R5,qwen3.7-max,2,E4,R6,true,true,false,false
idledger_lastwins,idledger,lastwins,false,R5,qwen3.7-max,2,E4,X1,true,true,false,false
idledger_lastwins,idledger,lastwins,false,R5,qwen3.7-max,2,E5,R7,true,true,false,false
idledger_lastwins,idledger,lastwins,false,R5,qwen3.7-max,2,E5,X2,true,true,false,false
idledger_lastwins,idledger,lastwins,false,R5,qwen3.7-max,2,E6,R8,true,true,false,false
idledger_lastwins,idledger,lastwins,false,R5,qwen3.7-max,2,E7,C2,true,true,false,false
idledger_lastwins,idledger,lastwins,false,R5,qwen3.7-max,3,E1,C1,true,true,false,false
idledger_lastwins,idledger,lastwins,false,R5,qwen3.7-max,3,E1,D1,true,false,true,false
idledger_lastwins,idledger,lastwins,false,R5,qwen3.7-max,3,E1,R1,true,true,false,false
idledger_lastwins,idledger,lastwins,false,R5,qwen3.7-max,3,E1,R2,true,true,false,false
idledger_lastwins,idledger,lastwins,false,R5,qwen3.7-max,3,E1,R3,true,false,true,false
idledger_lastwins,idledger,lastwins,false,R5,qwen3.7-max,3,E2,R4,true,true,false,false
idledger_lastwins,idledger,lastwins,false,R5,qwen3.7-max,3,E3,R5,true,true,false,false
idledger_lastwins,idledger,lastwins,false,R5,qwen3.7-max,3,E4,R6,true,true,false,false
idledger_lastwins,idledger,lastwins,false,R5,qwen3.7-max,3,E4,X1,true,true,false,false
idledger_lastwins,idledger,lastwins,false,R5,qwen3.7-max,3,E5,R7,true,true,false,false
idledger_lastwins,idledger,lastwins,false,R5,qwen3.7-max,3,E5,X2,true,true,false,false
idledger_lastwins,idledger,lastwins,false,R5,qwen3.7-max,3,E6,R8,true,true,false,false
idledger_lastwins,idledger,lastwins,false,R5,qwen3.7-max,3,E7,C2,true,true,false,false
tokenquota_base,tokenquota,base,true,R4,glm-5.2,1,E1,D1,true,true,false,false
tokenquota_base,tokenquota,base,true,R4,glm-5.2,1,E1,R1,true,true,false,false
tokenquota_base,tokenquota,base,true,R4,glm-5.2,1,E1,R2,true,true,false,false
tokenquota_base,tokenquota,base,true,R4,glm-5.2,1,E2,R3,true,true,false,false
tokenquota_base,tokenquota,base,true,R4,glm-5.2,1,E2,R4,true,true,false,false
tokenquota_base,tokenquota,base,true,R4,glm-5.2,1,E2,R5,true,true,false,false
tokenquota_base,tokenquota,base,true,R4,glm-5.2,1,E3,R3,true,true,false,false
tokenquota_base,tokenquota,base,true,R4,glm-5.2,1,E4,R6,false,false,false,false
tokenquota_base,tokenquota,base,true,R4,glm-5.2,1,E4,X1,false,false,false,false
tokenquota_base,tokenquota,base,true,R4,glm-5.2,1,E5,R7,true,true,false,false
tokenquota_base,tokenquota,base,true,R4,glm-5.2,1,E6,C1,false,false,false,false
tokenquota_base,tokenquota,base,true,R4,glm-5.2,1,E6,R3,false,true,false,false
tokenquota_base,tokenquota,base,true,R4,glm-5.2,2,E1,D1,true,true,false,false
tokenquota_base,tokenquota,base,true,R4,glm-5.2,2,E1,R1,true,true,false,false
tokenquota_base,tokenquota,base,true,R4,glm-5.2,2,E1,R2,true,true,false,false
tokenquota_base,tokenquota,base,true,R4,glm-5.2,2,E2,R3,true,true,false,false
tokenquota_base,tokenquota,base,true,R4,glm-5.2,2,E2,R4,true,true,false,false
tokenquota_base,tokenquota,base,true,R4,glm-5.2,2,E2,R5,true,true,false,false
tokenquota_base,tokenquota,base,true,R4,glm-5.2,2,E3,R3,true,true,false,false
tokenquota_base,tokenquota,base,true,R4,glm-5.2,2,E4,R6,false,false,false,false
tokenquota_base,tokenquota,base,true,R4,glm-5.2,2,E4,X1,false,false,false,false
tokenquota_base,tokenquota,base,true,R4,glm-5.2,2,E5,R7,true,true,false,false
tokenquota_base,tokenquota,base,true,R4,glm-5.2,2,E6,C1,false,false,false,false
tokenquota_base,tokenquota,base,true,R4,glm-5.2,2,E6,R3,false,true,false,false
tokenquota_base,tokenquota,base,true,R4,glm-5.2,3,E1,D1,true,true,false,false
tokenquota_base,tokenquota,base,true,R4,glm-5.2,3,E1,R1,true,true,false,false
tokenquota_base,tokenquota,base,true,R4,glm-5.2,3,E1,R2,true,true,false,false
tokenquota_base,tokenquota,base,true,R4,glm-5.2,3,E2,R3,true,true,false,false
tokenquota_base,tokenquota,base,true,R4,glm-5.2,3,E2,R4,true,true,false,false
tokenquota_base,tokenquota,base,true,R4,glm-5.2,3,E2,R5,true,true,false,false
tokenquota_base,tokenquota,base,true,R4,glm-5.2,3,E3,R3,true,true,false,false
tokenquota_base,tokenquota,base,true,R4,glm-5.2,3,E4,R6,false,false,false,false
tokenquota_base,tokenquota,base,true,R4,glm-5.2,3,E4,X1,false,false,false,false
tokenquota_base,tokenquota,base,true,R4,glm-5.2,3,E5,R7,true,true,false,false
tokenquota_base,tokenquota,base,true,R4,glm-5.2,3,E6,C1,false,false,false,false
tokenquota_base,tokenquota,base,true,R4,glm-5.2,3,E6,R3,false,true,false,false
tokenquota_base,tokenquota,base,true,R4,minimax-m3,1,E1,D1,true,true,false,false
tokenquota_base,tokenquota,base,true,R4,minimax-m3,1,E1,R1,true,true,false,false
tokenquota_base,tokenquota,base,true,R4,minimax-m3,1,E1,R2,true,true,false,false
tokenquota_base,tokenquota,base,true,R4,minimax-m3,1,E2,R3,true,true,false,false
tokenquota_base,tokenquota,base,true,R4,minimax-m3,1,E2,R4,true,true,false,false
tokenquota_base,tokenquota,base,true,R4,minimax-m3,1,E2,R5,true,true,false,false
tokenquota_base,tokenquota,base,true,R4,minimax-m3,1,E3,R3,true,true,false,false
tokenquota_base,tokenquota,base,true,R4,minimax-m3,1,E4,R6,false,false,false,false
tokenquota_base,tokenquota,base,true,R4,minimax-m3,1,E4,X1,false,false,false,false
tokenquota_base,tokenquota,base,true,R4,minimax-m3,1,E5,R7,true,true,false,false
tokenquota_base,tokenquota,base,true,R4,minimax-m3,1,E6,C1,true,true,false,false
tokenquota_base,tokenquota,base,true,R4,minimax-m3,1,E6,R3,true,true,false,false
tokenquota_base,tokenquota,base,true,R4,minimax-m3,2,E1,D1,true,true,false,false
tokenquota_base,tokenquota,base,true,R4,minimax-m3,2,E1,R1,true,true,false,false
tokenquota_base,tokenquota,base,true,R4,minimax-m3,2,E1,R2,true,true,false,false
tokenquota_base,tokenquota,base,true,R4,minimax-m3,2,E2,R3,true,true,false,false
tokenquota_base,tokenquota,base,true,R4,minimax-m3,2,E2,R4,true,true,false,false
tokenquota_base,tokenquota,base,true,R4,minimax-m3,2,E2,R5,true,true,false,false
tokenquota_base,tokenquota,base,true,R4,minimax-m3,2,E3,R3,true,true,false,false
tokenquota_base,tokenquota,base,true,R4,minimax-m3,2,E4,R6,false,false,false,false
tokenquota_base,tokenquota,base,true,R4,minimax-m3,2,E4,X1,false,false,false,false
tokenquota_base,tokenquota,base,true,R4,minimax-m3,2,E5,R7,true,true,false,false
tokenquota_base,tokenquota,base,true,R4,minimax-m3,2,E6,C1,false,false,false,false
tokenquota_base,tokenquota,base,true,R4,minimax-m3,2,E6,R3,false,true,false,false
tokenquota_base,tokenquota,base,true,R4,minimax-m3,3,E1,D1,true,true,false,false
tokenquota_base,tokenquota,base,true,R4,minimax-m3,3,E1,R1,true,true,false,false
tokenquota_base,tokenquota,base,true,R4,minimax-m3,3,E1,R2,true,true,false,false
tokenquota_base,tokenquota,base,true,R4,minimax-m3,3,E2,R3,true,true,false,false
tokenquota_base,tokenquota,base,true,R4,minimax-m3,3,E2,R4,true,true,false,false
tokenquota_base,tokenquota,base,true,R4,minimax-m3,3,E2,R5,true,true,false,false
tokenquota_base,tokenquota,base,true,R4,minimax-m3,3,E3,R3,true,true,false,false
tokenquota_base,tokenquota,base,true,R4,minimax-m3,3,E4,R6,false,false,false,false
tokenquota_base,tokenquota,base,true,R4,minimax-m3,3,E4,X1,false,false,false,false
tokenquota_base,tokenquota,base,true,R4,minimax-m3,3,E5,R7,true,true,false,false
tokenquota_base,tokenquota,base,true,R4,minimax-m3,3,E6,C1,true,true,false,false
tokenquota_base,tokenquota,base,true,R4,minimax-m3,3,E6,R3,true,true,false,false
tokenquota_base,tokenquota,base,true,R4,qwen3.7-max,1,E1,D1,true,true,false,false
tokenquota_base,tokenquota,base,true,R4,qwen3.7-max,1,E1,R1,true,true,false,false
tokenquota_base,tokenquota,base,true,R4,qwen3.7-max,1,E1,R2,true,true,false,false
tokenquota_base,tokenquota,base,true,R4,qwen3.7-max,1,E2,R3,true,true,false,false
tokenquota_base,tokenquota,base,true,R4,qwen3.7-max,1,E2,R4,true,true,false,false
tokenquota_base,tokenquota,base,true,R4,qwen3.7-max,1,E2,R5,true,true,false,false
tokenquota_base,tokenquota,base,true,R4,qwen3.7-max,1,E3,R3,true,true,false,false
tokenquota_base,tokenquota,base,true,R4,qwen3.7-max,1,E4,R6,false,false,false,false
tokenquota_base,tokenquota,base,true,R4,qwen3.7-max,1,E4,X1,false,false,false,false
tokenquota_base,tokenquota,base,true,R4,qwen3.7-max,1,E5,R7,true,true,false,false
tokenquota_base,tokenquota,base,true,R4,qwen3.7-max,1,E6,C1,false,false,false,false
tokenquota_base,tokenquota,base,true,R4,qwen3.7-max,1,E6,R3,false,true,false,false
tokenquota_base,tokenquota,base,true,R4,qwen3.7-max,2,E1,D1,true,true,false,false
tokenquota_base,tokenquota,base,true,R4,qwen3.7-max,2,E1,R1,true,true,false,false
tokenquota_base,tokenquota,base,true,R4,qwen3.7-max,2,E1,R2,true,true,false,false
tokenquota_base,tokenquota,base,true,R4,qwen3.7-max,2,E2,R3,true,true,false,false
tokenquota_base,tokenquota,base,true,R4,qwen3.7-max,2,E2,R4,true,true,false,false
tokenquota_base,tokenquota,base,true,R4,qwen3.7-max,2,E2,R5,true,true,false,false
tokenquota_base,tokenquota,base,true,R4,qwen3.7-max,2,E3,R3,true,true,false,false
tokenquota_base,tokenquota,base,true,R4,qwen3.7-max,2,E4,R6,false,false,false,false
tokenquota_base,tokenquota,base,true,R4,qwen3.7-max,2,E4,X1,false,false,false,false
tokenquota_base,tokenquota,base,true,R4,qwen3.7-max,2,E5,R7,true,true,false,false
tokenquota_base,tokenquota,base,true,R4,qwen3.7-max,2,E6,C1,false,false,false,false
tokenquota_base,tokenquota,base,true,R4,qwen3.7-max,2,E6,R3,false,true,false,false
tokenquota_base,tokenquota,base,true,R4,qwen3.7-max,3,E1,D1,true,true,false,false
tokenquota_base,tokenquota,base,true,R4,qwen3.7-max,3,E1,R1,true,true,false,false
tokenquota_base,tokenquota,base,true,R4,qwen3.7-max,3,E1,R2,true,true,false,false
tokenquota_base,tokenquota,base,true,R4,qwen3.7-max,3,E2,R3,true,true,false,false
tokenquota_base,tokenquota,base,true,R4,qwen3.7-max,3,E2,R4,true,true,false,false
tokenquota_base,tokenquota,base,true,R4,qwen3.7-max,3,E2,R5,true,true,false,false
tokenquota_base,tokenquota,base,true,R4,qwen3.7-max,3,E3,R3,true,true,false,false
tokenquota_base,tokenquota,base,true,R4,qwen3.7-max,3,E4,R6,false,false,false,false
tokenquota_base,tokenquota,base,true,R4,qwen3.7-max,3,E4,X1,false,false,false,false
tokenquota_base,tokenquota,base,true,R4,qwen3.7-max,3,E5,R7,true,true,false,false
tokenquota_base,tokenquota,base,true,R4,qwen3.7-max,3,E6,C1,true,true,false,false
tokenquota_base,tokenquota,base,true,R4,qwen3.7-max,3,E6,R3,true,true,false,false
tokenquota_ceiling,tokenquota,ceiling,false,R4,glm-5.2,1,E1,D1,true,true,false,false
tokenquota_ceiling,tokenquota,ceiling,false,R4,glm-5.2,1,E1,R1,true,true,false,false
tokenquota_ceiling,tokenquota,ceiling,false,R4,glm-5.2,1,E1,R2,true,true,false,false
tokenquota_ceiling,tokenquota,ceiling,false,R4,glm-5.2,1,E2,R3,true,true,false,false
tokenquota_ceiling,tokenquota,ceiling,false,R4,glm-5.2,1,E2,R4,true,true,false,false
tokenquota_ceiling,tokenquota,ceiling,false,R4,glm-5.2,1,E2,R5,true,true,false,false
tokenquota_ceiling,tokenquota,ceiling,false,R4,glm-5.2,1,E3,R3,true,true,false,false
tokenquota_ceiling,tokenquota,ceiling,false,R4,glm-5.2,1,E4,R6,false,false,false,false
tokenquota_ceiling,tokenquota,ceiling,false,R4,glm-5.2,1,E4,X1,false,false,false,false
tokenquota_ceiling,tokenquota,ceiling,false,R4,glm-5.2,1,E5,R7,true,true,false,false
tokenquota_ceiling,tokenquota,ceiling,false,R4,glm-5.2,1,E6,C1,false,false,false,false
tokenquota_ceiling,tokenquota,ceiling,false,R4,glm-5.2,1,E6,R3,false,true,false,false
tokenquota_ceiling,tokenquota,ceiling,false,R4,glm-5.2,2,E1,D1,true,true,false,false
tokenquota_ceiling,tokenquota,ceiling,false,R4,glm-5.2,2,E1,R1,true,true,false,false
tokenquota_ceiling,tokenquota,ceiling,false,R4,glm-5.2,2,E1,R2,true,true,false,false
tokenquota_ceiling,tokenquota,ceiling,false,R4,glm-5.2,2,E2,R3,true,true,false,false
tokenquota_ceiling,tokenquota,ceiling,false,R4,glm-5.2,2,E2,R4,true,true,false,false
tokenquota_ceiling,tokenquota,ceiling,false,R4,glm-5.2,2,E2,R5,true,true,false,false
tokenquota_ceiling,tokenquota,ceiling,false,R4,glm-5.2,2,E3,R3,true,true,false,false
tokenquota_ceiling,tokenquota,ceiling,false,R4,glm-5.2,2,E4,R6,false,false,false,false
tokenquota_ceiling,tokenquota,ceiling,false,R4,glm-5.2,2,E4,X1,false,false,false,false
tokenquota_ceiling,tokenquota,ceiling,false,R4,glm-5.2,2,E5,R7,true,true,false,false
tokenquota_ceiling,tokenquota,ceiling,false,R4,glm-5.2,2,E6,C1,true,true,false,false
tokenquota_ceiling,tokenquota,ceiling,false,R4,glm-5.2,2,E6,R3,true,true,false,false
tokenquota_ceiling,tokenquota,ceiling,false,R4,glm-5.2,3,E1,D1,true,true,false,false
tokenquota_ceiling,tokenquota,ceiling,false,R4,glm-5.2,3,E1,R1,true,true,false,false
tokenquota_ceiling,tokenquota,ceiling,false,R4,glm-5.2,3,E1,R2,true,true,false,false
tokenquota_ceiling,tokenquota,ceiling,false,R4,glm-5.2,3,E2,R3,true,true,false,false
tokenquota_ceiling,tokenquota,ceiling,false,R4,glm-5.2,3,E2,R4,true,true,false,false
tokenquota_ceiling,tokenquota,ceiling,false,R4,glm-5.2,3,E2,R5,true,true,false,false
tokenquota_ceiling,tokenquota,ceiling,false,R4,glm-5.2,3,E3,R3,true,true,false,false
tokenquota_ceiling,tokenquota,ceiling,false,R4,glm-5.2,3,E4,R6,false,false,false,false
tokenquota_ceiling,tokenquota,ceiling,false,R4,glm-5.2,3,E4,X1,false,false,false,false
tokenquota_ceiling,tokenquota,ceiling,false,R4,glm-5.2,3,E5,R7,true,true,false,false
tokenquota_ceiling,tokenquota,ceiling,false,R4,glm-5.2,3,E6,C1,false,false,false,false
tokenquota_ceiling,tokenquota,ceiling,false,R4,glm-5.2,3,E6,R3,false,true,false,false
tokenquota_ceiling,tokenquota,ceiling,false,R4,minimax-m3,1,E1,D1,true,true,false,false
tokenquota_ceiling,tokenquota,ceiling,false,R4,minimax-m3,1,E1,R1,true,true,false,false
tokenquota_ceiling,tokenquota,ceiling,false,R4,minimax-m3,1,E1,R2,true,true,false,false
tokenquota_ceiling,tokenquota,ceiling,false,R4,minimax-m3,1,E2,R3,true,true,false,false
tokenquota_ceiling,tokenquota,ceiling,false,R4,minimax-m3,1,E2,R4,true,true,false,false
tokenquota_ceiling,tokenquota,ceiling,false,R4,minimax-m3,1,E2,R5,true,true,false,false
tokenquota_ceiling,tokenquota,ceiling,false,R4,minimax-m3,1,E3,R3,true,true,false,false
tokenquota_ceiling,tokenquota,ceiling,false,R4,minimax-m3,1,E4,R6,false,false,false,false
tokenquota_ceiling,tokenquota,ceiling,false,R4,minimax-m3,1,E4,X1,false,false,false,false
tokenquota_ceiling,tokenquota,ceiling,false,R4,minimax-m3,1,E5,R7,true,true,false,false
tokenquota_ceiling,tokenquota,ceiling,false,R4,minimax-m3,1,E6,C1,false,false,false,false
tokenquota_ceiling,tokenquota,ceiling,false,R4,minimax-m3,1,E6,R3,false,true,false,false
tokenquota_ceiling,tokenquota,ceiling,false,R4,minimax-m3,2,E1,D1,true,true,false,false
tokenquota_ceiling,tokenquota,ceiling,false,R4,minimax-m3,2,E1,R1,true,true,false,false
tokenquota_ceiling,tokenquota,ceiling,false,R4,minimax-m3,2,E1,R2,true,true,false,false
tokenquota_ceiling,tokenquota,ceiling,false,R4,minimax-m3,2,E2,R3,true,true,false,false
tokenquota_ceiling,tokenquota,ceiling,false,R4,minimax-m3,2,E2,R4,true,true,false,false
tokenquota_ceiling,tokenquota,ceiling,false,R4,minimax-m3,2,E2,R5,true,true,false,false
tokenquota_ceiling,tokenquota,ceiling,false,R4,minimax-m3,2,E3,R3,true,true,false,false
tokenquota_ceiling,tokenquota,ceiling,false,R4,minimax-m3,2,E4,R6,false,false,false,false
tokenquota_ceiling,tokenquota,ceiling,false,R4,minimax-m3,2,E4,X1,false,false,false,false
tokenquota_ceiling,tokenquota,ceiling,false,R4,minimax-m3,2,E5,R7,true,true,false,false
tokenquota_ceiling,tokenquota,ceiling,false,R4,minimax-m3,2,E6,C1,true,true,false,false
tokenquota_ceiling,tokenquota,ceiling,false,R4,minimax-m3,2,E6,R3,true,true,false,false
tokenquota_ceiling,tokenquota,ceiling,false,R4,minimax-m3,3,E1,D1,true,true,false,false
tokenquota_ceiling,tokenquota,ceiling,false,R4,minimax-m3,3,E1,R1,true,true,false,false
tokenquota_ceiling,tokenquota,ceiling,false,R4,minimax-m3,3,E1,R2,true,true,false,false
tokenquota_ceiling,tokenquota,ceiling,false,R4,minimax-m3,3,E2,R3,true,true,false,false
tokenquota_ceiling,tokenquota,ceiling,false,R4,minimax-m3,3,E2,R4,true,true,false,false
tokenquota_ceiling,tokenquota,ceiling,false,R4,minimax-m3,3,E2,R5,true,true,false,false
tokenquota_ceiling,tokenquota,ceiling,false,R4,minimax-m3,3,E3,R3,true,true,false,false
tokenquota_ceiling,tokenquota,ceiling,false,R4,minimax-m3,3,E4,R6,false,false,false,false
tokenquota_ceiling,tokenquota,ceiling,false,R4,minimax-m3,3,E4,X1,false,false,false,false
tokenquota_ceiling,tokenquota,ceiling,false,R4,minimax-m3,3,E5,R7,true,true,false,false
tokenquota_ceiling,tokenquota,ceiling,false,R4,minimax-m3,3,E6,C1,true,true,false,false
tokenquota_ceiling,tokenquota,ceiling,false,R4,minimax-m3,3,E6,R3,true,true,false,false
tokenquota_ceiling,tokenquota,ceiling,false,R4,qwen3.7-max,1,E1,D1,true,true,false,false
tokenquota_ceiling,tokenquota,ceiling,false,R4,qwen3.7-max,1,E1,R1,true,true,false,false
tokenquota_ceiling,tokenquota,ceiling,false,R4,qwen3.7-max,1,E1,R2,true,true,false,false
tokenquota_ceiling,tokenquota,ceiling,false,R4,qwen3.7-max,1,E2,R3,true,true,false,false
tokenquota_ceiling,tokenquota,ceiling,false,R4,qwen3.7-max,1,E2,R4,true,true,false,false
tokenquota_ceiling,tokenquota,ceiling,false,R4,qwen3.7-max,1,E2,R5,true,true,false,false
tokenquota_ceiling,tokenquota,ceiling,false,R4,qwen3.7-max,1,E3,R3,true,true,false,false
tokenquota_ceiling,tokenquota,ceiling,false,R4,qwen3.7-max,1,E4,R6,false,false,false,false
tokenquota_ceiling,tokenquota,ceiling,false,R4,qwen3.7-max,1,E4,X1,false,false,false,false
tokenquota_ceiling,tokenquota,ceiling,false,R4,qwen3.7-max,1,E5,R7,true,true,false,false
tokenquota_ceiling,tokenquota,ceiling,false,R4,qwen3.7-max,1,E6,C1,true,true,false,false
tokenquota_ceiling,tokenquota,ceiling,false,R4,qwen3.7-max,1,E6,R3,true,true,false,false
tokenquota_ceiling,tokenquota,ceiling,false,R4,qwen3.7-max,2,E1,D1,true,true,false,false
tokenquota_ceiling,tokenquota,ceiling,false,R4,qwen3.7-max,2,E1,R1,true,true,false,false
tokenquota_ceiling,tokenquota,ceiling,false,R4,qwen3.7-max,2,E1,R2,true,true,false,false
tokenquota_ceiling,tokenquota,ceiling,false,R4,qwen3.7-max,2,E2,R3,true,true,false,false
tokenquota_ceiling,tokenquota,ceiling,false,R4,qwen3.7-max,2,E2,R4,true,true,false,false
tokenquota_ceiling,tokenquota,ceiling,false,R4,qwen3.7-max,2,E2,R5,true,true,false,false
tokenquota_ceiling,tokenquota,ceiling,false,R4,qwen3.7-max,2,E3,R3,true,true,false,false
tokenquota_ceiling,tokenquota,ceiling,false,R4,qwen3.7-max,2,E4,R6,false,false,false,false
tokenquota_ceiling,tokenquota,ceiling,false,R4,qwen3.7-max,2,E4,X1,false,false,false,false
tokenquota_ceiling,tokenquota,ceiling,false,R4,qwen3.7-max,2,E5,R7,true,true,false,false
tokenquota_ceiling,tokenquota,ceiling,false,R4,qwen3.7-max,2,E6,C1,true,true,false,false
tokenquota_ceiling,tokenquota,ceiling,false,R4,qwen3.7-max,2,E6,R3,true,true,false,false
tokenquota_ceiling,tokenquota,ceiling,false,R4,qwen3.7-max,3,E1,D1,true,true,false,false
tokenquota_ceiling,tokenquota,ceiling,false,R4,qwen3.7-max,3,E1,R1,true,true,false,false
tokenquota_ceiling,tokenquota,ceiling,false,R4,qwen3.7-max,3,E1,R2,true,true,false,false
tokenquota_ceiling,tokenquota,ceiling,false,R4,qwen3.7-max,3,E2,R3,true,true,false,false
tokenquota_ceiling,tokenquota,ceiling,false,R4,qwen3.7-max,3,E2,R4,true,true,false,false
tokenquota_ceiling,tokenquota,ceiling,false,R4,qwen3.7-max,3,E2,R5,true,true,false,false
tokenquota_ceiling,tokenquota,ceiling,false,R4,qwen3.7-max,3,E3,R3,true,true,false,false
tokenquota_ceiling,tokenquota,ceiling,false,R4,qwen3.7-max,3,E4,R6,false,false,false,false
tokenquota_ceiling,tokenquota,ceiling,false,R4,qwen3.7-max,3,E4,X1,false,false,false,false
tokenquota_ceiling,tokenquota,ceiling,false,R4,qwen3.7-max,3,E5,R7,true,true,false,false
tokenquota_ceiling,tokenquota,ceiling,false,R4,qwen3.7-max,3,E6,C1,true,true,false,false
tokenquota_ceiling,tokenquota,ceiling,false,R4,qwen3.7-max,3,E6,R3,true,true,false,false
tokenquota_floor,tokenquota,floor,false,R4,glm-5.2,1,E1,D1,true,true,false,false
tokenquota_floor,tokenquota,floor,false,R4,glm-5.2,1,E1,R1,true,true,false,false
tokenquota_floor,tokenquota,floor,false,R4,glm-5.2,1,E1,R2,true,true,false,false
tokenquota_floor,tokenquota,floor,false,R4,glm-5.2,1,E2,R3,true,true,false,false
tokenquota_floor,tokenquota,floor,false,R4,glm-5.2,1,E2,R4,true,true,false,false
tokenquota_floor,tokenquota,floor,false,R4,glm-5.2,1,E2,R5,true,true,false,false
tokenquota_floor,tokenquota,floor,false,R4,glm-5.2,1,E3,R3,true,true,false,false
tokenquota_floor,tokenquota,floor,false,R4,glm-5.2,1,E4,R6,false,false,false,false
tokenquota_floor,tokenquota,floor,false,R4,glm-5.2,1,E4,X1,false,false,false,false
tokenquota_floor,tokenquota,floor,false,R4,glm-5.2,1,E5,R7,true,true,false,false
tokenquota_floor,tokenquota,floor,false,R4,glm-5.2,1,E6,C1,true,true,false,false
tokenquota_floor,tokenquota,floor,false,R4,glm-5.2,1,E6,R3,true,true,false,false
tokenquota_floor,tokenquota,floor,false,R4,glm-5.2,2,E1,D1,true,true,false,false
tokenquota_floor,tokenquota,floor,false,R4,glm-5.2,2,E1,R1,true,false,true,false
tokenquota_floor,tokenquota,floor,false,R4,glm-5.2,2,E1,R2,true,false,true,false
tokenquota_floor,tokenquota,floor,false,R4,glm-5.2,2,E2,R3,true,true,false,false
tokenquota_floor,tokenquota,floor,false,R4,glm-5.2,2,E2,R4,true,true,false,false
tokenquota_floor,tokenquota,floor,false,R4,glm-5.2,2,E2,R5,true,true,false,false
tokenquota_floor,tokenquota,floor,false,R4,glm-5.2,2,E3,R3,true,true,false,false
tokenquota_floor,tokenquota,floor,false,R4,glm-5.2,2,E4,R6,false,false,false,false
tokenquota_floor,tokenquota,floor,false,R4,glm-5.2,2,E4,X1,false,false,false,false
tokenquota_floor,tokenquota,floor,false,R4,glm-5.2,2,E5,R7,true,true,false,false
tokenquota_floor,tokenquota,floor,false,R4,glm-5.2,2,E6,C1,true,true,false,false
tokenquota_floor,tokenquota,floor,false,R4,glm-5.2,2,E6,R3,true,true,false,false
tokenquota_floor,tokenquota,floor,false,R4,glm-5.2,3,E1,D1,true,true,false,false
tokenquota_floor,tokenquota,floor,false,R4,glm-5.2,3,E1,R1,true,true,false,false
tokenquota_floor,tokenquota,floor,false,R4,glm-5.2,3,E1,R2,true,true,false,false
tokenquota_floor,tokenquota,floor,false,R4,glm-5.2,3,E2,R3,true,true,false,false
tokenquota_floor,tokenquota,floor,false,R4,glm-5.2,3,E2,R4,true,true,false,false
tokenquota_floor,tokenquota,floor,false,R4,glm-5.2,3,E2,R5,true,true,false,false
tokenquota_floor,tokenquota,floor,false,R4,glm-5.2,3,E3,R3,true,true,false,false
tokenquota_floor,tokenquota,floor,false,R4,glm-5.2,3,E4,R6,false,false,false,false
tokenquota_floor,tokenquota,floor,false,R4,glm-5.2,3,E4,X1,false,false,false,false
tokenquota_floor,tokenquota,floor,false,R4,glm-5.2,3,E5,R7,true,true,false,false
tokenquota_floor,tokenquota,floor,false,R4,glm-5.2,3,E6,C1,false,false,false,false
tokenquota_floor,tokenquota,floor,false,R4,glm-5.2,3,E6,R3,false,true,false,false
tokenquota_floor,tokenquota,floor,false,R4,minimax-m3,1,E1,D1,false,false,false,false
tokenquota_floor,tokenquota,floor,false,R4,minimax-m3,1,E1,R1,true,false,true,false
tokenquota_floor,tokenquota,floor,false,R4,minimax-m3,1,E1,R2,false,false,false,false
tokenquota_floor,tokenquota,floor,false,R4,minimax-m3,1,E2,R3,false,false,false,false
tokenquota_floor,tokenquota,floor,false,R4,minimax-m3,1,E2,R4,false,false,false,false
tokenquota_floor,tokenquota,floor,false,R4,minimax-m3,1,E2,R5,false,false,false,false
tokenquota_floor,tokenquota,floor,false,R4,minimax-m3,1,E3,R3,false,false,false,false
tokenquota_floor,tokenquota,floor,false,R4,minimax-m3,1,E4,R6,false,false,false,false
tokenquota_floor,tokenquota,floor,false,R4,minimax-m3,1,E4,X1,false,false,false,false
tokenquota_floor,tokenquota,floor,false,R4,minimax-m3,1,E5,R7,false,false,false,false
tokenquota_floor,tokenquota,floor,false,R4,minimax-m3,1,E6,C1,false,false,false,false
tokenquota_floor,tokenquota,floor,false,R4,minimax-m3,1,E6,R3,false,false,false,false
tokenquota_floor,tokenquota,floor,false,R4,minimax-m3,2,E1,D1,true,true,false,false
tokenquota_floor,tokenquota,floor,false,R4,minimax-m3,2,E1,R1,true,true,false,false
tokenquota_floor,tokenquota,floor,false,R4,minimax-m3,2,E1,R2,true,true,false,false
tokenquota_floor,tokenquota,floor,false,R4,minimax-m3,2,E2,R3,true,true,false,false
tokenquota_floor,tokenquota,floor,false,R4,minimax-m3,2,E2,R4,true,true,false,false
tokenquota_floor,tokenquota,floor,false,R4,minimax-m3,2,E2,R5,true,true,false,false
tokenquota_floor,tokenquota,floor,false,R4,minimax-m3,2,E3,R3,true,true,false,false
tokenquota_floor,tokenquota,floor,false,R4,minimax-m3,2,E4,R6,false,false,false,false
tokenquota_floor,tokenquota,floor,false,R4,minimax-m3,2,E4,X1,false,false,false,false
tokenquota_floor,tokenquota,floor,false,R4,minimax-m3,2,E5,R7,true,true,false,false
tokenquota_floor,tokenquota,floor,false,R4,minimax-m3,2,E6,C1,true,true,false,false
tokenquota_floor,tokenquota,floor,false,R4,minimax-m3,2,E6,R3,true,true,false,false
tokenquota_floor,tokenquota,floor,false,R4,minimax-m3,3,E1,D1,true,true,false,false
tokenquota_floor,tokenquota,floor,false,R4,minimax-m3,3,E1,R1,true,true,false,false
tokenquota_floor,tokenquota,floor,false,R4,minimax-m3,3,E1,R2,true,true,false,false
tokenquota_floor,tokenquota,floor,false,R4,minimax-m3,3,E2,R3,true,true,false,false
tokenquota_floor,tokenquota,floor,false,R4,minimax-m3,3,E2,R4,true,true,false,false
tokenquota_floor,tokenquota,floor,false,R4,minimax-m3,3,E2,R5,true,true,false,false
tokenquota_floor,tokenquota,floor,false,R4,minimax-m3,3,E3,R3,true,true,false,false
tokenquota_floor,tokenquota,floor,false,R4,minimax-m3,3,E4,R6,false,false,false,false
tokenquota_floor,tokenquota,floor,false,R4,minimax-m3,3,E4,X1,false,false,false,false
tokenquota_floor,tokenquota,floor,false,R4,minimax-m3,3,E5,R7,true,true,false,false
tokenquota_floor,tokenquota,floor,false,R4,minimax-m3,3,E6,C1,true,true,false,false
tokenquota_floor,tokenquota,floor,false,R4,minimax-m3,3,E6,R3,true,true,false,false
tokenquota_floor,tokenquota,floor,false,R4,qwen3.7-max,1,E1,D1,true,true,false,false
tokenquota_floor,tokenquota,floor,false,R4,qwen3.7-max,1,E1,R1,true,false,true,false
tokenquota_floor,tokenquota,floor,false,R4,qwen3.7-max,1,E1,R2,true,false,true,false
tokenquota_floor,tokenquota,floor,false,R4,qwen3.7-max,1,E2,R3,true,true,false,false
tokenquota_floor,tokenquota,floor,false,R4,qwen3.7-max,1,E2,R4,true,true,false,false
tokenquota_floor,tokenquota,floor,false,R4,qwen3.7-max,1,E2,R5,true,true,false,false
tokenquota_floor,tokenquota,floor,false,R4,qwen3.7-max,1,E3,R3,true,true,false,false
tokenquota_floor,tokenquota,floor,false,R4,qwen3.7-max,1,E4,R6,false,false,false,false
tokenquota_floor,tokenquota,floor,false,R4,qwen3.7-max,1,E4,X1,false,false,false,false
tokenquota_floor,tokenquota,floor,false,R4,qwen3.7-max,1,E5,R7,true,true,false,false
tokenquota_floor,tokenquota,floor,false,R4,qwen3.7-max,1,E6,C1,false,false,false,false
tokenquota_floor,tokenquota,floor,false,R4,qwen3.7-max,1,E6,R3,false,true,false,false
tokenquota_floor,tokenquota,floor,false,R4,qwen3.7-max,2,E1,D1,true,true,false,false
tokenquota_floor,tokenquota,floor,false,R4,qwen3.7-max,2,E1,R1,true,true,false,false
tokenquota_floor,tokenquota,floor,false,R4,qwen3.7-max,2,E1,R2,true,true,false,false
tokenquota_floor,tokenquota,floor,false,R4,qwen3.7-max,2,E2,R3,true,true,false,false
tokenquota_floor,tokenquota,floor,false,R4,qwen3.7-max,2,E2,R4,true,true,false,false
tokenquota_floor,tokenquota,floor,false,R4,qwen3.7-max,2,E2,R5,true,true,false,false
tokenquota_floor,tokenquota,floor,false,R4,qwen3.7-max,2,E3,R3,true,true,false,false
tokenquota_floor,tokenquota,floor,false,R4,qwen3.7-max,2,E4,R6,false,false,false,false
tokenquota_floor,tokenquota,floor,false,R4,qwen3.7-max,2,E4,X1,false,false,false,false
tokenquota_floor,tokenquota,floor,false,R4,qwen3.7-max,2,E5,R7,true,true,false,false
tokenquota_floor,tokenquota,floor,false,R4,qwen3.7-max,2,E6,C1,true,true,false,false
tokenquota_floor,tokenquota,floor,false,R4,qwen3.7-max,2,E6,R3,true,true,false,false
tokenquota_floor,tokenquota,floor,false,R4,qwen3.7-max,3,E1,D1,true,true,false,false
tokenquota_floor,tokenquota,floor,false,R4,qwen3.7-max,3,E1,R1,true,true,false,false
tokenquota_floor,tokenquota,floor,false,R4,qwen3.7-max,3,E1,R2,true,true,false,false
tokenquota_floor,tokenquota,floor,false,R4,qwen3.7-max,3,E2,R3,true,true,false,false
tokenquota_floor,tokenquota,floor,false,R4,qwen3.7-max,3,E2,R4,true,true,false,false
tokenquota_floor,tokenquota,floor,false,R4,qwen3.7-max,3,E2,R5,true,true,false,false
tokenquota_floor,tokenquota,floor,false,R4,qwen3.7-max,3,E3,R3,true,true,false,false
tokenquota_floor,tokenquota,floor,false,R4,qwen3.7-max,3,E4,R6,false,false,false,false
tokenquota_floor,tokenquota,floor,false,R4,qwen3.7-max,3,E4,X1,false,false,false,false
tokenquota_floor,tokenquota,floor,false,R4,qwen3.7-max,3,E5,R7,true,true,false,false
tokenquota_floor,tokenquota,floor,false,R4,qwen3.7-max,3,E6,C1,true,true,false,false
tokenquota_floor,tokenquota,floor,false,R4,qwen3.7-max,3,E6,R3,true,true,false,false
wirecodec_base,wirecodec,base,true,R6,glm-5.2,1,E1,D1,true,true,false,false
wirecodec_base,wirecodec,base,true,R6,glm-5.2,1,E1,P2,true,true,false,false
wirecodec_base,wirecodec,base,true,R6,glm-5.2,1,E1,R1,true,false,true,false
wirecodec_base,wirecodec,base,true,R6,glm-5.2,1,E1,R2,true,true,false,false
wirecodec_base,wirecodec,base,true,R6,glm-5.2,1,E1,R3,true,true,false,false
wirecodec_base,wirecodec,base,true,R6,glm-5.2,1,E1,V1,true,true,false,false
wirecodec_base,wirecodec,base,true,R6,glm-5.2,1,E2,P1,true,true,false,false
wirecodec_base,wirecodec,base,true,R6,glm-5.2,1,E2,R4,true,true,false,false
wirecodec_base,wirecodec,base,true,R6,glm-5.2,1,E3,R3,true,true,false,false
wirecodec_base,wirecodec,base,true,R6,glm-5.2,1,E3,R4,true,true,false,false
wirecodec_base,wirecodec,base,true,R6,glm-5.2,1,E3,R5,true,true,false,false
wirecodec_base,wirecodec,base,true,R6,glm-5.2,1,E3,V2,true,true,false,false
wirecodec_base,wirecodec,base,true,R6,glm-5.2,1,E4,R6,true,true,false,false
wirecodec_base,wirecodec,base,true,R6,glm-5.2,1,E5,R5,true,true,false,false
wirecodec_base,wirecodec,base,true,R6,glm-5.2,1,E5,X2,true,true,false,false
wirecodec_base,wirecodec,base,true,R6,glm-5.2,1,E6,R2,false,true,false,false
wirecodec_base,wirecodec,base,true,R6,glm-5.2,1,E6,R7,false,false,false,false
wirecodec_base,wirecodec,base,true,R6,glm-5.2,1,E7,R2,true,true,false,false
wirecodec_base,wirecodec,base,true,R6,glm-5.2,1,E7,X1,true,true,false,false
wirecodec_base,wirecodec,base,true,R6,glm-5.2,1,E8,C1,true,true,false,false
wirecodec_base,wirecodec,base,true,R6,glm-5.2,2,E1,D1,true,true,false,false
wirecodec_base,wirecodec,base,true,R6,glm-5.2,2,E1,P2,true,true,false,false
wirecodec_base,wirecodec,base,true,R6,glm-5.2,2,E1,R1,true,false,true,false
wirecodec_base,wirecodec,base,true,R6,glm-5.2,2,E1,R2,true,true,false,false
wirecodec_base,wirecodec,base,true,R6,glm-5.2,2,E1,R3,true,true,false,false
wirecodec_base,wirecodec,base,true,R6,glm-5.2,2,E1,V1,true,true,false,false
wirecodec_base,wirecodec,base,true,R6,glm-5.2,2,E2,P1,true,true,false,false
wirecodec_base,wirecodec,base,true,R6,glm-5.2,2,E2,R4,true,true,false,false
wirecodec_base,wirecodec,base,true,R6,glm-5.2,2,E3,R3,true,true,false,false
wirecodec_base,wirecodec,base,true,R6,glm-5.2,2,E3,R4,true,true,false,false
wirecodec_base,wirecodec,base,true,R6,glm-5.2,2,E3,R5,true,true,false,false
wirecodec_base,wirecodec,base,true,R6,glm-5.2,2,E3,V2,true,true,false,false
wirecodec_base,wirecodec,base,true,R6,glm-5.2,2,E4,R6,true,true,false,false
wirecodec_base,wirecodec,base,true,R6,glm-5.2,2,E5,R5,true,true,false,false
wirecodec_base,wirecodec,base,true,R6,glm-5.2,2,E5,X2,true,true,false,false
wirecodec_base,wirecodec,base,true,R6,glm-5.2,2,E6,R2,false,true,false,false
wirecodec_base,wirecodec,base,true,R6,glm-5.2,2,E6,R7,false,false,false,false
wirecodec_base,wirecodec,base,true,R6,glm-5.2,2,E7,R2,true,true,false,false
wirecodec_base,wirecodec,base,true,R6,glm-5.2,2,E7,X1,true,true,false,false
wirecodec_base,wirecodec,base,true,R6,glm-5.2,2,E8,C1,true,true,false,false
wirecodec_base,wirecodec,base,true,R6,glm-5.2,3,E1,D1,true,true,false,false
wirecodec_base,wirecodec,base,true,R6,glm-5.2,3,E1,P2,true,true,false,false
wirecodec_base,wirecodec,base,true,R6,glm-5.2,3,E1,R1,true,false,true,false
wirecodec_base,wirecodec,base,true,R6,glm-5.2,3,E1,R2,true,false,true,false
wirecodec_base,wirecodec,base,true,R6,glm-5.2,3,E1,R3,true,true,false,false
wirecodec_base,wirecodec,base,true,R6,glm-5.2,3,E1,V1,true,true,false,false
wirecodec_base,wirecodec,base,true,R6,glm-5.2,3,E2,P1,true,true,false,false
wirecodec_base,wirecodec,base,true,R6,glm-5.2,3,E2,R4,true,true,false,false
wirecodec_base,wirecodec,base,true,R6,glm-5.2,3,E3,R3,true,true,false,false
wirecodec_base,wirecodec,base,true,R6,glm-5.2,3,E3,R4,true,true,false,false
wirecodec_base,wirecodec,base,true,R6,glm-5.2,3,E3,R5,true,true,false,false
wirecodec_base,wirecodec,base,true,R6,glm-5.2,3,E3,V2,true,true,false,false
wirecodec_base,wirecodec,base,true,R6,glm-5.2,3,E4,R6,true,true,false,false
wirecodec_base,wirecodec,base,true,R6,glm-5.2,3,E5,R5,true,true,false,false
wirecodec_base,wirecodec,base,true,R6,glm-5.2,3,E5,X2,true,true,false,false
wirecodec_base,wirecodec,base,true,R6,glm-5.2,3,E6,R2,false,false,false,false
wirecodec_base,wirecodec,base,true,R6,glm-5.2,3,E6,R7,false,false,false,false
wirecodec_base,wirecodec,base,true,R6,glm-5.2,3,E7,R2,false,false,false,false
wirecodec_base,wirecodec,base,true,R6,glm-5.2,3,E7,X1,false,false,false,false
wirecodec_base,wirecodec,base,true,R6,glm-5.2,3,E8,C1,true,true,false,false
wirecodec_base,wirecodec,base,true,R6,minimax-m3,1,E1,D1,true,true,false,false
wirecodec_base,wirecodec,base,true,R6,minimax-m3,1,E1,P2,true,true,false,false
wirecodec_base,wirecodec,base,true,R6,minimax-m3,1,E1,R1,true,false,true,false
wirecodec_base,wirecodec,base,true,R6,minimax-m3,1,E1,R2,true,false,true,false
wirecodec_base,wirecodec,base,true,R6,minimax-m3,1,E1,R3,true,true,false,false
wirecodec_base,wirecodec,base,true,R6,minimax-m3,1,E1,V1,true,true,false,false
wirecodec_base,wirecodec,base,true,R6,minimax-m3,1,E2,P1,true,true,false,false
wirecodec_base,wirecodec,base,true,R6,minimax-m3,1,E2,R4,true,true,false,false
wirecodec_base,wirecodec,base,true,R6,minimax-m3,1,E3,R3,true,true,false,false
wirecodec_base,wirecodec,base,true,R6,minimax-m3,1,E3,R4,true,true,false,false
wirecodec_base,wirecodec,base,true,R6,minimax-m3,1,E3,R5,true,true,false,false
wirecodec_base,wirecodec,base,true,R6,minimax-m3,1,E3,V2,true,true,false,false
wirecodec_base,wirecodec,base,true,R6,minimax-m3,1,E4,R6,true,true,false,false
wirecodec_base,wirecodec,base,true,R6,minimax-m3,1,E5,R5,true,true,false,false
wirecodec_base,wirecodec,base,true,R6,minimax-m3,1,E5,X2,true,true,false,false
wirecodec_base,wirecodec,base,true,R6,minimax-m3,1,E6,R2,false,false,false,false
wirecodec_base,wirecodec,base,true,R6,minimax-m3,1,E6,R7,false,false,false,false
wirecodec_base,wirecodec,base,true,R6,minimax-m3,1,E7,R2,false,false,false,false
wirecodec_base,wirecodec,base,true,R6,minimax-m3,1,E7,X1,false,false,false,false
wirecodec_base,wirecodec,base,true,R6,minimax-m3,1,E8,C1,true,true,false,false
wirecodec_base,wirecodec,base,true,R6,minimax-m3,2,E1,D1,true,true,false,false
wirecodec_base,wirecodec,base,true,R6,minimax-m3,2,E1,P2,true,true,false,false
wirecodec_base,wirecodec,base,true,R6,minimax-m3,2,E1,R1,true,false,true,false
wirecodec_base,wirecodec,base,true,R6,minimax-m3,2,E1,R2,true,false,true,false
wirecodec_base,wirecodec,base,true,R6,minimax-m3,2,E1,R3,true,true,false,false
wirecodec_base,wirecodec,base,true,R6,minimax-m3,2,E1,V1,true,true,false,false
wirecodec_base,wirecodec,base,true,R6,minimax-m3,2,E2,P1,true,true,false,false
wirecodec_base,wirecodec,base,true,R6,minimax-m3,2,E2,R4,true,true,false,false
wirecodec_base,wirecodec,base,true,R6,minimax-m3,2,E3,R3,true,true,false,false
wirecodec_base,wirecodec,base,true,R6,minimax-m3,2,E3,R4,true,true,false,false
wirecodec_base,wirecodec,base,true,R6,minimax-m3,2,E3,R5,true,true,false,false
wirecodec_base,wirecodec,base,true,R6,minimax-m3,2,E3,V2,true,true,false,false
wirecodec_base,wirecodec,base,true,R6,minimax-m3,2,E4,R6,true,true,false,false
wirecodec_base,wirecodec,base,true,R6,minimax-m3,2,E5,R5,true,true,false,false
wirecodec_base,wirecodec,base,true,R6,minimax-m3,2,E5,X2,true,true,false,false
wirecodec_base,wirecodec,base,true,R6,minimax-m3,2,E6,R2,false,false,false,false
wirecodec_base,wirecodec,base,true,R6,minimax-m3,2,E6,R7,false,false,false,false
wirecodec_base,wirecodec,base,true,R6,minimax-m3,2,E7,R2,false,false,false,false
wirecodec_base,wirecodec,base,true,R6,minimax-m3,2,E7,X1,false,false,false,false
wirecodec_base,wirecodec,base,true,R6,minimax-m3,2,E8,C1,true,true,false,false
wirecodec_base,wirecodec,base,true,R6,minimax-m3,3,E1,D1,true,true,false,false
wirecodec_base,wirecodec,base,true,R6,minimax-m3,3,E1,P2,true,true,false,false
wirecodec_base,wirecodec,base,true,R6,minimax-m3,3,E1,R1,true,false,true,false
wirecodec_base,wirecodec,base,true,R6,minimax-m3,3,E1,R2,true,false,true,false
wirecodec_base,wirecodec,base,true,R6,minimax-m3,3,E1,R3,true,true,false,false
wirecodec_base,wirecodec,base,true,R6,minimax-m3,3,E1,V1,true,true,false,false
wirecodec_base,wirecodec,base,true,R6,minimax-m3,3,E2,P1,true,true,false,false
wirecodec_base,wirecodec,base,true,R6,minimax-m3,3,E2,R4,true,true,false,false
wirecodec_base,wirecodec,base,true,R6,minimax-m3,3,E3,R3,true,true,false,false
wirecodec_base,wirecodec,base,true,R6,minimax-m3,3,E3,R4,true,true,false,false
wirecodec_base,wirecodec,base,true,R6,minimax-m3,3,E3,R5,true,true,false,false
wirecodec_base,wirecodec,base,true,R6,minimax-m3,3,E3,V2,true,true,false,false
wirecodec_base,wirecodec,base,true,R6,minimax-m3,3,E4,R6,true,true,false,false
wirecodec_base,wirecodec,base,true,R6,minimax-m3,3,E5,R5,true,true,false,false
wirecodec_base,wirecodec,base,true,R6,minimax-m3,3,E5,X2,true,true,false,false
wirecodec_base,wirecodec,base,true,R6,minimax-m3,3,E6,R2,false,false,false,false
wirecodec_base,wirecodec,base,true,R6,minimax-m3,3,E6,R7,false,false,false,false
wirecodec_base,wirecodec,base,true,R6,minimax-m3,3,E7,R2,false,false,false,false
wirecodec_base,wirecodec,base,true,R6,minimax-m3,3,E7,X1,false,false,false,false
wirecodec_base,wirecodec,base,true,R6,minimax-m3,3,E8,C1,true,true,false,false
wirecodec_base,wirecodec,base,true,R6,qwen3.7-max,1,E1,D1,true,true,false,false
wirecodec_base,wirecodec,base,true,R6,qwen3.7-max,1,E1,P2,true,true,false,false
wirecodec_base,wirecodec,base,true,R6,qwen3.7-max,1,E1,R1,true,false,true,false
wirecodec_base,wirecodec,base,true,R6,qwen3.7-max,1,E1,R2,true,true,false,false
wirecodec_base,wirecodec,base,true,R6,qwen3.7-max,1,E1,R3,true,true,false,false
wirecodec_base,wirecodec,base,true,R6,qwen3.7-max,1,E1,V1,true,true,false,false
wirecodec_base,wirecodec,base,true,R6,qwen3.7-max,1,E2,P1,true,true,false,false
wirecodec_base,wirecodec,base,true,R6,qwen3.7-max,1,E2,R4,true,true,false,false
wirecodec_base,wirecodec,base,true,R6,qwen3.7-max,1,E3,R3,true,true,false,false
wirecodec_base,wirecodec,base,true,R6,qwen3.7-max,1,E3,R4,true,true,false,false
wirecodec_base,wirecodec,base,true,R6,qwen3.7-max,1,E3,R5,true,true,false,false
wirecodec_base,wirecodec,base,true,R6,qwen3.7-max,1,E3,V2,true,true,false,false
wirecodec_base,wirecodec,base,true,R6,qwen3.7-max,1,E4,R6,true,true,false,false
wirecodec_base,wirecodec,base,true,R6,qwen3.7-max,1,E5,R5,true,true,false,false
wirecodec_base,wirecodec,base,true,R6,qwen3.7-max,1,E5,X2,true,true,false,false
wirecodec_base,wirecodec,base,true,R6,qwen3.7-max,1,E6,R2,false,true,false,false
wirecodec_base,wirecodec,base,true,R6,qwen3.7-max,1,E6,R7,false,false,false,false
wirecodec_base,wirecodec,base,true,R6,qwen3.7-max,1,E7,R2,true,true,false,false
wirecodec_base,wirecodec,base,true,R6,qwen3.7-max,1,E7,X1,true,true,false,false
wirecodec_base,wirecodec,base,true,R6,qwen3.7-max,1,E8,C1,true,true,false,false
wirecodec_base,wirecodec,base,true,R6,qwen3.7-max,2,E1,D1,true,true,false,false
wirecodec_base,wirecodec,base,true,R6,qwen3.7-max,2,E1,P2,true,true,false,false
wirecodec_base,wirecodec,base,true,R6,qwen3.7-max,2,E1,R1,true,false,true,false
wirecodec_base,wirecodec,base,true,R6,qwen3.7-max,2,E1,R2,true,false,true,false
wirecodec_base,wirecodec,base,true,R6,qwen3.7-max,2,E1,R3,true,true,false,false
wirecodec_base,wirecodec,base,true,R6,qwen3.7-max,2,E1,V1,true,true,false,false
wirecodec_base,wirecodec,base,true,R6,qwen3.7-max,2,E2,P1,true,true,false,false
wirecodec_base,wirecodec,base,true,R6,qwen3.7-max,2,E2,R4,true,true,false,false
wirecodec_base,wirecodec,base,true,R6,qwen3.7-max,2,E3,R3,true,true,false,false
wirecodec_base,wirecodec,base,true,R6,qwen3.7-max,2,E3,R4,true,true,false,false
wirecodec_base,wirecodec,base,true,R6,qwen3.7-max,2,E3,R5,true,true,false,false
wirecodec_base,wirecodec,base,true,R6,qwen3.7-max,2,E3,V2,true,true,false,false
wirecodec_base,wirecodec,base,true,R6,qwen3.7-max,2,E4,R6,true,true,false,false
wirecodec_base,wirecodec,base,true,R6,qwen3.7-max,2,E5,R5,true,true,false,false
wirecodec_base,wirecodec,base,true,R6,qwen3.7-max,2,E5,X2,true,true,false,false
wirecodec_base,wirecodec,base,true,R6,qwen3.7-max,2,E6,R2,false,false,false,false
wirecodec_base,wirecodec,base,true,R6,qwen3.7-max,2,E6,R7,false,false,false,false
wirecodec_base,wirecodec,base,true,R6,qwen3.7-max,2,E7,R2,false,false,false,false
wirecodec_base,wirecodec,base,true,R6,qwen3.7-max,2,E7,X1,false,false,false,false
wirecodec_base,wirecodec,base,true,R6,qwen3.7-max,2,E8,C1,true,true,false,false
wirecodec_base,wirecodec,base,true,R6,qwen3.7-max,3,E1,D1,true,true,false,false
wirecodec_base,wirecodec,base,true,R6,qwen3.7-max,3,E1,P2,true,true,false,false
wirecodec_base,wirecodec,base,true,R6,qwen3.7-max,3,E1,R1,true,false,true,false
wirecodec_base,wirecodec,base,true,R6,qwen3.7-max,3,E1,R2,true,false,true,false
wirecodec_base,wirecodec,base,true,R6,qwen3.7-max,3,E1,R3,true,true,false,false
wirecodec_base,wirecodec,base,true,R6,qwen3.7-max,3,E1,V1,true,true,false,false
wirecodec_base,wirecodec,base,true,R6,qwen3.7-max,3,E2,P1,true,true,false,false
wirecodec_base,wirecodec,base,true,R6,qwen3.7-max,3,E2,R4,true,true,false,false
wirecodec_base,wirecodec,base,true,R6,qwen3.7-max,3,E3,R3,true,true,false,false
wirecodec_base,wirecodec,base,true,R6,qwen3.7-max,3,E3,R4,true,true,false,false
wirecodec_base,wirecodec,base,true,R6,qwen3.7-max,3,E3,R5,true,true,false,false
wirecodec_base,wirecodec,base,true,R6,qwen3.7-max,3,E3,V2,true,true,false,false
wirecodec_base,wirecodec,base,true,R6,qwen3.7-max,3,E4,R6,true,true,false,false
wirecodec_base,wirecodec,base,true,R6,qwen3.7-max,3,E5,R5,true,true,false,false
wirecodec_base,wirecodec,base,true,R6,qwen3.7-max,3,E5,X2,true,true,false,false
wirecodec_base,wirecodec,base,true,R6,qwen3.7-max,3,E6,R2,false,false,false,false
wirecodec_base,wirecodec,base,true,R6,qwen3.7-max,3,E6,R7,false,false,false,false
wirecodec_base,wirecodec,base,true,R6,qwen3.7-max,3,E7,R2,false,false,false,false
wirecodec_base,wirecodec,base,true,R6,qwen3.7-max,3,E7,X1,false,false,false,false
wirecodec_base,wirecodec,base,true,R6,qwen3.7-max,3,E8,C1,true,true,false,false
wirecodec_preserve,wirecodec,preserve,false,R6,glm-5.2,1,E1,D1,false,false,false,true
wirecodec_preserve,wirecodec,preserve,false,R6,glm-5.2,1,E1,P2,false,false,false,true
wirecodec_preserve,wirecodec,preserve,false,R6,glm-5.2,1,E1,R1,false,false,false,true
wirecodec_preserve,wirecodec,preserve,false,R6,glm-5.2,1,E1,R2,false,false,false,true
wirecodec_preserve,wirecodec,preserve,false,R6,glm-5.2,1,E1,R3,false,false,false,true
wirecodec_preserve,wirecodec,preserve,false,R6,glm-5.2,1,E1,V1,false,false,false,true
wirecodec_preserve,wirecodec,preserve,false,R6,glm-5.2,1,E2,P1,false,false,false,true
wirecodec_preserve,wirecodec,preserve,false,R6,glm-5.2,1,E2,R4,false,false,false,true
wirecodec_preserve,wirecodec,preserve,false,R6,glm-5.2,1,E3,R3,false,false,false,true
wirecodec_preserve,wirecodec,preserve,false,R6,glm-5.2,1,E3,R4,false,false,false,true
wirecodec_preserve,wirecodec,preserve,false,R6,glm-5.2,1,E3,R5,false,false,false,true
wirecodec_preserve,wirecodec,preserve,false,R6,glm-5.2,1,E3,V2,false,false,false,true
wirecodec_preserve,wirecodec,preserve,false,R6,glm-5.2,1,E4,R6,false,false,false,true
wirecodec_preserve,wirecodec,preserve,false,R6,glm-5.2,1,E5,R5,false,false,false,true
wirecodec_preserve,wirecodec,preserve,false,R6,glm-5.2,1,E5,X2,false,false,false,true
wirecodec_preserve,wirecodec,preserve,false,R6,glm-5.2,1,E6,R2,false,false,false,true
wirecodec_preserve,wirecodec,preserve,false,R6,glm-5.2,1,E6,R7,false,false,false,true
wirecodec_preserve,wirecodec,preserve,false,R6,glm-5.2,1,E7,R2,false,false,false,true
wirecodec_preserve,wirecodec,preserve,false,R6,glm-5.2,1,E7,X1,false,false,false,true
wirecodec_preserve,wirecodec,preserve,false,R6,glm-5.2,1,E8,C1,false,false,false,true
wirecodec_preserve,wirecodec,preserve,false,R6,glm-5.2,2,E1,D1,true,true,false,false
wirecodec_preserve,wirecodec,preserve,false,R6,glm-5.2,2,E1,P2,true,true,false,false
wirecodec_preserve,wirecodec,preserve,false,R6,glm-5.2,2,E1,R1,true,false,true,false
wirecodec_preserve,wirecodec,preserve,false,R6,glm-5.2,2,E1,R2,true,false,true,false
wirecodec_preserve,wirecodec,preserve,false,R6,glm-5.2,2,E1,R3,true,true,false,false
wirecodec_preserve,wirecodec,preserve,false,R6,glm-5.2,2,E1,V1,true,true,false,false
wirecodec_preserve,wirecodec,preserve,false,R6,glm-5.2,2,E2,P1,true,true,false,false
wirecodec_preserve,wirecodec,preserve,false,R6,glm-5.2,2,E2,R4,true,true,false,false
wirecodec_preserve,wirecodec,preserve,false,R6,glm-5.2,2,E3,R3,true,true,false,false
wirecodec_preserve,wirecodec,preserve,false,R6,glm-5.2,2,E3,R4,true,true,false,false
wirecodec_preserve,wirecodec,preserve,false,R6,glm-5.2,2,E3,R5,true,true,false,false
wirecodec_preserve,wirecodec,preserve,false,R6,glm-5.2,2,E3,V2,true,true,false,false
wirecodec_preserve,wirecodec,preserve,false,R6,glm-5.2,2,E4,R6,true,true,false,false
wirecodec_preserve,wirecodec,preserve,false,R6,glm-5.2,2,E5,R5,true,true,false,false
wirecodec_preserve,wirecodec,preserve,false,R6,glm-5.2,2,E5,X2,true,true,false,false
wirecodec_preserve,wirecodec,preserve,false,R6,glm-5.2,2,E6,R2,false,false,false,false
wirecodec_preserve,wirecodec,preserve,false,R6,glm-5.2,2,E6,R7,false,false,false,false
wirecodec_preserve,wirecodec,preserve,false,R6,glm-5.2,2,E7,R2,false,false,false,false
wirecodec_preserve,wirecodec,preserve,false,R6,glm-5.2,2,E7,X1,false,false,false,false
wirecodec_preserve,wirecodec,preserve,false,R6,glm-5.2,2,E8,C1,true,true,false,false
wirecodec_preserve,wirecodec,preserve,false,R6,glm-5.2,3,E1,D1,true,true,false,false
wirecodec_preserve,wirecodec,preserve,false,R6,glm-5.2,3,E1,P2,true,true,false,false
wirecodec_preserve,wirecodec,preserve,false,R6,glm-5.2,3,E1,R1,true,false,true,false
wirecodec_preserve,wirecodec,preserve,false,R6,glm-5.2,3,E1,R2,true,true,false,false
wirecodec_preserve,wirecodec,preserve,false,R6,glm-5.2,3,E1,R3,true,true,false,false
wirecodec_preserve,wirecodec,preserve,false,R6,glm-5.2,3,E1,V1,true,true,false,false
wirecodec_preserve,wirecodec,preserve,false,R6,glm-5.2,3,E2,P1,true,true,false,false
wirecodec_preserve,wirecodec,preserve,false,R6,glm-5.2,3,E2,R4,true,true,false,false
wirecodec_preserve,wirecodec,preserve,false,R6,glm-5.2,3,E3,R3,true,true,false,false
wirecodec_preserve,wirecodec,preserve,false,R6,glm-5.2,3,E3,R4,true,true,false,false
wirecodec_preserve,wirecodec,preserve,false,R6,glm-5.2,3,E3,R5,true,true,false,false
wirecodec_preserve,wirecodec,preserve,false,R6,glm-5.2,3,E3,V2,true,true,false,false
wirecodec_preserve,wirecodec,preserve,false,R6,glm-5.2,3,E4,R6,true,true,false,false
wirecodec_preserve,wirecodec,preserve,false,R6,glm-5.2,3,E5,R5,true,true,false,false
wirecodec_preserve,wirecodec,preserve,false,R6,glm-5.2,3,E5,X2,true,true,false,false
wirecodec_preserve,wirecodec,preserve,false,R6,glm-5.2,3,E6,R2,false,true,false,false
wirecodec_preserve,wirecodec,preserve,false,R6,glm-5.2,3,E6,R7,false,false,false,false
wirecodec_preserve,wirecodec,preserve,false,R6,glm-5.2,3,E7,R2,true,true,false,false
wirecodec_preserve,wirecodec,preserve,false,R6,glm-5.2,3,E7,X1,true,true,false,false
wirecodec_preserve,wirecodec,preserve,false,R6,glm-5.2,3,E8,C1,true,true,false,false
wirecodec_preserve,wirecodec,preserve,false,R6,minimax-m3,1,E1,D1,true,true,false,false
wirecodec_preserve,wirecodec,preserve,false,R6,minimax-m3,1,E1,P2,true,true,false,false
wirecodec_preserve,wirecodec,preserve,false,R6,minimax-m3,1,E1,R1,true,false,true,false
wirecodec_preserve,wirecodec,preserve,false,R6,minimax-m3,1,E1,R2,true,false,true,false
wirecodec_preserve,wirecodec,preserve,false,R6,minimax-m3,1,E1,R3,true,true,false,false
wirecodec_preserve,wirecodec,preserve,false,R6,minimax-m3,1,E1,V1,true,true,false,false
wirecodec_preserve,wirecodec,preserve,false,R6,minimax-m3,1,E2,P1,true,true,false,false
wirecodec_preserve,wirecodec,preserve,false,R6,minimax-m3,1,E2,R4,true,true,false,false
wirecodec_preserve,wirecodec,preserve,false,R6,minimax-m3,1,E3,R3,true,true,false,false
wirecodec_preserve,wirecodec,preserve,false,R6,minimax-m3,1,E3,R4,true,true,false,false
wirecodec_preserve,wirecodec,preserve,false,R6,minimax-m3,1,E3,R5,true,true,false,false
wirecodec_preserve,wirecodec,preserve,false,R6,minimax-m3,1,E3,V2,true,true,false,false
wirecodec_preserve,wirecodec,preserve,false,R6,minimax-m3,1,E4,R6,true,true,false,false
wirecodec_preserve,wirecodec,preserve,false,R6,minimax-m3,1,E5,R5,true,true,false,false
wirecodec_preserve,wirecodec,preserve,false,R6,minimax-m3,1,E5,X2,true,true,false,false
wirecodec_preserve,wirecodec,preserve,false,R6,minimax-m3,1,E6,R2,true,false,true,false
wirecodec_preserve,wirecodec,preserve,false,R6,minimax-m3,1,E6,R7,true,true,false,false
wirecodec_preserve,wirecodec,preserve,false,R6,minimax-m3,1,E7,R2,false,false,false,false
wirecodec_preserve,wirecodec,preserve,false,R6,minimax-m3,1,E7,X1,false,false,false,false
wirecodec_preserve,wirecodec,preserve,false,R6,minimax-m3,1,E8,C1,true,true,false,false
wirecodec_preserve,wirecodec,preserve,false,R6,minimax-m3,2,E1,D1,true,true,false,false
wirecodec_preserve,wirecodec,preserve,false,R6,minimax-m3,2,E1,P2,true,true,false,false
wirecodec_preserve,wirecodec,preserve,false,R6,minimax-m3,2,E1,R1,true,false,true,false
wirecodec_preserve,wirecodec,preserve,false,R6,minimax-m3,2,E1,R2,true,false,true,false
wirecodec_preserve,wirecodec,preserve,false,R6,minimax-m3,2,E1,R3,true,true,false,false
wirecodec_preserve,wirecodec,preserve,false,R6,minimax-m3,2,E1,V1,true,true,false,false
wirecodec_preserve,wirecodec,preserve,false,R6,minimax-m3,2,E2,P1,true,true,false,false
wirecodec_preserve,wirecodec,preserve,false,R6,minimax-m3,2,E2,R4,true,true,false,false
wirecodec_preserve,wirecodec,preserve,false,R6,minimax-m3,2,E3,R3,true,true,false,false
wirecodec_preserve,wirecodec,preserve,false,R6,minimax-m3,2,E3,R4,true,true,false,false
wirecodec_preserve,wirecodec,preserve,false,R6,minimax-m3,2,E3,R5,true,true,false,false
wirecodec_preserve,wirecodec,preserve,false,R6,minimax-m3,2,E3,V2,true,true,false,false
wirecodec_preserve,wirecodec,preserve,false,R6,minimax-m3,2,E4,R6,true,true,false,false
wirecodec_preserve,wirecodec,preserve,false,R6,minimax-m3,2,E5,R5,true,true,false,false
wirecodec_preserve,wirecodec,preserve,false,R6,minimax-m3,2,E5,X2,true,true,false,false
wirecodec_preserve,wirecodec,preserve,false,R6,minimax-m3,2,E6,R2,true,false,true,false
wirecodec_preserve,wirecodec,preserve,false,R6,minimax-m3,2,E6,R7,true,true,false,false
wirecodec_preserve,wirecodec,preserve,false,R6,minimax-m3,2,E7,R2,false,false,false,false
wirecodec_preserve,wirecodec,preserve,false,R6,minimax-m3,2,E7,X1,false,false,false,false
wirecodec_preserve,wirecodec,preserve,false,R6,minimax-m3,2,E8,C1,true,true,false,false
wirecodec_preserve,wirecodec,preserve,false,R6,minimax-m3,3,E1,D1,true,true,false,false
wirecodec_preserve,wirecodec,preserve,false,R6,minimax-m3,3,E1,P2,true,true,false,false
wirecodec_preserve,wirecodec,preserve,false,R6,minimax-m3,3,E1,R1,true,false,true,false
wirecodec_preserve,wirecodec,preserve,false,R6,minimax-m3,3,E1,R2,true,false,true,false
wirecodec_preserve,wirecodec,preserve,false,R6,minimax-m3,3,E1,R3,true,true,false,false
wirecodec_preserve,wirecodec,preserve,false,R6,minimax-m3,3,E1,V1,true,true,false,false
wirecodec_preserve,wirecodec,preserve,false,R6,minimax-m3,3,E2,P1,true,true,false,false
wirecodec_preserve,wirecodec,preserve,false,R6,minimax-m3,3,E2,R4,true,true,false,false
wirecodec_preserve,wirecodec,preserve,false,R6,minimax-m3,3,E3,R3,true,true,false,false
wirecodec_preserve,wirecodec,preserve,false,R6,minimax-m3,3,E3,R4,true,true,false,false
wirecodec_preserve,wirecodec,preserve,false,R6,minimax-m3,3,E3,R5,true,true,false,false
wirecodec_preserve,wirecodec,preserve,false,R6,minimax-m3,3,E3,V2,true,true,false,false
wirecodec_preserve,wirecodec,preserve,false,R6,minimax-m3,3,E4,R6,true,true,false,false
wirecodec_preserve,wirecodec,preserve,false,R6,minimax-m3,3,E5,R5,true,true,false,false
wirecodec_preserve,wirecodec,preserve,false,R6,minimax-m3,3,E5,X2,true,true,false,false
wirecodec_preserve,wirecodec,preserve,false,R6,minimax-m3,3,E6,R2,true,false,true,false
wirecodec_preserve,wirecodec,preserve,false,R6,minimax-m3,3,E6,R7,true,true,false,false
wirecodec_preserve,wirecodec,preserve,false,R6,minimax-m3,3,E7,R2,false,false,false,false
wirecodec_preserve,wirecodec,preserve,false,R6,minimax-m3,3,E7,X1,false,false,false,false
wirecodec_preserve,wirecodec,preserve,false,R6,minimax-m3,3,E8,C1,true,true,false,false
wirecodec_preserve,wirecodec,preserve,false,R6,qwen3.7-max,1,E1,D1,true,true,false,false
wirecodec_preserve,wirecodec,preserve,false,R6,qwen3.7-max,1,E1,P2,true,true,false,false
wirecodec_preserve,wirecodec,preserve,false,R6,qwen3.7-max,1,E1,R1,true,false,true,false
wirecodec_preserve,wirecodec,preserve,false,R6,qwen3.7-max,1,E1,R2,true,false,true,false
wirecodec_preserve,wirecodec,preserve,false,R6,qwen3.7-max,1,E1,R3,true,true,false,false
wirecodec_preserve,wirecodec,preserve,false,R6,qwen3.7-max,1,E1,V1,true,true,false,false
wirecodec_preserve,wirecodec,preserve,false,R6,qwen3.7-max,1,E2,P1,true,true,false,false
wirecodec_preserve,wirecodec,preserve,false,R6,qwen3.7-max,1,E2,R4,true,true,false,false
wirecodec_preserve,wirecodec,preserve,false,R6,qwen3.7-max,1,E3,R3,true,true,false,false
wirecodec_preserve,wirecodec,preserve,false,R6,qwen3.7-max,1,E3,R4,true,true,false,false
wirecodec_preserve,wirecodec,preserve,false,R6,qwen3.7-max,1,E3,R5,true,true,false,false
wirecodec_preserve,wirecodec,preserve,false,R6,qwen3.7-max,1,E3,V2,true,true,false,false
wirecodec_preserve,wirecodec,preserve,false,R6,qwen3.7-max,1,E4,R6,true,true,false,false
wirecodec_preserve,wirecodec,preserve,false,R6,qwen3.7-max,1,E5,R5,true,true,false,false
wirecodec_preserve,wirecodec,preserve,false,R6,qwen3.7-max,1,E5,X2,true,true,false,false
wirecodec_preserve,wirecodec,preserve,false,R6,qwen3.7-max,1,E6,R2,false,false,false,false
wirecodec_preserve,wirecodec,preserve,false,R6,qwen3.7-max,1,E6,R7,false,false,false,false
wirecodec_preserve,wirecodec,preserve,false,R6,qwen3.7-max,1,E7,R2,false,false,false,false
wirecodec_preserve,wirecodec,preserve,false,R6,qwen3.7-max,1,E7,X1,false,false,false,false
wirecodec_preserve,wirecodec,preserve,false,R6,qwen3.7-max,1,E8,C1,true,true,false,false
wirecodec_preserve,wirecodec,preserve,false,R6,qwen3.7-max,2,E1,D1,true,true,false,false
wirecodec_preserve,wirecodec,preserve,false,R6,qwen3.7-max,2,E1,P2,true,true,false,false
wirecodec_preserve,wirecodec,preserve,false,R6,qwen3.7-max,2,E1,R1,true,false,true,false
wirecodec_preserve,wirecodec,preserve,false,R6,qwen3.7-max,2,E1,R2,true,true,false,false
wirecodec_preserve,wirecodec,preserve,false,R6,qwen3.7-max,2,E1,R3,true,true,false,false
wirecodec_preserve,wirecodec,preserve,false,R6,qwen3.7-max,2,E1,V1,true,true,false,false
wirecodec_preserve,wirecodec,preserve,false,R6,qwen3.7-max,2,E2,P1,true,true,false,false
wirecodec_preserve,wirecodec,preserve,false,R6,qwen3.7-max,2,E2,R4,true,true,false,false
wirecodec_preserve,wirecodec,preserve,false,R6,qwen3.7-max,2,E3,R3,true,true,false,false
wirecodec_preserve,wirecodec,preserve,false,R6,qwen3.7-max,2,E3,R4,true,true,false,false
wirecodec_preserve,wirecodec,preserve,false,R6,qwen3.7-max,2,E3,R5,true,true,false,false
wirecodec_preserve,wirecodec,preserve,false,R6,qwen3.7-max,2,E3,V2,true,true,false,false
wirecodec_preserve,wirecodec,preserve,false,R6,qwen3.7-max,2,E4,R6,true,true,false,false
wirecodec_preserve,wirecodec,preserve,false,R6,qwen3.7-max,2,E5,R5,true,true,false,false
wirecodec_preserve,wirecodec,preserve,false,R6,qwen3.7-max,2,E5,X2,true,true,false,false
wirecodec_preserve,wirecodec,preserve,false,R6,qwen3.7-max,2,E6,R2,false,true,false,false
wirecodec_preserve,wirecodec,preserve,false,R6,qwen3.7-max,2,E6,R7,false,false,false,false
wirecodec_preserve,wirecodec,preserve,false,R6,qwen3.7-max,2,E7,R2,true,true,false,false
wirecodec_preserve,wirecodec,preserve,false,R6,qwen3.7-max,2,E7,X1,true,true,false,false
wirecodec_preserve,wirecodec,preserve,false,R6,qwen3.7-max,2,E8,C1,true,true,false,false
wirecodec_preserve,wirecodec,preserve,false,R6,qwen3.7-max,3,E1,D1,true,true,false,false
wirecodec_preserve,wirecodec,preserve,false,R6,qwen3.7-max,3,E1,P2,true,true,false,false
wirecodec_preserve,wirecodec,preserve,false,R6,qwen3.7-max,3,E1,R1,true,false,true,false
wirecodec_preserve,wirecodec,preserve,false,R6,qwen3.7-max,3,E1,R2,true,false,true,false
wirecodec_preserve,wirecodec,preserve,false,R6,qwen3.7-max,3,E1,R3,true,true,false,false
wirecodec_preserve,wirecodec,preserve,false,R6,qwen3.7-max,3,E1,V1,true,true,false,false
wirecodec_preserve,wirecodec,preserve,false,R6,qwen3.7-max,3,E2,P1,true,true,false,false
wirecodec_preserve,wirecodec,preserve,false,R6,qwen3.7-max,3,E2,R4,true,true,false,false
wirecodec_preserve,wirecodec,preserve,false,R6,qwen3.7-max,3,E3,R3,true,true,false,false
wirecodec_preserve,wirecodec,preserve,false,R6,qwen3.7-max,3,E3,R4,true,true,false,false
wirecodec_preserve,wirecodec,preserve,false,R6,qwen3.7-max,3,E3,R5,true,true,false,false
wirecodec_preserve,wirecodec,preserve,false,R6,qwen3.7-max,3,E3,V2,true,true,false,false
wirecodec_preserve,wirecodec,preserve,false,R6,qwen3.7-max,3,E4,R6,true,true,false,false
wirecodec_preserve,wirecodec,preserve,false,R6,qwen3.7-max,3,E5,R5,true,true,false,false
wirecodec_preserve,wirecodec,preserve,false,R6,qwen3.7-max,3,E5,X2,true,true,false,false
wirecodec_preserve,wirecodec,preserve,false,R6,qwen3.7-max,3,E6,R2,false,false,false,false
wirecodec_preserve,wirecodec,preserve,false,R6,qwen3.7-max,3,E6,R7,false,false,false,false
wirecodec_preserve,wirecodec,preserve,false,R6,qwen3.7-max,3,E7,R2,false,false,false,false
wirecodec_preserve,wirecodec,preserve,false,R6,qwen3.7-max,3,E7,X1,false,false,false,false
wirecodec_preserve,wirecodec,preserve,false,R6,qwen3.7-max,3,E8,C1,true,true,false,false
wirecodec_reject,wirecodec,reject,false,R6,glm-5.2,1,E1,D1,true,true,false,false
wirecodec_reject,wirecodec,reject,false,R6,glm-5.2,1,E1,P2,true,true,false,false
wirecodec_reject,wirecodec,reject,false,R6,glm-5.2,1,E1,R1,true,false,true,false
wirecodec_reject,wirecodec,reject,false,R6,glm-5.2,1,E1,R2,true,true,false,false
wirecodec_reject,wirecodec,reject,false,R6,glm-5.2,1,E1,R3,true,true,false,false
wirecodec_reject,wirecodec,reject,false,R6,glm-5.2,1,E1,V1,true,true,false,false
wirecodec_reject,wirecodec,reject,false,R6,glm-5.2,1,E2,P1,true,true,false,false
wirecodec_reject,wirecodec,reject,false,R6,glm-5.2,1,E2,R4,true,true,false,false
wirecodec_reject,wirecodec,reject,false,R6,glm-5.2,1,E3,R3,true,true,false,false
wirecodec_reject,wirecodec,reject,false,R6,glm-5.2,1,E3,R4,true,true,false,false
wirecodec_reject,wirecodec,reject,false,R6,glm-5.2,1,E3,R5,true,true,false,false
wirecodec_reject,wirecodec,reject,false,R6,glm-5.2,1,E3,V2,true,true,false,false
wirecodec_reject,wirecodec,reject,false,R6,glm-5.2,1,E4,R6,true,true,false,false
wirecodec_reject,wirecodec,reject,false,R6,glm-5.2,1,E5,R5,true,true,false,false
wirecodec_reject,wirecodec,reject,false,R6,glm-5.2,1,E5,X2,true,true,false,false
wirecodec_reject,wirecodec,reject,false,R6,glm-5.2,1,E6,R2,false,true,false,false
wirecodec_reject,wirecodec,reject,false,R6,glm-5.2,1,E6,R7,false,false,false,false
wirecodec_reject,wirecodec,reject,false,R6,glm-5.2,1,E7,R2,true,true,false,false
wirecodec_reject,wirecodec,reject,false,R6,glm-5.2,1,E7,X1,true,true,false,false
wirecodec_reject,wirecodec,reject,false,R6,glm-5.2,1,E8,C1,true,true,false,false
wirecodec_reject,wirecodec,reject,false,R6,glm-5.2,2,E1,D1,true,true,false,false
wirecodec_reject,wirecodec,reject,false,R6,glm-5.2,2,E1,P2,true,true,false,false
wirecodec_reject,wirecodec,reject,false,R6,glm-5.2,2,E1,R1,true,false,true,false
wirecodec_reject,wirecodec,reject,false,R6,glm-5.2,2,E1,R2,true,true,false,false
wirecodec_reject,wirecodec,reject,false,R6,glm-5.2,2,E1,R3,true,true,false,false
wirecodec_reject,wirecodec,reject,false,R6,glm-5.2,2,E1,V1,true,true,false,false
wirecodec_reject,wirecodec,reject,false,R6,glm-5.2,2,E2,P1,true,true,false,false
wirecodec_reject,wirecodec,reject,false,R6,glm-5.2,2,E2,R4,true,true,false,false
wirecodec_reject,wirecodec,reject,false,R6,glm-5.2,2,E3,R3,true,true,false,false
wirecodec_reject,wirecodec,reject,false,R6,glm-5.2,2,E3,R4,true,true,false,false
wirecodec_reject,wirecodec,reject,false,R6,glm-5.2,2,E3,R5,true,true,false,false
wirecodec_reject,wirecodec,reject,false,R6,glm-5.2,2,E3,V2,true,true,false,false
wirecodec_reject,wirecodec,reject,false,R6,glm-5.2,2,E4,R6,true,true,false,false
wirecodec_reject,wirecodec,reject,false,R6,glm-5.2,2,E5,R5,true,true,false,false
wirecodec_reject,wirecodec,reject,false,R6,glm-5.2,2,E5,X2,true,true,false,false
wirecodec_reject,wirecodec,reject,false,R6,glm-5.2,2,E6,R2,false,true,false,false
wirecodec_reject,wirecodec,reject,false,R6,glm-5.2,2,E6,R7,false,false,false,false
wirecodec_reject,wirecodec,reject,false,R6,glm-5.2,2,E7,R2,true,true,false,false
wirecodec_reject,wirecodec,reject,false,R6,glm-5.2,2,E7,X1,true,true,false,false
wirecodec_reject,wirecodec,reject,false,R6,glm-5.2,2,E8,C1,true,true,false,false
wirecodec_reject,wirecodec,reject,false,R6,glm-5.2,3,E1,D1,true,true,false,false
wirecodec_reject,wirecodec,reject,false,R6,glm-5.2,3,E1,P2,true,true,false,false
wirecodec_reject,wirecodec,reject,false,R6,glm-5.2,3,E1,R1,true,false,true,false
wirecodec_reject,wirecodec,reject,false,R6,glm-5.2,3,E1,R2,true,false,true,false
wirecodec_reject,wirecodec,reject,false,R6,glm-5.2,3,E1,R3,true,true,false,false
wirecodec_reject,wirecodec,reject,false,R6,glm-5.2,3,E1,V1,true,true,false,false
wirecodec_reject,wirecodec,reject,false,R6,glm-5.2,3,E2,P1,true,true,false,false
wirecodec_reject,wirecodec,reject,false,R6,glm-5.2,3,E2,R4,true,true,false,false
wirecodec_reject,wirecodec,reject,false,R6,glm-5.2,3,E3,R3,true,true,false,false
wirecodec_reject,wirecodec,reject,false,R6,glm-5.2,3,E3,R4,true,true,false,false
wirecodec_reject,wirecodec,reject,false,R6,glm-5.2,3,E3,R5,true,true,false,false
wirecodec_reject,wirecodec,reject,false,R6,glm-5.2,3,E3,V2,true,true,false,false
wirecodec_reject,wirecodec,reject,false,R6,glm-5.2,3,E4,R6,true,true,false,false
wirecodec_reject,wirecodec,reject,false,R6,glm-5.2,3,E5,R5,true,true,false,false
wirecodec_reject,wirecodec,reject,false,R6,glm-5.2,3,E5,X2,true,true,false,false
wirecodec_reject,wirecodec,reject,false,R6,glm-5.2,3,E6,R2,false,false,false,false
wirecodec_reject,wirecodec,reject,false,R6,glm-5.2,3,E6,R7,false,false,false,false
wirecodec_reject,wirecodec,reject,false,R6,glm-5.2,3,E7,R2,false,false,false,false
wirecodec_reject,wirecodec,reject,false,R6,glm-5.2,3,E7,X1,false,false,false,false
wirecodec_reject,wirecodec,reject,false,R6,glm-5.2,3,E8,C1,true,true,false,false
wirecodec_reject,wirecodec,reject,false,R6,minimax-m3,1,E1,D1,true,true,false,false
wirecodec_reject,wirecodec,reject,false,R6,minimax-m3,1,E1,P2,true,true,false,false
wirecodec_reject,wirecodec,reject,false,R6,minimax-m3,1,E1,R1,true,false,true,false
wirecodec_reject,wirecodec,reject,false,R6,minimax-m3,1,E1,R2,true,true,false,false
wirecodec_reject,wirecodec,reject,false,R6,minimax-m3,1,E1,R3,true,true,false,false
wirecodec_reject,wirecodec,reject,false,R6,minimax-m3,1,E1,V1,true,true,false,false
wirecodec_reject,wirecodec,reject,false,R6,minimax-m3,1,E2,P1,true,true,false,false
wirecodec_reject,wirecodec,reject,false,R6,minimax-m3,1,E2,R4,true,true,false,false
wirecodec_reject,wirecodec,reject,false,R6,minimax-m3,1,E3,R3,true,true,false,false
wirecodec_reject,wirecodec,reject,false,R6,minimax-m3,1,E3,R4,true,true,false,false
wirecodec_reject,wirecodec,reject,false,R6,minimax-m3,1,E3,R5,true,true,false,false
wirecodec_reject,wirecodec,reject,false,R6,minimax-m3,1,E3,V2,true,true,false,false
wirecodec_reject,wirecodec,reject,false,R6,minimax-m3,1,E4,R6,true,true,false,false
wirecodec_reject,wirecodec,reject,false,R6,minimax-m3,1,E5,R5,true,true,false,false
wirecodec_reject,wirecodec,reject,false,R6,minimax-m3,1,E5,X2,true,true,false,false
wirecodec_reject,wirecodec,reject,false,R6,minimax-m3,1,E6,R2,false,true,false,false
wirecodec_reject,wirecodec,reject,false,R6,minimax-m3,1,E6,R7,false,false,false,false
wirecodec_reject,wirecodec,reject,false,R6,minimax-m3,1,E7,R2,true,true,false,false
wirecodec_reject,wirecodec,reject,false,R6,minimax-m3,1,E7,X1,true,true,false,false
wirecodec_reject,wirecodec,reject,false,R6,minimax-m3,1,E8,C1,true,true,false,false
wirecodec_reject,wirecodec,reject,false,R6,minimax-m3,2,E1,D1,true,true,false,false
wirecodec_reject,wirecodec,reject,false,R6,minimax-m3,2,E1,P2,true,true,false,false
wirecodec_reject,wirecodec,reject,false,R6,minimax-m3,2,E1,R1,true,false,true,false
wirecodec_reject,wirecodec,reject,false,R6,minimax-m3,2,E1,R2,true,false,true,false
wirecodec_reject,wirecodec,reject,false,R6,minimax-m3,2,E1,R3,true,true,false,false
wirecodec_reject,wirecodec,reject,false,R6,minimax-m3,2,E1,V1,true,true,false,false
wirecodec_reject,wirecodec,reject,false,R6,minimax-m3,2,E2,P1,true,true,false,false
wirecodec_reject,wirecodec,reject,false,R6,minimax-m3,2,E2,R4,true,true,false,false
wirecodec_reject,wirecodec,reject,false,R6,minimax-m3,2,E3,R3,true,true,false,false
wirecodec_reject,wirecodec,reject,false,R6,minimax-m3,2,E3,R4,true,true,false,false
wirecodec_reject,wirecodec,reject,false,R6,minimax-m3,2,E3,R5,true,true,false,false
wirecodec_reject,wirecodec,reject,false,R6,minimax-m3,2,E3,V2,true,true,false,false
wirecodec_reject,wirecodec,reject,false,R6,minimax-m3,2,E4,R6,true,true,false,false
wirecodec_reject,wirecodec,reject,false,R6,minimax-m3,2,E5,R5,true,true,false,false
wirecodec_reject,wirecodec,reject,false,R6,minimax-m3,2,E5,X2,true,true,false,false
wirecodec_reject,wirecodec,reject,false,R6,minimax-m3,2,E6,R2,false,false,false,false
wirecodec_reject,wirecodec,reject,false,R6,minimax-m3,2,E6,R7,false,false,false,false
wirecodec_reject,wirecodec,reject,false,R6,minimax-m3,2,E7,R2,false,false,false,false
wirecodec_reject,wirecodec,reject,false,R6,minimax-m3,2,E7,X1,false,false,false,false
wirecodec_reject,wirecodec,reject,false,R6,minimax-m3,2,E8,C1,true,true,false,false
wirecodec_reject,wirecodec,reject,false,R6,minimax-m3,3,E1,D1,true,true,false,false
wirecodec_reject,wirecodec,reject,false,R6,minimax-m3,3,E1,P2,true,true,false,false
wirecodec_reject,wirecodec,reject,false,R6,minimax-m3,3,E1,R1,true,false,true,false
wirecodec_reject,wirecodec,reject,false,R6,minimax-m3,3,E1,R2,true,false,true,false
wirecodec_reject,wirecodec,reject,false,R6,minimax-m3,3,E1,R3,true,true,false,false
wirecodec_reject,wirecodec,reject,false,R6,minimax-m3,3,E1,V1,true,true,false,false
wirecodec_reject,wirecodec,reject,false,R6,minimax-m3,3,E2,P1,true,true,false,false
wirecodec_reject,wirecodec,reject,false,R6,minimax-m3,3,E2,R4,true,true,false,false
wirecodec_reject,wirecodec,reject,false,R6,minimax-m3,3,E3,R3,true,true,false,false
wirecodec_reject,wirecodec,reject,false,R6,minimax-m3,3,E3,R4,true,true,false,false
wirecodec_reject,wirecodec,reject,false,R6,minimax-m3,3,E3,R5,true,true,false,false
wirecodec_reject,wirecodec,reject,false,R6,minimax-m3,3,E3,V2,true,true,false,false
wirecodec_reject,wirecodec,reject,false,R6,minimax-m3,3,E4,R6,true,true,false,false
wirecodec_reject,wirecodec,reject,false,R6,minimax-m3,3,E5,R5,true,true,false,false
wirecodec_reject,wirecodec,reject,false,R6,minimax-m3,3,E5,X2,true,true,false,false
wirecodec_reject,wirecodec,reject,false,R6,minimax-m3,3,E6,R2,false,false,false,false
wirecodec_reject,wirecodec,reject,false,R6,minimax-m3,3,E6,R7,false,false,false,false
wirecodec_reject,wirecodec,reject,false,R6,minimax-m3,3,E7,R2,false,false,false,false
wirecodec_reject,wirecodec,reject,false,R6,minimax-m3,3,E7,X1,false,false,false,false
wirecodec_reject,wirecodec,reject,false,R6,minimax-m3,3,E8,C1,true,true,false,false
wirecodec_reject,wirecodec,reject,false,R6,qwen3.7-max,1,E1,D1,true,true,false,false
wirecodec_reject,wirecodec,reject,false,R6,qwen3.7-max,1,E1,P2,true,true,false,false
wirecodec_reject,wirecodec,reject,false,R6,qwen3.7-max,1,E1,R1,true,false,true,false
wirecodec_reject,wirecodec,reject,false,R6,qwen3.7-max,1,E1,R2,true,true,false,false
wirecodec_reject,wirecodec,reject,false,R6,qwen3.7-max,1,E1,R3,true,true,false,false
wirecodec_reject,wirecodec,reject,false,R6,qwen3.7-max,1,E1,V1,true,true,false,false
wirecodec_reject,wirecodec,reject,false,R6,qwen3.7-max,1,E2,P1,true,true,false,false
wirecodec_reject,wirecodec,reject,false,R6,qwen3.7-max,1,E2,R4,true,true,false,false
wirecodec_reject,wirecodec,reject,false,R6,qwen3.7-max,1,E3,R3,true,true,false,false
wirecodec_reject,wirecodec,reject,false,R6,qwen3.7-max,1,E3,R4,true,true,false,false
wirecodec_reject,wirecodec,reject,false,R6,qwen3.7-max,1,E3,R5,true,true,false,false
wirecodec_reject,wirecodec,reject,false,R6,qwen3.7-max,1,E3,V2,true,true,false,false
wirecodec_reject,wirecodec,reject,false,R6,qwen3.7-max,1,E4,R6,true,true,false,false
wirecodec_reject,wirecodec,reject,false,R6,qwen3.7-max,1,E5,R5,true,true,false,false
wirecodec_reject,wirecodec,reject,false,R6,qwen3.7-max,1,E5,X2,true,true,false,false
wirecodec_reject,wirecodec,reject,false,R6,qwen3.7-max,1,E6,R2,false,true,false,false
wirecodec_reject,wirecodec,reject,false,R6,qwen3.7-max,1,E6,R7,false,false,false,false
wirecodec_reject,wirecodec,reject,false,R6,qwen3.7-max,1,E7,R2,true,true,false,false
wirecodec_reject,wirecodec,reject,false,R6,qwen3.7-max,1,E7,X1,true,true,false,false
wirecodec_reject,wirecodec,reject,false,R6,qwen3.7-max,1,E8,C1,true,true,false,false
wirecodec_reject,wirecodec,reject,false,R6,qwen3.7-max,2,E1,D1,true,true,false,false
wirecodec_reject,wirecodec,reject,false,R6,qwen3.7-max,2,E1,P2,true,true,false,false
wirecodec_reject,wirecodec,reject,false,R6,qwen3.7-max,2,E1,R1,true,false,true,false
wirecodec_reject,wirecodec,reject,false,R6,qwen3.7-max,2,E1,R2,true,false,true,false
wirecodec_reject,wirecodec,reject,false,R6,qwen3.7-max,2,E1,R3,true,true,false,false
wirecodec_reject,wirecodec,reject,false,R6,qwen3.7-max,2,E1,V1,true,true,false,false
wirecodec_reject,wirecodec,reject,false,R6,qwen3.7-max,2,E2,P1,true,true,false,false
wirecodec_reject,wirecodec,reject,false,R6,qwen3.7-max,2,E2,R4,true,true,false,false
wirecodec_reject,wirecodec,reject,false,R6,qwen3.7-max,2,E3,R3,true,true,false,false
wirecodec_reject,wirecodec,reject,false,R6,qwen3.7-max,2,E3,R4,true,true,false,false
wirecodec_reject,wirecodec,reject,false,R6,qwen3.7-max,2,E3,R5,true,true,false,false
wirecodec_reject,wirecodec,reject,false,R6,qwen3.7-max,2,E3,V2,true,true,false,false
wirecodec_reject,wirecodec,reject,false,R6,qwen3.7-max,2,E4,R6,true,true,false,false
wirecodec_reject,wirecodec,reject,false,R6,qwen3.7-max,2,E5,R5,true,true,false,false
wirecodec_reject,wirecodec,reject,false,R6,qwen3.7-max,2,E5,X2,true,true,false,false
wirecodec_reject,wirecodec,reject,false,R6,qwen3.7-max,2,E6,R2,false,false,false,false
wirecodec_reject,wirecodec,reject,false,R6,qwen3.7-max,2,E6,R7,false,false,false,false
wirecodec_reject,wirecodec,reject,false,R6,qwen3.7-max,2,E7,R2,false,false,false,false
wirecodec_reject,wirecodec,reject,false,R6,qwen3.7-max,2,E7,X1,false,false,false,false
wirecodec_reject,wirecodec,reject,false,R6,qwen3.7-max,2,E8,C1,true,true,false,false
wirecodec_reject,wirecodec,reject,false,R6,qwen3.7-max,3,E1,D1,true,true,false,false
wirecodec_reject,wirecodec,reject,false,R6,qwen3.7-max,3,E1,P2,true,true,false,false
wirecodec_reject,wirecodec,reject,false,R6,qwen3.7-max,3,E1,R1,true,false,true,false
wirecodec_reject,wirecodec,reject,false,R6,qwen3.7-max,3,E1,R2,true,false,true,false
wirecodec_reject,wirecodec,reject,false,R6,qwen3.7-max,3,E1,R3,true,true,false,false
wirecodec_reject,wirecodec,reject,false,R6,qwen3.7-max,3,E1,V1,true,true,false,false
wirecodec_reject,wirecodec,reject,false,R6,qwen3.7-max,3,E2,P1,true,true,false,false
wirecodec_reject,wirecodec,reject,false,R6,qwen3.7-max,3,E2,R4,true,true,false,false
wirecodec_reject,wirecodec,reject,false,R6,qwen3.7-max,3,E3,R3,true,true,false,false
wirecodec_reject,wirecodec,reject,false,R6,qwen3.7-max,3,E3,R4,true,true,false,false
wirecodec_reject,wirecodec,reject,false,R6,qwen3.7-max,3,E3,R5,true,true,false,false
wirecodec_reject,wirecodec,reject,false,R6,qwen3.7-max,3,E3,V2,true,true,false,false
wirecodec_reject,wirecodec,reject,false,R6,qwen3.7-max,3,E4,R6,true,true,false,false
wirecodec_reject,wirecodec,reject,false,R6,qwen3.7-max,3,E5,R5,true,true,false,false
wirecodec_reject,wirecodec,reject,false,R6,qwen3.7-max,3,E5,X2,true,true,false,false
wirecodec_reject,wirecodec,reject,false,R6,qwen3.7-max,3,E6,R2,false,false,false,false
wirecodec_reject,wirecodec,reject,false,R6,qwen3.7-max,3,E6,R7,false,false,false,false
wirecodec_reject,wirecodec,reject,false,R6,qwen3.7-max,3,E7,R2,false,false,false,false
wirecodec_reject,wirecodec,reject,false,R6,qwen3.7-max,3,E7,X1,false,false,false,false
wirecodec_reject,wirecodec,reject,false,R6,qwen3.7-max,3,E8,C1,true,true,false,false
