task,family,variant,base,mutation_target,model,trial,name,requirement_id,requirement_type,evidence,example_id,passed,note
configweave_base,configweave,base,true,R4,glm-5.2,1,E1_public_import,R1,rule,visible,E1,true,
configweave_base,configweave,base,true,R4,glm-5.2,1,E1_layer_order,R2,rule,visible,E1,true,
configweave_base,configweave,base,true,R4,glm-5.2,1,E1_recursive_merge,R3,rule,visible,E1,true,
configweave_base,configweave,base,true,R4,glm-5.2,1,E1_end_to_end,D1,done_when,visible,E1,true,
configweave_base,configweave,base,true,R4,glm-5.2,1,E2_list_policy,R4,rule,visible,E2,true,
configweave_base,configweave,base,true,R4,glm-5.2,1,E3_null_deletion,R5,rule,visible,E3,true,
configweave_base,configweave,base,true,R4,glm-5.2,1,E4_deep_immutability,R6,rule,visible,E4,true,
configweave_base,configweave,base,true,R4,glm-5.2,1,E5_invalid_structure,R7,rule,visible,E5,true,
configweave_base,configweave,base,true,R4,glm-5.2,1,E5_type_error,X1,error,visible,E5,true,
configweave_base,configweave,base,true,R4,glm-5.2,1,E6_stdlib_dependencies,C1,constraint,visible,E6,true,
configweave_base,configweave,base,true,R4,glm-5.2,1,hidden_public_symbol,R1,rule,hidden,,true,
configweave_base,configweave,base,true,R4,glm-5.2,1,hidden_empty_and_order,R2,rule,hidden,,true,
configweave_base,configweave,base,true,R4,glm-5.2,1,hidden_recursive_type_changes,R3,rule,hidden,,true,
configweave_base,configweave,base,true,R4,glm-5.2,1,hidden_unhashable_lists,R4,rule,hidden,,true,
configweave_base,configweave,base,true,R4,glm-5.2,1,hidden_nested_deletion,R5,rule,hidden,,true,
configweave_base,configweave,base,true,R4,glm-5.2,1,hidden_no_shared_containers,R6,rule,hidden,,true,
configweave_base,configweave,base,true,R4,glm-5.2,1,hidden_recursive_key_validation,R7,rule,hidden,,true,
configweave_base,configweave,base,true,R4,glm-5.2,1,hidden_full_smoke,D1,done_when,hidden,,true,
configweave_base,configweave,base,true,R4,glm-5.2,1,hidden_stdlib_only,C1,constraint,hidden,,true,
configweave_base,configweave,base,true,R4,glm-5.2,1,hidden_error_atomicity,X1,error,hidden,,true,
configweave_base,configweave,base,true,R4,glm-5.2,2,E1_public_import,R1,rule,visible,E1,true,
configweave_base,configweave,base,true,R4,glm-5.2,2,E1_layer_order,R2,rule,visible,E1,true,
configweave_base,configweave,base,true,R4,glm-5.2,2,E1_recursive_merge,R3,rule,visible,E1,true,
configweave_base,configweave,base,true,R4,glm-5.2,2,E1_end_to_end,D1,done_when,visible,E1,true,
configweave_base,configweave,base,true,R4,glm-5.2,2,E2_list_policy,R4,rule,visible,E2,true,
configweave_base,configweave,base,true,R4,glm-5.2,2,E3_null_deletion,R5,rule,visible,E3,true,
configweave_base,configweave,base,true,R4,glm-5.2,2,E4_deep_immutability,R6,rule,visible,E4,true,
configweave_base,configweave,base,true,R4,glm-5.2,2,E5_invalid_structure,R7,rule,visible,E5,true,
configweave_base,configweave,base,true,R4,glm-5.2,2,E5_type_error,X1,error,visible,E5,true,
configweave_base,configweave,base,true,R4,glm-5.2,2,E6_stdlib_dependencies,C1,constraint,visible,E6,true,
configweave_base,configweave,base,true,R4,glm-5.2,2,hidden_public_symbol,R1,rule,hidden,,true,
configweave_base,configweave,base,true,R4,glm-5.2,2,hidden_empty_and_order,R2,rule,hidden,,true,
configweave_base,configweave,base,true,R4,glm-5.2,2,hidden_recursive_type_changes,R3,rule,hidden,,true,
configweave_base,configweave,base,true,R4,glm-5.2,2,hidden_unhashable_lists,R4,rule,hidden,,true,
configweave_base,configweave,base,true,R4,glm-5.2,2,hidden_nested_deletion,R5,rule,hidden,,true,
configweave_base,configweave,base,true,R4,glm-5.2,2,hidden_no_shared_containers,R6,rule,hidden,,true,
configweave_base,configweave,base,true,R4,glm-5.2,2,hidden_recursive_key_validation,R7,rule,hidden,,true,
configweave_base,configweave,base,true,R4,glm-5.2,2,hidden_full_smoke,D1,done_when,hidden,,true,
configweave_base,configweave,base,true,R4,glm-5.2,2,hidden_stdlib_only,C1,constraint,hidden,,true,
configweave_base,configweave,base,true,R4,glm-5.2,2,hidden_error_atomicity,X1,error,hidden,,true,
configweave_base,configweave,base,true,R4,glm-5.2,3,E1_public_import,R1,rule,visible,E1,true,
configweave_base,configweave,base,true,R4,glm-5.2,3,E1_layer_order,R2,rule,visible,E1,true,
configweave_base,configweave,base,true,R4,glm-5.2,3,E1_recursive_merge,R3,rule,visible,E1,true,
configweave_base,configweave,base,true,R4,glm-5.2,3,E1_end_to_end,D1,done_when,visible,E1,true,
configweave_base,configweave,base,true,R4,glm-5.2,3,E2_list_policy,R4,rule,visible,E2,true,
configweave_base,configweave,base,true,R4,glm-5.2,3,E3_null_deletion,R5,rule,visible,E3,true,
configweave_base,configweave,base,true,R4,glm-5.2,3,E4_deep_immutability,R6,rule,visible,E4,true,
configweave_base,configweave,base,true,R4,glm-5.2,3,E5_invalid_structure,R7,rule,visible,E5,true,
configweave_base,configweave,base,true,R4,glm-5.2,3,E5_type_error,X1,error,visible,E5,true,
configweave_base,configweave,base,true,R4,glm-5.2,3,E6_stdlib_dependencies,C1,constraint,visible,E6,true,
configweave_base,configweave,base,true,R4,glm-5.2,3,hidden_public_symbol,R1,rule,hidden,,true,
configweave_base,configweave,base,true,R4,glm-5.2,3,hidden_empty_and_order,R2,rule,hidden,,true,
configweave_base,configweave,base,true,R4,glm-5.2,3,hidden_recursive_type_changes,R3,rule,hidden,,true,
configweave_base,configweave,base,true,R4,glm-5.2,3,hidden_unhashable_lists,R4,rule,hidden,,true,
configweave_base,configweave,base,true,R4,glm-5.2,3,hidden_nested_deletion,R5,rule,hidden,,true,
configweave_base,configweave,base,true,R4,glm-5.2,3,hidden_no_shared_containers,R6,rule,hidden,,true,
configweave_base,configweave,base,true,R4,glm-5.2,3,hidden_recursive_key_validation,R7,rule,hidden,,true,
configweave_base,configweave,base,true,R4,glm-5.2,3,hidden_full_smoke,D1,done_when,hidden,,true,
configweave_base,configweave,base,true,R4,glm-5.2,3,hidden_stdlib_only,C1,constraint,hidden,,true,
configweave_base,configweave,base,true,R4,glm-5.2,3,hidden_error_atomicity,X1,error,hidden,,true,
configweave_base,configweave,base,true,R4,minimax-m3,1,E1_public_import,R1,rule,visible,E1,true,
configweave_base,configweave,base,true,R4,minimax-m3,1,E1_layer_order,R2,rule,visible,E1,true,
configweave_base,configweave,base,true,R4,minimax-m3,1,E1_recursive_merge,R3,rule,visible,E1,true,
configweave_base,configweave,base,true,R4,minimax-m3,1,E1_end_to_end,D1,done_when,visible,E1,true,
configweave_base,configweave,base,true,R4,minimax-m3,1,E2_list_policy,R4,rule,visible,E2,true,
configweave_base,configweave,base,true,R4,minimax-m3,1,E3_null_deletion,R5,rule,visible,E3,true,
configweave_base,configweave,base,true,R4,minimax-m3,1,E4_deep_immutability,R6,rule,visible,E4,true,
configweave_base,configweave,base,true,R4,minimax-m3,1,E5_invalid_structure,R7,rule,visible,E5,true,
configweave_base,configweave,base,true,R4,minimax-m3,1,E5_type_error,X1,error,visible,E5,true,
configweave_base,configweave,base,true,R4,minimax-m3,1,E6_stdlib_dependencies,C1,constraint,visible,E6,true,
configweave_base,configweave,base,true,R4,minimax-m3,1,hidden_public_symbol,R1,rule,hidden,,true,
configweave_base,configweave,base,true,R4,minimax-m3,1,hidden_empty_and_order,R2,rule,hidden,,true,
configweave_base,configweave,base,true,R4,minimax-m3,1,hidden_recursive_type_changes,R3,rule,hidden,,true,
configweave_base,configweave,base,true,R4,minimax-m3,1,hidden_unhashable_lists,R4,rule,hidden,,true,
configweave_base,configweave,base,true,R4,minimax-m3,1,hidden_nested_deletion,R5,rule,hidden,,true,
configweave_base,configweave,base,true,R4,minimax-m3,1,hidden_no_shared_containers,R6,rule,hidden,,true,
configweave_base,configweave,base,true,R4,minimax-m3,1,hidden_recursive_key_validation,R7,rule,hidden,,true,
configweave_base,configweave,base,true,R4,minimax-m3,1,hidden_full_smoke,D1,done_when,hidden,,true,
configweave_base,configweave,base,true,R4,minimax-m3,1,hidden_stdlib_only,C1,constraint,hidden,,true,
configweave_base,configweave,base,true,R4,minimax-m3,1,hidden_error_atomicity,X1,error,hidden,,true,
configweave_base,configweave,base,true,R4,minimax-m3,2,E1_public_import,R1,rule,visible,E1,true,
configweave_base,configweave,base,true,R4,minimax-m3,2,E1_layer_order,R2,rule,visible,E1,true,
configweave_base,configweave,base,true,R4,minimax-m3,2,E1_recursive_merge,R3,rule,visible,E1,true,
configweave_base,configweave,base,true,R4,minimax-m3,2,E1_end_to_end,D1,done_when,visible,E1,true,
configweave_base,configweave,base,true,R4,minimax-m3,2,E2_list_policy,R4,rule,visible,E2,true,
configweave_base,configweave,base,true,R4,minimax-m3,2,E3_null_deletion,R5,rule,visible,E3,true,
configweave_base,configweave,base,true,R4,minimax-m3,2,E4_deep_immutability,R6,rule,visible,E4,true,
configweave_base,configweave,base,true,R4,minimax-m3,2,E5_invalid_structure,R7,rule,visible,E5,true,
configweave_base,configweave,base,true,R4,minimax-m3,2,E5_type_error,X1,error,visible,E5,true,
configweave_base,configweave,base,true,R4,minimax-m3,2,E6_stdlib_dependencies,C1,constraint,visible,E6,true,
configweave_base,configweave,base,true,R4,minimax-m3,2,hidden_public_symbol,R1,rule,hidden,,true,
configweave_base,configweave,base,true,R4,minimax-m3,2,hidden_empty_and_order,R2,rule,hidden,,true,
configweave_base,configweave,base,true,R4,minimax-m3,2,hidden_recursive_type_changes,R3,rule,hidden,,true,
configweave_base,configweave,base,true,R4,minimax-m3,2,hidden_unhashable_lists,R4,rule,hidden,,true,
configweave_base,configweave,base,true,R4,minimax-m3,2,hidden_nested_deletion,R5,rule,hidden,,true,
configweave_base,configweave,base,true,R4,minimax-m3,2,hidden_no_shared_containers,R6,rule,hidden,,true,
configweave_base,configweave,base,true,R4,minimax-m3,2,hidden_recursive_key_validation,R7,rule,hidden,,true,
configweave_base,configweave,base,true,R4,minimax-m3,2,hidden_full_smoke,D1,done_when,hidden,,true,
configweave_base,configweave,base,true,R4,minimax-m3,2,hidden_stdlib_only,C1,constraint,hidden,,true,
configweave_base,configweave,base,true,R4,minimax-m3,2,hidden_error_atomicity,X1,error,hidden,,true,
configweave_base,configweave,base,true,R4,minimax-m3,3,E1_public_import,R1,rule,visible,E1,true,
configweave_base,configweave,base,true,R4,minimax-m3,3,E1_layer_order,R2,rule,visible,E1,true,
configweave_base,configweave,base,true,R4,minimax-m3,3,E1_recursive_merge,R3,rule,visible,E1,true,
configweave_base,configweave,base,true,R4,minimax-m3,3,E1_end_to_end,D1,done_when,visible,E1,true,
configweave_base,configweave,base,true,R4,minimax-m3,3,E2_list_policy,R4,rule,visible,E2,true,
configweave_base,configweave,base,true,R4,minimax-m3,3,E3_null_deletion,R5,rule,visible,E3,true,
configweave_base,configweave,base,true,R4,minimax-m3,3,E4_deep_immutability,R6,rule,visible,E4,true,
configweave_base,configweave,base,true,R4,minimax-m3,3,E5_invalid_structure,R7,rule,visible,E5,true,
configweave_base,configweave,base,true,R4,minimax-m3,3,E5_type_error,X1,error,visible,E5,true,
configweave_base,configweave,base,true,R4,minimax-m3,3,E6_stdlib_dependencies,C1,constraint,visible,E6,true,
configweave_base,configweave,base,true,R4,minimax-m3,3,hidden_public_symbol,R1,rule,hidden,,true,
configweave_base,configweave,base,true,R4,minimax-m3,3,hidden_empty_and_order,R2,rule,hidden,,true,
configweave_base,configweave,base,true,R4,minimax-m3,3,hidden_recursive_type_changes,R3,rule,hidden,,true,
configweave_base,configweave,base,true,R4,minimax-m3,3,hidden_unhashable_lists,R4,rule,hidden,,true,
configweave_base,configweave,base,true,R4,minimax-m3,3,hidden_nested_deletion,R5,rule,hidden,,true,
configweave_base,configweave,base,true,R4,minimax-m3,3,hidden_no_shared_containers,R6,rule,hidden,,true,
configweave_base,configweave,base,true,R4,minimax-m3,3,hidden_recursive_key_validation,R7,rule,hidden,,true,
configweave_base,configweave,base,true,R4,minimax-m3,3,hidden_full_smoke,D1,done_when,hidden,,true,
configweave_base,configweave,base,true,R4,minimax-m3,3,hidden_stdlib_only,C1,constraint,hidden,,true,
configweave_base,configweave,base,true,R4,minimax-m3,3,hidden_error_atomicity,X1,error,hidden,,true,
configweave_base,configweave,base,true,R4,qwen3.7-max,1,E1_public_import,R1,rule,visible,E1,true,
configweave_base,configweave,base,true,R4,qwen3.7-max,1,E1_layer_order,R2,rule,visible,E1,true,
configweave_base,configweave,base,true,R4,qwen3.7-max,1,E1_recursive_merge,R3,rule,visible,E1,true,
configweave_base,configweave,base,true,R4,qwen3.7-max,1,E1_end_to_end,D1,done_when,visible,E1,true,
configweave_base,configweave,base,true,R4,qwen3.7-max,1,E2_list_policy,R4,rule,visible,E2,true,
configweave_base,configweave,base,true,R4,qwen3.7-max,1,E3_null_deletion,R5,rule,visible,E3,true,
configweave_base,configweave,base,true,R4,qwen3.7-max,1,E4_deep_immutability,R6,rule,visible,E4,true,
configweave_base,configweave,base,true,R4,qwen3.7-max,1,E5_invalid_structure,R7,rule,visible,E5,true,
configweave_base,configweave,base,true,R4,qwen3.7-max,1,E5_type_error,X1,error,visible,E5,true,
configweave_base,configweave,base,true,R4,qwen3.7-max,1,E6_stdlib_dependencies,C1,constraint,visible,E6,true,
configweave_base,configweave,base,true,R4,qwen3.7-max,1,hidden_public_symbol,R1,rule,hidden,,true,
configweave_base,configweave,base,true,R4,qwen3.7-max,1,hidden_empty_and_order,R2,rule,hidden,,true,
configweave_base,configweave,base,true,R4,qwen3.7-max,1,hidden_recursive_type_changes,R3,rule,hidden,,true,
configweave_base,configweave,base,true,R4,qwen3.7-max,1,hidden_unhashable_lists,R4,rule,hidden,,true,
configweave_base,configweave,base,true,R4,qwen3.7-max,1,hidden_nested_deletion,R5,rule,hidden,,true,
configweave_base,configweave,base,true,R4,qwen3.7-max,1,hidden_no_shared_containers,R6,rule,hidden,,true,
configweave_base,configweave,base,true,R4,qwen3.7-max,1,hidden_recursive_key_validation,R7,rule,hidden,,true,
configweave_base,configweave,base,true,R4,qwen3.7-max,1,hidden_full_smoke,D1,done_when,hidden,,true,
configweave_base,configweave,base,true,R4,qwen3.7-max,1,hidden_stdlib_only,C1,constraint,hidden,,true,
configweave_base,configweave,base,true,R4,qwen3.7-max,1,hidden_error_atomicity,X1,error,hidden,,true,
configweave_base,configweave,base,true,R4,qwen3.7-max,2,E1_public_import,R1,rule,visible,E1,true,
configweave_base,configweave,base,true,R4,qwen3.7-max,2,E1_layer_order,R2,rule,visible,E1,true,
configweave_base,configweave,base,true,R4,qwen3.7-max,2,E1_recursive_merge,R3,rule,visible,E1,true,
configweave_base,configweave,base,true,R4,qwen3.7-max,2,E1_end_to_end,D1,done_when,visible,E1,true,
configweave_base,configweave,base,true,R4,qwen3.7-max,2,E2_list_policy,R4,rule,visible,E2,true,
configweave_base,configweave,base,true,R4,qwen3.7-max,2,E3_null_deletion,R5,rule,visible,E3,true,
configweave_base,configweave,base,true,R4,qwen3.7-max,2,E4_deep_immutability,R6,rule,visible,E4,true,
configweave_base,configweave,base,true,R4,qwen3.7-max,2,E5_invalid_structure,R7,rule,visible,E5,true,
configweave_base,configweave,base,true,R4,qwen3.7-max,2,E5_type_error,X1,error,visible,E5,true,
configweave_base,configweave,base,true,R4,qwen3.7-max,2,E6_stdlib_dependencies,C1,constraint,visible,E6,true,
configweave_base,configweave,base,true,R4,qwen3.7-max,2,hidden_public_symbol,R1,rule,hidden,,true,
configweave_base,configweave,base,true,R4,qwen3.7-max,2,hidden_empty_and_order,R2,rule,hidden,,true,
configweave_base,configweave,base,true,R4,qwen3.7-max,2,hidden_recursive_type_changes,R3,rule,hidden,,true,
configweave_base,configweave,base,true,R4,qwen3.7-max,2,hidden_unhashable_lists,R4,rule,hidden,,true,
configweave_base,configweave,base,true,R4,qwen3.7-max,2,hidden_nested_deletion,R5,rule,hidden,,true,
configweave_base,configweave,base,true,R4,qwen3.7-max,2,hidden_no_shared_containers,R6,rule,hidden,,true,
configweave_base,configweave,base,true,R4,qwen3.7-max,2,hidden_recursive_key_validation,R7,rule,hidden,,true,
configweave_base,configweave,base,true,R4,qwen3.7-max,2,hidden_full_smoke,D1,done_when,hidden,,true,
configweave_base,configweave,base,true,R4,qwen3.7-max,2,hidden_stdlib_only,C1,constraint,hidden,,true,
configweave_base,configweave,base,true,R4,qwen3.7-max,2,hidden_error_atomicity,X1,error,hidden,,true,
configweave_base,configweave,base,true,R4,qwen3.7-max,3,E1_public_import,R1,rule,visible,E1,true,
configweave_base,configweave,base,true,R4,qwen3.7-max,3,E1_layer_order,R2,rule,visible,E1,true,
configweave_base,configweave,base,true,R4,qwen3.7-max,3,E1_recursive_merge,R3,rule,visible,E1,true,
configweave_base,configweave,base,true,R4,qwen3.7-max,3,E1_end_to_end,D1,done_when,visible,E1,true,
configweave_base,configweave,base,true,R4,qwen3.7-max,3,E2_list_policy,R4,rule,visible,E2,true,
configweave_base,configweave,base,true,R4,qwen3.7-max,3,E3_null_deletion,R5,rule,visible,E3,true,
configweave_base,configweave,base,true,R4,qwen3.7-max,3,E4_deep_immutability,R6,rule,visible,E4,true,
configweave_base,configweave,base,true,R4,qwen3.7-max,3,E5_invalid_structure,R7,rule,visible,E5,true,
configweave_base,configweave,base,true,R4,qwen3.7-max,3,E5_type_error,X1,error,visible,E5,true,
configweave_base,configweave,base,true,R4,qwen3.7-max,3,E6_stdlib_dependencies,C1,constraint,visible,E6,true,
configweave_base,configweave,base,true,R4,qwen3.7-max,3,hidden_public_symbol,R1,rule,hidden,,true,
configweave_base,configweave,base,true,R4,qwen3.7-max,3,hidden_empty_and_order,R2,rule,hidden,,true,
configweave_base,configweave,base,true,R4,qwen3.7-max,3,hidden_recursive_type_changes,R3,rule,hidden,,true,
configweave_base,configweave,base,true,R4,qwen3.7-max,3,hidden_unhashable_lists,R4,rule,hidden,,true,
configweave_base,configweave,base,true,R4,qwen3.7-max,3,hidden_nested_deletion,R5,rule,hidden,,true,
configweave_base,configweave,base,true,R4,qwen3.7-max,3,hidden_no_shared_containers,R6,rule,hidden,,true,
configweave_base,configweave,base,true,R4,qwen3.7-max,3,hidden_recursive_key_validation,R7,rule,hidden,,true,
configweave_base,configweave,base,true,R4,qwen3.7-max,3,hidden_full_smoke,D1,done_when,hidden,,true,
configweave_base,configweave,base,true,R4,qwen3.7-max,3,hidden_stdlib_only,C1,constraint,hidden,,true,
configweave_base,configweave,base,true,R4,qwen3.7-max,3,hidden_error_atomicity,X1,error,hidden,,true,
configweave_concat,configweave,concat,false,R4,glm-5.2,1,E1_public_import,R1,rule,visible,E1,true,
configweave_concat,configweave,concat,false,R4,glm-5.2,1,E1_layer_order,R2,rule,visible,E1,true,
configweave_concat,configweave,concat,false,R4,glm-5.2,1,E1_recursive_merge,R3,rule,visible,E1,true,
configweave_concat,configweave,concat,false,R4,glm-5.2,1,E1_end_to_end,D1,done_when,visible,E1,true,
configweave_concat,configweave,concat,false,R4,glm-5.2,1,E2_list_policy,R4,rule,visible,E2,true,
configweave_concat,configweave,concat,false,R4,glm-5.2,1,E3_null_deletion,R5,rule,visible,E3,true,
configweave_concat,configweave,concat,false,R4,glm-5.2,1,E4_deep_immutability,R6,rule,visible,E4,true,
configweave_concat,configweave,concat,false,R4,glm-5.2,1,E5_invalid_structure,R7,rule,visible,E5,true,
configweave_concat,configweave,concat,false,R4,glm-5.2,1,E5_type_error,X1,error,visible,E5,true,
configweave_concat,configweave,concat,false,R4,glm-5.2,1,E6_stdlib_dependencies,C1,constraint,visible,E6,true,
configweave_concat,configweave,concat,false,R4,glm-5.2,1,hidden_public_symbol,R1,rule,hidden,,true,
configweave_concat,configweave,concat,false,R4,glm-5.2,1,hidden_empty_and_order,R2,rule,hidden,,true,
configweave_concat,configweave,concat,false,R4,glm-5.2,1,hidden_recursive_type_changes,R3,rule,hidden,,true,
configweave_concat,configweave,concat,false,R4,glm-5.2,1,hidden_unhashable_lists,R4,rule,hidden,,true,
configweave_concat,configweave,concat,false,R4,glm-5.2,1,hidden_nested_deletion,R5,rule,hidden,,true,
configweave_concat,configweave,concat,false,R4,glm-5.2,1,hidden_no_shared_containers,R6,rule,hidden,,true,
configweave_concat,configweave,concat,false,R4,glm-5.2,1,hidden_recursive_key_validation,R7,rule,hidden,,true,
configweave_concat,configweave,concat,false,R4,glm-5.2,1,hidden_full_smoke,D1,done_when,hidden,,true,
configweave_concat,configweave,concat,false,R4,glm-5.2,1,hidden_stdlib_only,C1,constraint,hidden,,true,
configweave_concat,configweave,concat,false,R4,glm-5.2,1,hidden_error_atomicity,X1,error,hidden,,true,
configweave_concat,configweave,concat,false,R4,glm-5.2,2,E1_public_import,R1,rule,visible,E1,true,
configweave_concat,configweave,concat,false,R4,glm-5.2,2,E1_layer_order,R2,rule,visible,E1,true,
configweave_concat,configweave,concat,false,R4,glm-5.2,2,E1_recursive_merge,R3,rule,visible,E1,true,
configweave_concat,configweave,concat,false,R4,glm-5.2,2,E1_end_to_end,D1,done_when,visible,E1,true,
configweave_concat,configweave,concat,false,R4,glm-5.2,2,E2_list_policy,R4,rule,visible,E2,true,
configweave_concat,configweave,concat,false,R4,glm-5.2,2,E3_null_deletion,R5,rule,visible,E3,true,
configweave_concat,configweave,concat,false,R4,glm-5.2,2,E4_deep_immutability,R6,rule,visible,E4,true,
configweave_concat,configweave,concat,false,R4,glm-5.2,2,E5_invalid_structure,R7,rule,visible,E5,true,
configweave_concat,configweave,concat,false,R4,glm-5.2,2,E5_type_error,X1,error,visible,E5,true,
configweave_concat,configweave,concat,false,R4,glm-5.2,2,E6_stdlib_dependencies,C1,constraint,visible,E6,true,
configweave_concat,configweave,concat,false,R4,glm-5.2,2,hidden_public_symbol,R1,rule,hidden,,true,
configweave_concat,configweave,concat,false,R4,glm-5.2,2,hidden_empty_and_order,R2,rule,hidden,,true,
configweave_concat,configweave,concat,false,R4,glm-5.2,2,hidden_recursive_type_changes,R3,rule,hidden,,true,
configweave_concat,configweave,concat,false,R4,glm-5.2,2,hidden_unhashable_lists,R4,rule,hidden,,true,
configweave_concat,configweave,concat,false,R4,glm-5.2,2,hidden_nested_deletion,R5,rule,hidden,,true,
configweave_concat,configweave,concat,false,R4,glm-5.2,2,hidden_no_shared_containers,R6,rule,hidden,,true,
configweave_concat,configweave,concat,false,R4,glm-5.2,2,hidden_recursive_key_validation,R7,rule,hidden,,true,
configweave_concat,configweave,concat,false,R4,glm-5.2,2,hidden_full_smoke,D1,done_when,hidden,,true,
configweave_concat,configweave,concat,false,R4,glm-5.2,2,hidden_stdlib_only,C1,constraint,hidden,,true,
configweave_concat,configweave,concat,false,R4,glm-5.2,2,hidden_error_atomicity,X1,error,hidden,,true,
configweave_concat,configweave,concat,false,R4,glm-5.2,3,E1_public_import,R1,rule,visible,E1,true,
configweave_concat,configweave,concat,false,R4,glm-5.2,3,E1_layer_order,R2,rule,visible,E1,true,
configweave_concat,configweave,concat,false,R4,glm-5.2,3,E1_recursive_merge,R3,rule,visible,E1,true,
configweave_concat,configweave,concat,false,R4,glm-5.2,3,E1_end_to_end,D1,done_when,visible,E1,true,
configweave_concat,configweave,concat,false,R4,glm-5.2,3,E2_list_policy,R4,rule,visible,E2,true,
configweave_concat,configweave,concat,false,R4,glm-5.2,3,E3_null_deletion,R5,rule,visible,E3,true,
configweave_concat,configweave,concat,false,R4,glm-5.2,3,E4_deep_immutability,R6,rule,visible,E4,true,
configweave_concat,configweave,concat,false,R4,glm-5.2,3,E5_invalid_structure,R7,rule,visible,E5,true,
configweave_concat,configweave,concat,false,R4,glm-5.2,3,E5_type_error,X1,error,visible,E5,true,
configweave_concat,configweave,concat,false,R4,glm-5.2,3,E6_stdlib_dependencies,C1,constraint,visible,E6,true,
configweave_concat,configweave,concat,false,R4,glm-5.2,3,hidden_public_symbol,R1,rule,hidden,,true,
configweave_concat,configweave,concat,false,R4,glm-5.2,3,hidden_empty_and_order,R2,rule,hidden,,true,
configweave_concat,configweave,concat,false,R4,glm-5.2,3,hidden_recursive_type_changes,R3,rule,hidden,,true,
configweave_concat,configweave,concat,false,R4,glm-5.2,3,hidden_unhashable_lists,R4,rule,hidden,,true,
configweave_concat,configweave,concat,false,R4,glm-5.2,3,hidden_nested_deletion,R5,rule,hidden,,true,
configweave_concat,configweave,concat,false,R4,glm-5.2,3,hidden_no_shared_containers,R6,rule,hidden,,true,
configweave_concat,configweave,concat,false,R4,glm-5.2,3,hidden_recursive_key_validation,R7,rule,hidden,,true,
configweave_concat,configweave,concat,false,R4,glm-5.2,3,hidden_full_smoke,D1,done_when,hidden,,true,
configweave_concat,configweave,concat,false,R4,glm-5.2,3,hidden_stdlib_only,C1,constraint,hidden,,true,
configweave_concat,configweave,concat,false,R4,glm-5.2,3,hidden_error_atomicity,X1,error,hidden,,true,
configweave_concat,configweave,concat,false,R4,minimax-m3,1,E1_public_import,R1,rule,visible,E1,true,
configweave_concat,configweave,concat,false,R4,minimax-m3,1,E1_layer_order,R2,rule,visible,E1,true,
configweave_concat,configweave,concat,false,R4,minimax-m3,1,E1_recursive_merge,R3,rule,visible,E1,true,
configweave_concat,configweave,concat,false,R4,minimax-m3,1,E1_end_to_end,D1,done_when,visible,E1,true,
configweave_concat,configweave,concat,false,R4,minimax-m3,1,E2_list_policy,R4,rule,visible,E2,true,
configweave_concat,configweave,concat,false,R4,minimax-m3,1,E3_null_deletion,R5,rule,visible,E3,true,
configweave_concat,configweave,concat,false,R4,minimax-m3,1,E4_deep_immutability,R6,rule,visible,E4,true,
configweave_concat,configweave,concat,false,R4,minimax-m3,1,E5_invalid_structure,R7,rule,visible,E5,true,
configweave_concat,configweave,concat,false,R4,minimax-m3,1,E5_type_error,X1,error,visible,E5,true,
configweave_concat,configweave,concat,false,R4,minimax-m3,1,E6_stdlib_dependencies,C1,constraint,visible,E6,true,
configweave_concat,configweave,concat,false,R4,minimax-m3,1,hidden_public_symbol,R1,rule,hidden,,true,
configweave_concat,configweave,concat,false,R4,minimax-m3,1,hidden_empty_and_order,R2,rule,hidden,,true,
configweave_concat,configweave,concat,false,R4,minimax-m3,1,hidden_recursive_type_changes,R3,rule,hidden,,true,
configweave_concat,configweave,concat,false,R4,minimax-m3,1,hidden_unhashable_lists,R4,rule,hidden,,true,
configweave_concat,configweave,concat,false,R4,minimax-m3,1,hidden_nested_deletion,R5,rule,hidden,,true,
configweave_concat,configweave,concat,false,R4,minimax-m3,1,hidden_no_shared_containers,R6,rule,hidden,,true,
configweave_concat,configweave,concat,false,R4,minimax-m3,1,hidden_recursive_key_validation,R7,rule,hidden,,true,
configweave_concat,configweave,concat,false,R4,minimax-m3,1,hidden_full_smoke,D1,done_when,hidden,,true,
configweave_concat,configweave,concat,false,R4,minimax-m3,1,hidden_stdlib_only,C1,constraint,hidden,,true,
configweave_concat,configweave,concat,false,R4,minimax-m3,1,hidden_error_atomicity,X1,error,hidden,,true,
configweave_concat,configweave,concat,false,R4,minimax-m3,2,E1_public_import,R1,rule,visible,E1,true,
configweave_concat,configweave,concat,false,R4,minimax-m3,2,E1_layer_order,R2,rule,visible,E1,true,
configweave_concat,configweave,concat,false,R4,minimax-m3,2,E1_recursive_merge,R3,rule,visible,E1,true,
configweave_concat,configweave,concat,false,R4,minimax-m3,2,E1_end_to_end,D1,done_when,visible,E1,true,
configweave_concat,configweave,concat,false,R4,minimax-m3,2,E2_list_policy,R4,rule,visible,E2,true,
configweave_concat,configweave,concat,false,R4,minimax-m3,2,E3_null_deletion,R5,rule,visible,E3,true,
configweave_concat,configweave,concat,false,R4,minimax-m3,2,E4_deep_immutability,R6,rule,visible,E4,true,
configweave_concat,configweave,concat,false,R4,minimax-m3,2,E5_invalid_structure,R7,rule,visible,E5,true,
configweave_concat,configweave,concat,false,R4,minimax-m3,2,E5_type_error,X1,error,visible,E5,true,
configweave_concat,configweave,concat,false,R4,minimax-m3,2,E6_stdlib_dependencies,C1,constraint,visible,E6,true,
configweave_concat,configweave,concat,false,R4,minimax-m3,2,hidden_public_symbol,R1,rule,hidden,,true,
configweave_concat,configweave,concat,false,R4,minimax-m3,2,hidden_empty_and_order,R2,rule,hidden,,true,
configweave_concat,configweave,concat,false,R4,minimax-m3,2,hidden_recursive_type_changes,R3,rule,hidden,,true,
configweave_concat,configweave,concat,false,R4,minimax-m3,2,hidden_unhashable_lists,R4,rule,hidden,,true,
configweave_concat,configweave,concat,false,R4,minimax-m3,2,hidden_nested_deletion,R5,rule,hidden,,true,
configweave_concat,configweave,concat,false,R4,minimax-m3,2,hidden_no_shared_containers,R6,rule,hidden,,true,
configweave_concat,configweave,concat,false,R4,minimax-m3,2,hidden_recursive_key_validation,R7,rule,hidden,,true,
configweave_concat,configweave,concat,false,R4,minimax-m3,2,hidden_full_smoke,D1,done_when,hidden,,true,
configweave_concat,configweave,concat,false,R4,minimax-m3,2,hidden_stdlib_only,C1,constraint,hidden,,true,
configweave_concat,configweave,concat,false,R4,minimax-m3,2,hidden_error_atomicity,X1,error,hidden,,true,
configweave_concat,configweave,concat,false,R4,minimax-m3,3,E1_public_import,R1,rule,visible,E1,true,
configweave_concat,configweave,concat,false,R4,minimax-m3,3,E1_layer_order,R2,rule,visible,E1,true,
configweave_concat,configweave,concat,false,R4,minimax-m3,3,E1_recursive_merge,R3,rule,visible,E1,true,
configweave_concat,configweave,concat,false,R4,minimax-m3,3,E1_end_to_end,D1,done_when,visible,E1,true,
configweave_concat,configweave,concat,false,R4,minimax-m3,3,E2_list_policy,R4,rule,visible,E2,true,
configweave_concat,configweave,concat,false,R4,minimax-m3,3,E3_null_deletion,R5,rule,visible,E3,true,
configweave_concat,configweave,concat,false,R4,minimax-m3,3,E4_deep_immutability,R6,rule,visible,E4,true,
configweave_concat,configweave,concat,false,R4,minimax-m3,3,E5_invalid_structure,R7,rule,visible,E5,true,
configweave_concat,configweave,concat,false,R4,minimax-m3,3,E5_type_error,X1,error,visible,E5,true,
configweave_concat,configweave,concat,false,R4,minimax-m3,3,E6_stdlib_dependencies,C1,constraint,visible,E6,true,
configweave_concat,configweave,concat,false,R4,minimax-m3,3,hidden_public_symbol,R1,rule,hidden,,true,
configweave_concat,configweave,concat,false,R4,minimax-m3,3,hidden_empty_and_order,R2,rule,hidden,,true,
configweave_concat,configweave,concat,false,R4,minimax-m3,3,hidden_recursive_type_changes,R3,rule,hidden,,true,
configweave_concat,configweave,concat,false,R4,minimax-m3,3,hidden_unhashable_lists,R4,rule,hidden,,true,
configweave_concat,configweave,concat,false,R4,minimax-m3,3,hidden_nested_deletion,R5,rule,hidden,,true,
configweave_concat,configweave,concat,false,R4,minimax-m3,3,hidden_no_shared_containers,R6,rule,hidden,,true,
configweave_concat,configweave,concat,false,R4,minimax-m3,3,hidden_recursive_key_validation,R7,rule,hidden,,true,
configweave_concat,configweave,concat,false,R4,minimax-m3,3,hidden_full_smoke,D1,done_when,hidden,,true,
configweave_concat,configweave,concat,false,R4,minimax-m3,3,hidden_stdlib_only,C1,constraint,hidden,,true,
configweave_concat,configweave,concat,false,R4,minimax-m3,3,hidden_error_atomicity,X1,error,hidden,,true,
configweave_concat,configweave,concat,false,R4,qwen3.7-max,1,E1_public_import,R1,rule,visible,E1,true,
configweave_concat,configweave,concat,false,R4,qwen3.7-max,1,E1_layer_order,R2,rule,visible,E1,true,
configweave_concat,configweave,concat,false,R4,qwen3.7-max,1,E1_recursive_merge,R3,rule,visible,E1,true,
configweave_concat,configweave,concat,false,R4,qwen3.7-max,1,E1_end_to_end,D1,done_when,visible,E1,true,
configweave_concat,configweave,concat,false,R4,qwen3.7-max,1,E2_list_policy,R4,rule,visible,E2,true,
configweave_concat,configweave,concat,false,R4,qwen3.7-max,1,E3_null_deletion,R5,rule,visible,E3,true,
configweave_concat,configweave,concat,false,R4,qwen3.7-max,1,E4_deep_immutability,R6,rule,visible,E4,true,
configweave_concat,configweave,concat,false,R4,qwen3.7-max,1,E5_invalid_structure,R7,rule,visible,E5,true,
configweave_concat,configweave,concat,false,R4,qwen3.7-max,1,E5_type_error,X1,error,visible,E5,true,
configweave_concat,configweave,concat,false,R4,qwen3.7-max,1,E6_stdlib_dependencies,C1,constraint,visible,E6,true,
configweave_concat,configweave,concat,false,R4,qwen3.7-max,1,hidden_public_symbol,R1,rule,hidden,,true,
configweave_concat,configweave,concat,false,R4,qwen3.7-max,1,hidden_empty_and_order,R2,rule,hidden,,true,
configweave_concat,configweave,concat,false,R4,qwen3.7-max,1,hidden_recursive_type_changes,R3,rule,hidden,,true,
configweave_concat,configweave,concat,false,R4,qwen3.7-max,1,hidden_unhashable_lists,R4,rule,hidden,,true,
configweave_concat,configweave,concat,false,R4,qwen3.7-max,1,hidden_nested_deletion,R5,rule,hidden,,true,
configweave_concat,configweave,concat,false,R4,qwen3.7-max,1,hidden_no_shared_containers,R6,rule,hidden,,true,
configweave_concat,configweave,concat,false,R4,qwen3.7-max,1,hidden_recursive_key_validation,R7,rule,hidden,,true,
configweave_concat,configweave,concat,false,R4,qwen3.7-max,1,hidden_full_smoke,D1,done_when,hidden,,true,
configweave_concat,configweave,concat,false,R4,qwen3.7-max,1,hidden_stdlib_only,C1,constraint,hidden,,true,
configweave_concat,configweave,concat,false,R4,qwen3.7-max,1,hidden_error_atomicity,X1,error,hidden,,true,
configweave_concat,configweave,concat,false,R4,qwen3.7-max,2,E1_public_import,R1,rule,visible,E1,true,
configweave_concat,configweave,concat,false,R4,qwen3.7-max,2,E1_layer_order,R2,rule,visible,E1,true,
configweave_concat,configweave,concat,false,R4,qwen3.7-max,2,E1_recursive_merge,R3,rule,visible,E1,true,
configweave_concat,configweave,concat,false,R4,qwen3.7-max,2,E1_end_to_end,D1,done_when,visible,E1,true,
configweave_concat,configweave,concat,false,R4,qwen3.7-max,2,E2_list_policy,R4,rule,visible,E2,true,
configweave_concat,configweave,concat,false,R4,qwen3.7-max,2,E3_null_deletion,R5,rule,visible,E3,true,
configweave_concat,configweave,concat,false,R4,qwen3.7-max,2,E4_deep_immutability,R6,rule,visible,E4,true,
configweave_concat,configweave,concat,false,R4,qwen3.7-max,2,E5_invalid_structure,R7,rule,visible,E5,true,
configweave_concat,configweave,concat,false,R4,qwen3.7-max,2,E5_type_error,X1,error,visible,E5,true,
configweave_concat,configweave,concat,false,R4,qwen3.7-max,2,E6_stdlib_dependencies,C1,constraint,visible,E6,true,
configweave_concat,configweave,concat,false,R4,qwen3.7-max,2,hidden_public_symbol,R1,rule,hidden,,true,
configweave_concat,configweave,concat,false,R4,qwen3.7-max,2,hidden_empty_and_order,R2,rule,hidden,,true,
configweave_concat,configweave,concat,false,R4,qwen3.7-max,2,hidden_recursive_type_changes,R3,rule,hidden,,true,
configweave_concat,configweave,concat,false,R4,qwen3.7-max,2,hidden_unhashable_lists,R4,rule,hidden,,true,
configweave_concat,configweave,concat,false,R4,qwen3.7-max,2,hidden_nested_deletion,R5,rule,hidden,,true,
configweave_concat,configweave,concat,false,R4,qwen3.7-max,2,hidden_no_shared_containers,R6,rule,hidden,,true,
configweave_concat,configweave,concat,false,R4,qwen3.7-max,2,hidden_recursive_key_validation,R7,rule,hidden,,true,
configweave_concat,configweave,concat,false,R4,qwen3.7-max,2,hidden_full_smoke,D1,done_when,hidden,,true,
configweave_concat,configweave,concat,false,R4,qwen3.7-max,2,hidden_stdlib_only,C1,constraint,hidden,,true,
configweave_concat,configweave,concat,false,R4,qwen3.7-max,2,hidden_error_atomicity,X1,error,hidden,,true,
configweave_concat,configweave,concat,false,R4,qwen3.7-max,3,E1_public_import,R1,rule,visible,E1,true,
configweave_concat,configweave,concat,false,R4,qwen3.7-max,3,E1_layer_order,R2,rule,visible,E1,true,
configweave_concat,configweave,concat,false,R4,qwen3.7-max,3,E1_recursive_merge,R3,rule,visible,E1,true,
configweave_concat,configweave,concat,false,R4,qwen3.7-max,3,E1_end_to_end,D1,done_when,visible,E1,true,
configweave_concat,configweave,concat,false,R4,qwen3.7-max,3,E2_list_policy,R4,rule,visible,E2,true,
configweave_concat,configweave,concat,false,R4,qwen3.7-max,3,E3_null_deletion,R5,rule,visible,E3,true,
configweave_concat,configweave,concat,false,R4,qwen3.7-max,3,E4_deep_immutability,R6,rule,visible,E4,true,
configweave_concat,configweave,concat,false,R4,qwen3.7-max,3,E5_invalid_structure,R7,rule,visible,E5,true,
configweave_concat,configweave,concat,false,R4,qwen3.7-max,3,E5_type_error,X1,error,visible,E5,true,
configweave_concat,configweave,concat,false,R4,qwen3.7-max,3,E6_stdlib_dependencies,C1,constraint,visible,E6,true,
configweave_concat,configweave,concat,false,R4,qwen3.7-max,3,hidden_public_symbol,R1,rule,hidden,,true,
configweave_concat,configweave,concat,false,R4,qwen3.7-max,3,hidden_empty_and_order,R2,rule,hidden,,true,
configweave_concat,configweave,concat,false,R4,qwen3.7-max,3,hidden_recursive_type_changes,R3,rule,hidden,,true,
configweave_concat,configweave,concat,false,R4,qwen3.7-max,3,hidden_unhashable_lists,R4,rule,hidden,,true,
configweave_concat,configweave,concat,false,R4,qwen3.7-max,3,hidden_nested_deletion,R5,rule,hidden,,true,
configweave_concat,configweave,concat,false,R4,qwen3.7-max,3,hidden_no_shared_containers,R6,rule,hidden,,true,
configweave_concat,configweave,concat,false,R4,qwen3.7-max,3,hidden_recursive_key_validation,R7,rule,hidden,,true,
configweave_concat,configweave,concat,false,R4,qwen3.7-max,3,hidden_full_smoke,D1,done_when,hidden,,true,
configweave_concat,configweave,concat,false,R4,qwen3.7-max,3,hidden_stdlib_only,C1,constraint,hidden,,true,
configweave_concat,configweave,concat,false,R4,qwen3.7-max,3,hidden_error_atomicity,X1,error,hidden,,true,
configweave_union,configweave,union,false,R4,glm-5.2,1,E1_public_import,R1,rule,visible,E1,true,
configweave_union,configweave,union,false,R4,glm-5.2,1,E1_layer_order,R2,rule,visible,E1,true,
configweave_union,configweave,union,false,R4,glm-5.2,1,E1_recursive_merge,R3,rule,visible,E1,true,
configweave_union,configweave,union,false,R4,glm-5.2,1,E1_end_to_end,D1,done_when,visible,E1,true,
configweave_union,configweave,union,false,R4,glm-5.2,1,E2_list_policy,R4,rule,visible,E2,true,
configweave_union,configweave,union,false,R4,glm-5.2,1,E3_null_deletion,R5,rule,visible,E3,true,
configweave_union,configweave,union,false,R4,glm-5.2,1,E4_deep_immutability,R6,rule,visible,E4,true,
configweave_union,configweave,union,false,R4,glm-5.2,1,E5_invalid_structure,R7,rule,visible,E5,true,
configweave_union,configweave,union,false,R4,glm-5.2,1,E5_type_error,X1,error,visible,E5,true,
configweave_union,configweave,union,false,R4,glm-5.2,1,E6_stdlib_dependencies,C1,constraint,visible,E6,true,
configweave_union,configweave,union,false,R4,glm-5.2,1,hidden_public_symbol,R1,rule,hidden,,true,
configweave_union,configweave,union,false,R4,glm-5.2,1,hidden_empty_and_order,R2,rule,hidden,,true,
configweave_union,configweave,union,false,R4,glm-5.2,1,hidden_recursive_type_changes,R3,rule,hidden,,true,
configweave_union,configweave,union,false,R4,glm-5.2,1,hidden_unhashable_lists,R4,rule,hidden,,true,
configweave_union,configweave,union,false,R4,glm-5.2,1,hidden_nested_deletion,R5,rule,hidden,,true,
configweave_union,configweave,union,false,R4,glm-5.2,1,hidden_no_shared_containers,R6,rule,hidden,,true,
configweave_union,configweave,union,false,R4,glm-5.2,1,hidden_recursive_key_validation,R7,rule,hidden,,true,
configweave_union,configweave,union,false,R4,glm-5.2,1,hidden_full_smoke,D1,done_when,hidden,,true,
configweave_union,configweave,union,false,R4,glm-5.2,1,hidden_stdlib_only,C1,constraint,hidden,,true,
configweave_union,configweave,union,false,R4,glm-5.2,1,hidden_error_atomicity,X1,error,hidden,,true,
configweave_union,configweave,union,false,R4,glm-5.2,2,E1_public_import,R1,rule,visible,E1,true,
configweave_union,configweave,union,false,R4,glm-5.2,2,E1_layer_order,R2,rule,visible,E1,true,
configweave_union,configweave,union,false,R4,glm-5.2,2,E1_recursive_merge,R3,rule,visible,E1,true,
configweave_union,configweave,union,false,R4,glm-5.2,2,E1_end_to_end,D1,done_when,visible,E1,true,
configweave_union,configweave,union,false,R4,glm-5.2,2,E2_list_policy,R4,rule,visible,E2,true,
configweave_union,configweave,union,false,R4,glm-5.2,2,E3_null_deletion,R5,rule,visible,E3,true,
configweave_union,configweave,union,false,R4,glm-5.2,2,E4_deep_immutability,R6,rule,visible,E4,true,
configweave_union,configweave,union,false,R4,glm-5.2,2,E5_invalid_structure,R7,rule,visible,E5,true,
configweave_union,configweave,union,false,R4,glm-5.2,2,E5_type_error,X1,error,visible,E5,true,
configweave_union,configweave,union,false,R4,glm-5.2,2,E6_stdlib_dependencies,C1,constraint,visible,E6,true,
configweave_union,configweave,union,false,R4,glm-5.2,2,hidden_public_symbol,R1,rule,hidden,,true,
configweave_union,configweave,union,false,R4,glm-5.2,2,hidden_empty_and_order,R2,rule,hidden,,true,
configweave_union,configweave,union,false,R4,glm-5.2,2,hidden_recursive_type_changes,R3,rule,hidden,,true,
configweave_union,configweave,union,false,R4,glm-5.2,2,hidden_unhashable_lists,R4,rule,hidden,,true,
configweave_union,configweave,union,false,R4,glm-5.2,2,hidden_nested_deletion,R5,rule,hidden,,true,
configweave_union,configweave,union,false,R4,glm-5.2,2,hidden_no_shared_containers,R6,rule,hidden,,true,
configweave_union,configweave,union,false,R4,glm-5.2,2,hidden_recursive_key_validation,R7,rule,hidden,,true,
configweave_union,configweave,union,false,R4,glm-5.2,2,hidden_full_smoke,D1,done_when,hidden,,true,
configweave_union,configweave,union,false,R4,glm-5.2,2,hidden_stdlib_only,C1,constraint,hidden,,true,
configweave_union,configweave,union,false,R4,glm-5.2,2,hidden_error_atomicity,X1,error,hidden,,true,
configweave_union,configweave,union,false,R4,glm-5.2,3,E1_public_import,R1,rule,visible,E1,true,
configweave_union,configweave,union,false,R4,glm-5.2,3,E1_layer_order,R2,rule,visible,E1,true,
configweave_union,configweave,union,false,R4,glm-5.2,3,E1_recursive_merge,R3,rule,visible,E1,true,
configweave_union,configweave,union,false,R4,glm-5.2,3,E1_end_to_end,D1,done_when,visible,E1,true,
configweave_union,configweave,union,false,R4,glm-5.2,3,E2_list_policy,R4,rule,visible,E2,true,
configweave_union,configweave,union,false,R4,glm-5.2,3,E3_null_deletion,R5,rule,visible,E3,true,
configweave_union,configweave,union,false,R4,glm-5.2,3,E4_deep_immutability,R6,rule,visible,E4,true,
configweave_union,configweave,union,false,R4,glm-5.2,3,E5_invalid_structure,R7,rule,visible,E5,true,
configweave_union,configweave,union,false,R4,glm-5.2,3,E5_type_error,X1,error,visible,E5,true,
configweave_union,configweave,union,false,R4,glm-5.2,3,E6_stdlib_dependencies,C1,constraint,visible,E6,true,
configweave_union,configweave,union,false,R4,glm-5.2,3,hidden_public_symbol,R1,rule,hidden,,true,
configweave_union,configweave,union,false,R4,glm-5.2,3,hidden_empty_and_order,R2,rule,hidden,,true,
configweave_union,configweave,union,false,R4,glm-5.2,3,hidden_recursive_type_changes,R3,rule,hidden,,true,
configweave_union,configweave,union,false,R4,glm-5.2,3,hidden_unhashable_lists,R4,rule,hidden,,true,
configweave_union,configweave,union,false,R4,glm-5.2,3,hidden_nested_deletion,R5,rule,hidden,,true,
configweave_union,configweave,union,false,R4,glm-5.2,3,hidden_no_shared_containers,R6,rule,hidden,,true,
configweave_union,configweave,union,false,R4,glm-5.2,3,hidden_recursive_key_validation,R7,rule,hidden,,true,
configweave_union,configweave,union,false,R4,glm-5.2,3,hidden_full_smoke,D1,done_when,hidden,,true,
configweave_union,configweave,union,false,R4,glm-5.2,3,hidden_stdlib_only,C1,constraint,hidden,,true,
configweave_union,configweave,union,false,R4,glm-5.2,3,hidden_error_atomicity,X1,error,hidden,,true,
configweave_union,configweave,union,false,R4,minimax-m3,1,E1_public_import,R1,rule,visible,E1,true,
configweave_union,configweave,union,false,R4,minimax-m3,1,E1_layer_order,R2,rule,visible,E1,true,
configweave_union,configweave,union,false,R4,minimax-m3,1,E1_recursive_merge,R3,rule,visible,E1,true,
configweave_union,configweave,union,false,R4,minimax-m3,1,E1_end_to_end,D1,done_when,visible,E1,true,
configweave_union,configweave,union,false,R4,minimax-m3,1,E2_list_policy,R4,rule,visible,E2,true,
configweave_union,configweave,union,false,R4,minimax-m3,1,E3_null_deletion,R5,rule,visible,E3,true,
configweave_union,configweave,union,false,R4,minimax-m3,1,E4_deep_immutability,R6,rule,visible,E4,true,
configweave_union,configweave,union,false,R4,minimax-m3,1,E5_invalid_structure,R7,rule,visible,E5,true,
configweave_union,configweave,union,false,R4,minimax-m3,1,E5_type_error,X1,error,visible,E5,true,
configweave_union,configweave,union,false,R4,minimax-m3,1,E6_stdlib_dependencies,C1,constraint,visible,E6,true,
configweave_union,configweave,union,false,R4,minimax-m3,1,hidden_public_symbol,R1,rule,hidden,,true,
configweave_union,configweave,union,false,R4,minimax-m3,1,hidden_empty_and_order,R2,rule,hidden,,true,
configweave_union,configweave,union,false,R4,minimax-m3,1,hidden_recursive_type_changes,R3,rule,hidden,,true,
configweave_union,configweave,union,false,R4,minimax-m3,1,hidden_unhashable_lists,R4,rule,hidden,,true,
configweave_union,configweave,union,false,R4,minimax-m3,1,hidden_nested_deletion,R5,rule,hidden,,true,
configweave_union,configweave,union,false,R4,minimax-m3,1,hidden_no_shared_containers,R6,rule,hidden,,true,
configweave_union,configweave,union,false,R4,minimax-m3,1,hidden_recursive_key_validation,R7,rule,hidden,,true,
configweave_union,configweave,union,false,R4,minimax-m3,1,hidden_full_smoke,D1,done_when,hidden,,true,
configweave_union,configweave,union,false,R4,minimax-m3,1,hidden_stdlib_only,C1,constraint,hidden,,true,
configweave_union,configweave,union,false,R4,minimax-m3,1,hidden_error_atomicity,X1,error,hidden,,true,
configweave_union,configweave,union,false,R4,minimax-m3,2,E1_public_import,R1,rule,visible,E1,true,
configweave_union,configweave,union,false,R4,minimax-m3,2,E1_layer_order,R2,rule,visible,E1,true,
configweave_union,configweave,union,false,R4,minimax-m3,2,E1_recursive_merge,R3,rule,visible,E1,true,
configweave_union,configweave,union,false,R4,minimax-m3,2,E1_end_to_end,D1,done_when,visible,E1,true,
configweave_union,configweave,union,false,R4,minimax-m3,2,E2_list_policy,R4,rule,visible,E2,true,
configweave_union,configweave,union,false,R4,minimax-m3,2,E3_null_deletion,R5,rule,visible,E3,true,
configweave_union,configweave,union,false,R4,minimax-m3,2,E4_deep_immutability,R6,rule,visible,E4,true,
configweave_union,configweave,union,false,R4,minimax-m3,2,E5_invalid_structure,R7,rule,visible,E5,true,
configweave_union,configweave,union,false,R4,minimax-m3,2,E5_type_error,X1,error,visible,E5,true,
configweave_union,configweave,union,false,R4,minimax-m3,2,E6_stdlib_dependencies,C1,constraint,visible,E6,true,
configweave_union,configweave,union,false,R4,minimax-m3,2,hidden_public_symbol,R1,rule,hidden,,true,
configweave_union,configweave,union,false,R4,minimax-m3,2,hidden_empty_and_order,R2,rule,hidden,,true,
configweave_union,configweave,union,false,R4,minimax-m3,2,hidden_recursive_type_changes,R3,rule,hidden,,true,
configweave_union,configweave,union,false,R4,minimax-m3,2,hidden_unhashable_lists,R4,rule,hidden,,true,
configweave_union,configweave,union,false,R4,minimax-m3,2,hidden_nested_deletion,R5,rule,hidden,,true,
configweave_union,configweave,union,false,R4,minimax-m3,2,hidden_no_shared_containers,R6,rule,hidden,,true,
configweave_union,configweave,union,false,R4,minimax-m3,2,hidden_recursive_key_validation,R7,rule,hidden,,true,
configweave_union,configweave,union,false,R4,minimax-m3,2,hidden_full_smoke,D1,done_when,hidden,,true,
configweave_union,configweave,union,false,R4,minimax-m3,2,hidden_stdlib_only,C1,constraint,hidden,,true,
configweave_union,configweave,union,false,R4,minimax-m3,2,hidden_error_atomicity,X1,error,hidden,,true,
configweave_union,configweave,union,false,R4,minimax-m3,3,E1_public_import,R1,rule,visible,E1,true,
configweave_union,configweave,union,false,R4,minimax-m3,3,E1_layer_order,R2,rule,visible,E1,true,
configweave_union,configweave,union,false,R4,minimax-m3,3,E1_recursive_merge,R3,rule,visible,E1,true,
configweave_union,configweave,union,false,R4,minimax-m3,3,E1_end_to_end,D1,done_when,visible,E1,true,
configweave_union,configweave,union,false,R4,minimax-m3,3,E2_list_policy,R4,rule,visible,E2,true,
configweave_union,configweave,union,false,R4,minimax-m3,3,E3_null_deletion,R5,rule,visible,E3,true,
configweave_union,configweave,union,false,R4,minimax-m3,3,E4_deep_immutability,R6,rule,visible,E4,true,
configweave_union,configweave,union,false,R4,minimax-m3,3,E5_invalid_structure,R7,rule,visible,E5,true,
configweave_union,configweave,union,false,R4,minimax-m3,3,E5_type_error,X1,error,visible,E5,true,
configweave_union,configweave,union,false,R4,minimax-m3,3,E6_stdlib_dependencies,C1,constraint,visible,E6,true,
configweave_union,configweave,union,false,R4,minimax-m3,3,hidden_public_symbol,R1,rule,hidden,,true,
configweave_union,configweave,union,false,R4,minimax-m3,3,hidden_empty_and_order,R2,rule,hidden,,true,
configweave_union,configweave,union,false,R4,minimax-m3,3,hidden_recursive_type_changes,R3,rule,hidden,,true,
configweave_union,configweave,union,false,R4,minimax-m3,3,hidden_unhashable_lists,R4,rule,hidden,,true,
configweave_union,configweave,union,false,R4,minimax-m3,3,hidden_nested_deletion,R5,rule,hidden,,true,
configweave_union,configweave,union,false,R4,minimax-m3,3,hidden_no_shared_containers,R6,rule,hidden,,true,
configweave_union,configweave,union,false,R4,minimax-m3,3,hidden_recursive_key_validation,R7,rule,hidden,,true,
configweave_union,configweave,union,false,R4,minimax-m3,3,hidden_full_smoke,D1,done_when,hidden,,true,
configweave_union,configweave,union,false,R4,minimax-m3,3,hidden_stdlib_only,C1,constraint,hidden,,true,
configweave_union,configweave,union,false,R4,minimax-m3,3,hidden_error_atomicity,X1,error,hidden,,true,
configweave_union,configweave,union,false,R4,qwen3.7-max,1,E1_public_import,R1,rule,visible,E1,true,
configweave_union,configweave,union,false,R4,qwen3.7-max,1,E1_layer_order,R2,rule,visible,E1,true,
configweave_union,configweave,union,false,R4,qwen3.7-max,1,E1_recursive_merge,R3,rule,visible,E1,true,
configweave_union,configweave,union,false,R4,qwen3.7-max,1,E1_end_to_end,D1,done_when,visible,E1,true,
configweave_union,configweave,union,false,R4,qwen3.7-max,1,E2_list_policy,R4,rule,visible,E2,true,
configweave_union,configweave,union,false,R4,qwen3.7-max,1,E3_null_deletion,R5,rule,visible,E3,true,
configweave_union,configweave,union,false,R4,qwen3.7-max,1,E4_deep_immutability,R6,rule,visible,E4,true,
configweave_union,configweave,union,false,R4,qwen3.7-max,1,E5_invalid_structure,R7,rule,visible,E5,true,
configweave_union,configweave,union,false,R4,qwen3.7-max,1,E5_type_error,X1,error,visible,E5,true,
configweave_union,configweave,union,false,R4,qwen3.7-max,1,E6_stdlib_dependencies,C1,constraint,visible,E6,true,
configweave_union,configweave,union,false,R4,qwen3.7-max,1,hidden_public_symbol,R1,rule,hidden,,true,
configweave_union,configweave,union,false,R4,qwen3.7-max,1,hidden_empty_and_order,R2,rule,hidden,,true,
configweave_union,configweave,union,false,R4,qwen3.7-max,1,hidden_recursive_type_changes,R3,rule,hidden,,true,
configweave_union,configweave,union,false,R4,qwen3.7-max,1,hidden_unhashable_lists,R4,rule,hidden,,true,
configweave_union,configweave,union,false,R4,qwen3.7-max,1,hidden_nested_deletion,R5,rule,hidden,,true,
configweave_union,configweave,union,false,R4,qwen3.7-max,1,hidden_no_shared_containers,R6,rule,hidden,,true,
configweave_union,configweave,union,false,R4,qwen3.7-max,1,hidden_recursive_key_validation,R7,rule,hidden,,true,
configweave_union,configweave,union,false,R4,qwen3.7-max,1,hidden_full_smoke,D1,done_when,hidden,,true,
configweave_union,configweave,union,false,R4,qwen3.7-max,1,hidden_stdlib_only,C1,constraint,hidden,,true,
configweave_union,configweave,union,false,R4,qwen3.7-max,1,hidden_error_atomicity,X1,error,hidden,,true,
configweave_union,configweave,union,false,R4,qwen3.7-max,2,E1_public_import,R1,rule,visible,E1,true,
configweave_union,configweave,union,false,R4,qwen3.7-max,2,E1_layer_order,R2,rule,visible,E1,true,
configweave_union,configweave,union,false,R4,qwen3.7-max,2,E1_recursive_merge,R3,rule,visible,E1,true,
configweave_union,configweave,union,false,R4,qwen3.7-max,2,E1_end_to_end,D1,done_when,visible,E1,true,
configweave_union,configweave,union,false,R4,qwen3.7-max,2,E2_list_policy,R4,rule,visible,E2,true,
configweave_union,configweave,union,false,R4,qwen3.7-max,2,E3_null_deletion,R5,rule,visible,E3,true,
configweave_union,configweave,union,false,R4,qwen3.7-max,2,E4_deep_immutability,R6,rule,visible,E4,true,
configweave_union,configweave,union,false,R4,qwen3.7-max,2,E5_invalid_structure,R7,rule,visible,E5,true,
configweave_union,configweave,union,false,R4,qwen3.7-max,2,E5_type_error,X1,error,visible,E5,true,
configweave_union,configweave,union,false,R4,qwen3.7-max,2,E6_stdlib_dependencies,C1,constraint,visible,E6,true,
configweave_union,configweave,union,false,R4,qwen3.7-max,2,hidden_public_symbol,R1,rule,hidden,,true,
configweave_union,configweave,union,false,R4,qwen3.7-max,2,hidden_empty_and_order,R2,rule,hidden,,true,
configweave_union,configweave,union,false,R4,qwen3.7-max,2,hidden_recursive_type_changes,R3,rule,hidden,,true,
configweave_union,configweave,union,false,R4,qwen3.7-max,2,hidden_unhashable_lists,R4,rule,hidden,,true,
configweave_union,configweave,union,false,R4,qwen3.7-max,2,hidden_nested_deletion,R5,rule,hidden,,true,
configweave_union,configweave,union,false,R4,qwen3.7-max,2,hidden_no_shared_containers,R6,rule,hidden,,true,
configweave_union,configweave,union,false,R4,qwen3.7-max,2,hidden_recursive_key_validation,R7,rule,hidden,,true,
configweave_union,configweave,union,false,R4,qwen3.7-max,2,hidden_full_smoke,D1,done_when,hidden,,true,
configweave_union,configweave,union,false,R4,qwen3.7-max,2,hidden_stdlib_only,C1,constraint,hidden,,true,
configweave_union,configweave,union,false,R4,qwen3.7-max,2,hidden_error_atomicity,X1,error,hidden,,true,
configweave_union,configweave,union,false,R4,qwen3.7-max,3,E1_public_import,R1,rule,visible,E1,true,
configweave_union,configweave,union,false,R4,qwen3.7-max,3,E1_layer_order,R2,rule,visible,E1,true,
configweave_union,configweave,union,false,R4,qwen3.7-max,3,E1_recursive_merge,R3,rule,visible,E1,true,
configweave_union,configweave,union,false,R4,qwen3.7-max,3,E1_end_to_end,D1,done_when,visible,E1,true,
configweave_union,configweave,union,false,R4,qwen3.7-max,3,E2_list_policy,R4,rule,visible,E2,true,
configweave_union,configweave,union,false,R4,qwen3.7-max,3,E3_null_deletion,R5,rule,visible,E3,true,
configweave_union,configweave,union,false,R4,qwen3.7-max,3,E4_deep_immutability,R6,rule,visible,E4,true,
configweave_union,configweave,union,false,R4,qwen3.7-max,3,E5_invalid_structure,R7,rule,visible,E5,true,
configweave_union,configweave,union,false,R4,qwen3.7-max,3,E5_type_error,X1,error,visible,E5,true,
configweave_union,configweave,union,false,R4,qwen3.7-max,3,E6_stdlib_dependencies,C1,constraint,visible,E6,true,
configweave_union,configweave,union,false,R4,qwen3.7-max,3,hidden_public_symbol,R1,rule,hidden,,true,
configweave_union,configweave,union,false,R4,qwen3.7-max,3,hidden_empty_and_order,R2,rule,hidden,,true,
configweave_union,configweave,union,false,R4,qwen3.7-max,3,hidden_recursive_type_changes,R3,rule,hidden,,true,
configweave_union,configweave,union,false,R4,qwen3.7-max,3,hidden_unhashable_lists,R4,rule,hidden,,true,
configweave_union,configweave,union,false,R4,qwen3.7-max,3,hidden_nested_deletion,R5,rule,hidden,,true,
configweave_union,configweave,union,false,R4,qwen3.7-max,3,hidden_no_shared_containers,R6,rule,hidden,,true,
configweave_union,configweave,union,false,R4,qwen3.7-max,3,hidden_recursive_key_validation,R7,rule,hidden,,true,
configweave_union,configweave,union,false,R4,qwen3.7-max,3,hidden_full_smoke,D1,done_when,hidden,,true,
configweave_union,configweave,union,false,R4,qwen3.7-max,3,hidden_stdlib_only,C1,constraint,hidden,,true,
configweave_union,configweave,union,false,R4,qwen3.7-max,3,hidden_error_atomicity,X1,error,hidden,,true,
cursorvault_base,cursorvault,base,true,R4,glm-5.2,1,E1_public_import,R1,rule,visible,E1,true,
cursorvault_base,cursorvault,base,true,R4,glm-5.2,1,E1_first_page_shape,R2,rule,visible,E1,true,
cursorvault_base,cursorvault,base,true,R4,glm-5.2,1,E1_cursor_value,R4,rule,visible,E1,true,
cursorvault_base,cursorvault,base,true,R4,glm-5.2,1,E1_terminal_metadata,R5,rule,visible,E1,true,
cursorvault_base,cursorvault,base,true,R4,glm-5.2,1,E1_end_to_end,D1,done_when,visible,E1,true,
cursorvault_base,cursorvault,base,true,R4,glm-5.2,1,E2_variant_cursor,R4,rule,visible,E2,true,
cursorvault_base,cursorvault,base,true,R4,glm-5.2,1,E2_variant_terminal,R5,rule,visible,E2,true,
cursorvault_base,cursorvault,base,true,R4,glm-5.2,1,E3_invalid_limit,R3,rule,visible,E3,true,
cursorvault_base,cursorvault,base,true,R4,glm-5.2,1,E3_invalid_limit_error,X1,error,visible,E3,true,
cursorvault_base,cursorvault,base,true,R4,glm-5.2,1,E4_input_immutable,R6,rule,visible,E4,true,
cursorvault_base,cursorvault,base,true,R4,glm-5.2,1,E5_invalid_cursor,R4,rule,visible,E5,true,
cursorvault_base,cursorvault,base,true,R4,glm-5.2,1,E5_cursor_error_type,X2,error,visible,E5,true,
cursorvault_base,cursorvault,base,true,R4,glm-5.2,1,E6_stdlib_dependencies,C1,constraint,visible,E6,true,
cursorvault_base,cursorvault,base,true,R4,glm-5.2,1,hidden_public_symbols,R1,rule,hidden,,false,AssertionError: check returned false
cursorvault_base,cursorvault,base,true,R4,glm-5.2,1,hidden_output_exactness,R2,rule,hidden,,true,
cursorvault_base,cursorvault,base,true,R4,glm-5.2,1,hidden_limit_boundaries,R3,rule,hidden,,true,
cursorvault_base,cursorvault,base,true,R4,glm-5.2,1,hidden_cursor_boundary,R4,rule,hidden,,true,
cursorvault_base,cursorvault,base,true,R4,glm-5.2,1,hidden_empty_terminal,R5,rule,hidden,,true,
cursorvault_base,cursorvault,base,true,R4,glm-5.2,1,hidden_repeatability,R6,rule,hidden,,true,
cursorvault_base,cursorvault,base,true,R4,glm-5.2,1,hidden_full_smoke,D1,done_when,hidden,,true,
cursorvault_base,cursorvault,base,true,R4,glm-5.2,1,hidden_stdlib_only,C1,constraint,hidden,,true,
cursorvault_base,cursorvault,base,true,R4,glm-5.2,1,hidden_limit_atomicity,X1,error,hidden,,true,
cursorvault_base,cursorvault,base,true,R4,glm-5.2,1,hidden_cursor_type,X2,error,hidden,,true,
cursorvault_base,cursorvault,base,true,R4,glm-5.2,2,E1_public_import,R1,rule,visible,E1,true,
cursorvault_base,cursorvault,base,true,R4,glm-5.2,2,E1_first_page_shape,R2,rule,visible,E1,true,
cursorvault_base,cursorvault,base,true,R4,glm-5.2,2,E1_cursor_value,R4,rule,visible,E1,true,
cursorvault_base,cursorvault,base,true,R4,glm-5.2,2,E1_terminal_metadata,R5,rule,visible,E1,true,
cursorvault_base,cursorvault,base,true,R4,glm-5.2,2,E1_end_to_end,D1,done_when,visible,E1,true,
cursorvault_base,cursorvault,base,true,R4,glm-5.2,2,E2_variant_cursor,R4,rule,visible,E2,true,
cursorvault_base,cursorvault,base,true,R4,glm-5.2,2,E2_variant_terminal,R5,rule,visible,E2,true,
cursorvault_base,cursorvault,base,true,R4,glm-5.2,2,E3_invalid_limit,R3,rule,visible,E3,true,
cursorvault_base,cursorvault,base,true,R4,glm-5.2,2,E3_invalid_limit_error,X1,error,visible,E3,true,
cursorvault_base,cursorvault,base,true,R4,glm-5.2,2,E4_input_immutable,R6,rule,visible,E4,true,
cursorvault_base,cursorvault,base,true,R4,glm-5.2,2,E5_invalid_cursor,R4,rule,visible,E5,true,
cursorvault_base,cursorvault,base,true,R4,glm-5.2,2,E5_cursor_error_type,X2,error,visible,E5,true,
cursorvault_base,cursorvault,base,true,R4,glm-5.2,2,E6_stdlib_dependencies,C1,constraint,visible,E6,true,
cursorvault_base,cursorvault,base,true,R4,glm-5.2,2,hidden_public_symbols,R1,rule,hidden,,false,AssertionError: check returned false
cursorvault_base,cursorvault,base,true,R4,glm-5.2,2,hidden_output_exactness,R2,rule,hidden,,true,
cursorvault_base,cursorvault,base,true,R4,glm-5.2,2,hidden_limit_boundaries,R3,rule,hidden,,true,
cursorvault_base,cursorvault,base,true,R4,glm-5.2,2,hidden_cursor_boundary,R4,rule,hidden,,true,
cursorvault_base,cursorvault,base,true,R4,glm-5.2,2,hidden_empty_terminal,R5,rule,hidden,,true,
cursorvault_base,cursorvault,base,true,R4,glm-5.2,2,hidden_repeatability,R6,rule,hidden,,true,
cursorvault_base,cursorvault,base,true,R4,glm-5.2,2,hidden_full_smoke,D1,done_when,hidden,,true,
cursorvault_base,cursorvault,base,true,R4,glm-5.2,2,hidden_stdlib_only,C1,constraint,hidden,,true,
cursorvault_base,cursorvault,base,true,R4,glm-5.2,2,hidden_limit_atomicity,X1,error,hidden,,true,
cursorvault_base,cursorvault,base,true,R4,glm-5.2,2,hidden_cursor_type,X2,error,hidden,,true,
cursorvault_base,cursorvault,base,true,R4,glm-5.2,3,E1_public_import,R1,rule,visible,E1,true,
cursorvault_base,cursorvault,base,true,R4,glm-5.2,3,E1_first_page_shape,R2,rule,visible,E1,true,
cursorvault_base,cursorvault,base,true,R4,glm-5.2,3,E1_cursor_value,R4,rule,visible,E1,true,
cursorvault_base,cursorvault,base,true,R4,glm-5.2,3,E1_terminal_metadata,R5,rule,visible,E1,true,
cursorvault_base,cursorvault,base,true,R4,glm-5.2,3,E1_end_to_end,D1,done_when,visible,E1,true,
cursorvault_base,cursorvault,base,true,R4,glm-5.2,3,E2_variant_cursor,R4,rule,visible,E2,true,
cursorvault_base,cursorvault,base,true,R4,glm-5.2,3,E2_variant_terminal,R5,rule,visible,E2,true,
cursorvault_base,cursorvault,base,true,R4,glm-5.2,3,E3_invalid_limit,R3,rule,visible,E3,true,
cursorvault_base,cursorvault,base,true,R4,glm-5.2,3,E3_invalid_limit_error,X1,error,visible,E3,true,
cursorvault_base,cursorvault,base,true,R4,glm-5.2,3,E4_input_immutable,R6,rule,visible,E4,true,
cursorvault_base,cursorvault,base,true,R4,glm-5.2,3,E5_invalid_cursor,R4,rule,visible,E5,true,
cursorvault_base,cursorvault,base,true,R4,glm-5.2,3,E5_cursor_error_type,X2,error,visible,E5,true,
cursorvault_base,cursorvault,base,true,R4,glm-5.2,3,E6_stdlib_dependencies,C1,constraint,visible,E6,true,
cursorvault_base,cursorvault,base,true,R4,glm-5.2,3,hidden_public_symbols,R1,rule,hidden,,false,AssertionError: check returned false
cursorvault_base,cursorvault,base,true,R4,glm-5.2,3,hidden_output_exactness,R2,rule,hidden,,true,
cursorvault_base,cursorvault,base,true,R4,glm-5.2,3,hidden_limit_boundaries,R3,rule,hidden,,true,
cursorvault_base,cursorvault,base,true,R4,glm-5.2,3,hidden_cursor_boundary,R4,rule,hidden,,true,
cursorvault_base,cursorvault,base,true,R4,glm-5.2,3,hidden_empty_terminal,R5,rule,hidden,,true,
cursorvault_base,cursorvault,base,true,R4,glm-5.2,3,hidden_repeatability,R6,rule,hidden,,true,
cursorvault_base,cursorvault,base,true,R4,glm-5.2,3,hidden_full_smoke,D1,done_when,hidden,,true,
cursorvault_base,cursorvault,base,true,R4,glm-5.2,3,hidden_stdlib_only,C1,constraint,hidden,,true,
cursorvault_base,cursorvault,base,true,R4,glm-5.2,3,hidden_limit_atomicity,X1,error,hidden,,true,
cursorvault_base,cursorvault,base,true,R4,glm-5.2,3,hidden_cursor_type,X2,error,hidden,,true,
cursorvault_base,cursorvault,base,true,R4,minimax-m3,1,E1_public_import,R1,rule,visible,E1,true,
cursorvault_base,cursorvault,base,true,R4,minimax-m3,1,E1_first_page_shape,R2,rule,visible,E1,true,
cursorvault_base,cursorvault,base,true,R4,minimax-m3,1,E1_cursor_value,R4,rule,visible,E1,true,
cursorvault_base,cursorvault,base,true,R4,minimax-m3,1,E1_terminal_metadata,R5,rule,visible,E1,true,
cursorvault_base,cursorvault,base,true,R4,minimax-m3,1,E1_end_to_end,D1,done_when,visible,E1,true,
cursorvault_base,cursorvault,base,true,R4,minimax-m3,1,E2_variant_cursor,R4,rule,visible,E2,true,
cursorvault_base,cursorvault,base,true,R4,minimax-m3,1,E2_variant_terminal,R5,rule,visible,E2,true,
cursorvault_base,cursorvault,base,true,R4,minimax-m3,1,E3_invalid_limit,R3,rule,visible,E3,true,
cursorvault_base,cursorvault,base,true,R4,minimax-m3,1,E3_invalid_limit_error,X1,error,visible,E3,true,
cursorvault_base,cursorvault,base,true,R4,minimax-m3,1,E4_input_immutable,R6,rule,visible,E4,true,
cursorvault_base,cursorvault,base,true,R4,minimax-m3,1,E5_invalid_cursor,R4,rule,visible,E5,true,
cursorvault_base,cursorvault,base,true,R4,minimax-m3,1,E5_cursor_error_type,X2,error,visible,E5,true,
cursorvault_base,cursorvault,base,true,R4,minimax-m3,1,E6_stdlib_dependencies,C1,constraint,visible,E6,true,
cursorvault_base,cursorvault,base,true,R4,minimax-m3,1,hidden_public_symbols,R1,rule,hidden,,false,AssertionError: check returned false
cursorvault_base,cursorvault,base,true,R4,minimax-m3,1,hidden_output_exactness,R2,rule,hidden,,true,
cursorvault_base,cursorvault,base,true,R4,minimax-m3,1,hidden_limit_boundaries,R3,rule,hidden,,true,
cursorvault_base,cursorvault,base,true,R4,minimax-m3,1,hidden_cursor_boundary,R4,rule,hidden,,true,
cursorvault_base,cursorvault,base,true,R4,minimax-m3,1,hidden_empty_terminal,R5,rule,hidden,,true,
cursorvault_base,cursorvault,base,true,R4,minimax-m3,1,hidden_repeatability,R6,rule,hidden,,true,
cursorvault_base,cursorvault,base,true,R4,minimax-m3,1,hidden_full_smoke,D1,done_when,hidden,,true,
cursorvault_base,cursorvault,base,true,R4,minimax-m3,1,hidden_stdlib_only,C1,constraint,hidden,,true,
cursorvault_base,cursorvault,base,true,R4,minimax-m3,1,hidden_limit_atomicity,X1,error,hidden,,true,
cursorvault_base,cursorvault,base,true,R4,minimax-m3,1,hidden_cursor_type,X2,error,hidden,,true,
cursorvault_base,cursorvault,base,true,R4,minimax-m3,2,E1_public_import,R1,rule,visible,E1,true,
cursorvault_base,cursorvault,base,true,R4,minimax-m3,2,E1_first_page_shape,R2,rule,visible,E1,true,
cursorvault_base,cursorvault,base,true,R4,minimax-m3,2,E1_cursor_value,R4,rule,visible,E1,true,
cursorvault_base,cursorvault,base,true,R4,minimax-m3,2,E1_terminal_metadata,R5,rule,visible,E1,true,
cursorvault_base,cursorvault,base,true,R4,minimax-m3,2,E1_end_to_end,D1,done_when,visible,E1,true,
cursorvault_base,cursorvault,base,true,R4,minimax-m3,2,E2_variant_cursor,R4,rule,visible,E2,true,
cursorvault_base,cursorvault,base,true,R4,minimax-m3,2,E2_variant_terminal,R5,rule,visible,E2,true,
cursorvault_base,cursorvault,base,true,R4,minimax-m3,2,E3_invalid_limit,R3,rule,visible,E3,true,
cursorvault_base,cursorvault,base,true,R4,minimax-m3,2,E3_invalid_limit_error,X1,error,visible,E3,true,
cursorvault_base,cursorvault,base,true,R4,minimax-m3,2,E4_input_immutable,R6,rule,visible,E4,true,
cursorvault_base,cursorvault,base,true,R4,minimax-m3,2,E5_invalid_cursor,R4,rule,visible,E5,true,
cursorvault_base,cursorvault,base,true,R4,minimax-m3,2,E5_cursor_error_type,X2,error,visible,E5,true,
cursorvault_base,cursorvault,base,true,R4,minimax-m3,2,E6_stdlib_dependencies,C1,constraint,visible,E6,true,
cursorvault_base,cursorvault,base,true,R4,minimax-m3,2,hidden_public_symbols,R1,rule,hidden,,false,AssertionError: check returned false
cursorvault_base,cursorvault,base,true,R4,minimax-m3,2,hidden_output_exactness,R2,rule,hidden,,true,
cursorvault_base,cursorvault,base,true,R4,minimax-m3,2,hidden_limit_boundaries,R3,rule,hidden,,true,
cursorvault_base,cursorvault,base,true,R4,minimax-m3,2,hidden_cursor_boundary,R4,rule,hidden,,true,
cursorvault_base,cursorvault,base,true,R4,minimax-m3,2,hidden_empty_terminal,R5,rule,hidden,,true,
cursorvault_base,cursorvault,base,true,R4,minimax-m3,2,hidden_repeatability,R6,rule,hidden,,true,
cursorvault_base,cursorvault,base,true,R4,minimax-m3,2,hidden_full_smoke,D1,done_when,hidden,,true,
cursorvault_base,cursorvault,base,true,R4,minimax-m3,2,hidden_stdlib_only,C1,constraint,hidden,,true,
cursorvault_base,cursorvault,base,true,R4,minimax-m3,2,hidden_limit_atomicity,X1,error,hidden,,true,
cursorvault_base,cursorvault,base,true,R4,minimax-m3,2,hidden_cursor_type,X2,error,hidden,,true,
cursorvault_base,cursorvault,base,true,R4,minimax-m3,3,E1_public_import,R1,rule,visible,E1,true,
cursorvault_base,cursorvault,base,true,R4,minimax-m3,3,E1_first_page_shape,R2,rule,visible,E1,true,
cursorvault_base,cursorvault,base,true,R4,minimax-m3,3,E1_cursor_value,R4,rule,visible,E1,true,
cursorvault_base,cursorvault,base,true,R4,minimax-m3,3,E1_terminal_metadata,R5,rule,visible,E1,true,
cursorvault_base,cursorvault,base,true,R4,minimax-m3,3,E1_end_to_end,D1,done_when,visible,E1,true,
cursorvault_base,cursorvault,base,true,R4,minimax-m3,3,E2_variant_cursor,R4,rule,visible,E2,true,
cursorvault_base,cursorvault,base,true,R4,minimax-m3,3,E2_variant_terminal,R5,rule,visible,E2,true,
cursorvault_base,cursorvault,base,true,R4,minimax-m3,3,E3_invalid_limit,R3,rule,visible,E3,true,
cursorvault_base,cursorvault,base,true,R4,minimax-m3,3,E3_invalid_limit_error,X1,error,visible,E3,true,
cursorvault_base,cursorvault,base,true,R4,minimax-m3,3,E4_input_immutable,R6,rule,visible,E4,true,
cursorvault_base,cursorvault,base,true,R4,minimax-m3,3,E5_invalid_cursor,R4,rule,visible,E5,true,
cursorvault_base,cursorvault,base,true,R4,minimax-m3,3,E5_cursor_error_type,X2,error,visible,E5,true,
cursorvault_base,cursorvault,base,true,R4,minimax-m3,3,E6_stdlib_dependencies,C1,constraint,visible,E6,true,
cursorvault_base,cursorvault,base,true,R4,minimax-m3,3,hidden_public_symbols,R1,rule,hidden,,false,AssertionError: check returned false
cursorvault_base,cursorvault,base,true,R4,minimax-m3,3,hidden_output_exactness,R2,rule,hidden,,true,
cursorvault_base,cursorvault,base,true,R4,minimax-m3,3,hidden_limit_boundaries,R3,rule,hidden,,true,
cursorvault_base,cursorvault,base,true,R4,minimax-m3,3,hidden_cursor_boundary,R4,rule,hidden,,true,
cursorvault_base,cursorvault,base,true,R4,minimax-m3,3,hidden_empty_terminal,R5,rule,hidden,,true,
cursorvault_base,cursorvault,base,true,R4,minimax-m3,3,hidden_repeatability,R6,rule,hidden,,true,
cursorvault_base,cursorvault,base,true,R4,minimax-m3,3,hidden_full_smoke,D1,done_when,hidden,,true,
cursorvault_base,cursorvault,base,true,R4,minimax-m3,3,hidden_stdlib_only,C1,constraint,hidden,,true,
cursorvault_base,cursorvault,base,true,R4,minimax-m3,3,hidden_limit_atomicity,X1,error,hidden,,true,
cursorvault_base,cursorvault,base,true,R4,minimax-m3,3,hidden_cursor_type,X2,error,hidden,,true,
cursorvault_base,cursorvault,base,true,R4,qwen3.7-max,1,E1_public_import,R1,rule,visible,E1,true,
cursorvault_base,cursorvault,base,true,R4,qwen3.7-max,1,E1_first_page_shape,R2,rule,visible,E1,true,
cursorvault_base,cursorvault,base,true,R4,qwen3.7-max,1,E1_cursor_value,R4,rule,visible,E1,true,
cursorvault_base,cursorvault,base,true,R4,qwen3.7-max,1,E1_terminal_metadata,R5,rule,visible,E1,true,
cursorvault_base,cursorvault,base,true,R4,qwen3.7-max,1,E1_end_to_end,D1,done_when,visible,E1,true,
cursorvault_base,cursorvault,base,true,R4,qwen3.7-max,1,E2_variant_cursor,R4,rule,visible,E2,true,
cursorvault_base,cursorvault,base,true,R4,qwen3.7-max,1,E2_variant_terminal,R5,rule,visible,E2,true,
cursorvault_base,cursorvault,base,true,R4,qwen3.7-max,1,E3_invalid_limit,R3,rule,visible,E3,true,
cursorvault_base,cursorvault,base,true,R4,qwen3.7-max,1,E3_invalid_limit_error,X1,error,visible,E3,true,
cursorvault_base,cursorvault,base,true,R4,qwen3.7-max,1,E4_input_immutable,R6,rule,visible,E4,true,
cursorvault_base,cursorvault,base,true,R4,qwen3.7-max,1,E5_invalid_cursor,R4,rule,visible,E5,true,
cursorvault_base,cursorvault,base,true,R4,qwen3.7-max,1,E5_cursor_error_type,X2,error,visible,E5,true,
cursorvault_base,cursorvault,base,true,R4,qwen3.7-max,1,E6_stdlib_dependencies,C1,constraint,visible,E6,true,
cursorvault_base,cursorvault,base,true,R4,qwen3.7-max,1,hidden_public_symbols,R1,rule,hidden,,false,AssertionError: check returned false
cursorvault_base,cursorvault,base,true,R4,qwen3.7-max,1,hidden_output_exactness,R2,rule,hidden,,true,
cursorvault_base,cursorvault,base,true,R4,qwen3.7-max,1,hidden_limit_boundaries,R3,rule,hidden,,true,
cursorvault_base,cursorvault,base,true,R4,qwen3.7-max,1,hidden_cursor_boundary,R4,rule,hidden,,true,
cursorvault_base,cursorvault,base,true,R4,qwen3.7-max,1,hidden_empty_terminal,R5,rule,hidden,,true,
cursorvault_base,cursorvault,base,true,R4,qwen3.7-max,1,hidden_repeatability,R6,rule,hidden,,true,
cursorvault_base,cursorvault,base,true,R4,qwen3.7-max,1,hidden_full_smoke,D1,done_when,hidden,,true,
cursorvault_base,cursorvault,base,true,R4,qwen3.7-max,1,hidden_stdlib_only,C1,constraint,hidden,,true,
cursorvault_base,cursorvault,base,true,R4,qwen3.7-max,1,hidden_limit_atomicity,X1,error,hidden,,true,
cursorvault_base,cursorvault,base,true,R4,qwen3.7-max,1,hidden_cursor_type,X2,error,hidden,,true,
cursorvault_base,cursorvault,base,true,R4,qwen3.7-max,2,E1_public_import,R1,rule,visible,E1,true,
cursorvault_base,cursorvault,base,true,R4,qwen3.7-max,2,E1_first_page_shape,R2,rule,visible,E1,true,
cursorvault_base,cursorvault,base,true,R4,qwen3.7-max,2,E1_cursor_value,R4,rule,visible,E1,true,
cursorvault_base,cursorvault,base,true,R4,qwen3.7-max,2,E1_terminal_metadata,R5,rule,visible,E1,true,
cursorvault_base,cursorvault,base,true,R4,qwen3.7-max,2,E1_end_to_end,D1,done_when,visible,E1,true,
cursorvault_base,cursorvault,base,true,R4,qwen3.7-max,2,E2_variant_cursor,R4,rule,visible,E2,true,
cursorvault_base,cursorvault,base,true,R4,qwen3.7-max,2,E2_variant_terminal,R5,rule,visible,E2,true,
cursorvault_base,cursorvault,base,true,R4,qwen3.7-max,2,E3_invalid_limit,R3,rule,visible,E3,true,
cursorvault_base,cursorvault,base,true,R4,qwen3.7-max,2,E3_invalid_limit_error,X1,error,visible,E3,true,
cursorvault_base,cursorvault,base,true,R4,qwen3.7-max,2,E4_input_immutable,R6,rule,visible,E4,true,
cursorvault_base,cursorvault,base,true,R4,qwen3.7-max,2,E5_invalid_cursor,R4,rule,visible,E5,true,
cursorvault_base,cursorvault,base,true,R4,qwen3.7-max,2,E5_cursor_error_type,X2,error,visible,E5,true,
cursorvault_base,cursorvault,base,true,R4,qwen3.7-max,2,E6_stdlib_dependencies,C1,constraint,visible,E6,true,
cursorvault_base,cursorvault,base,true,R4,qwen3.7-max,2,hidden_public_symbols,R1,rule,hidden,,false,AssertionError: check returned false
cursorvault_base,cursorvault,base,true,R4,qwen3.7-max,2,hidden_output_exactness,R2,rule,hidden,,true,
cursorvault_base,cursorvault,base,true,R4,qwen3.7-max,2,hidden_limit_boundaries,R3,rule,hidden,,true,
cursorvault_base,cursorvault,base,true,R4,qwen3.7-max,2,hidden_cursor_boundary,R4,rule,hidden,,true,
cursorvault_base,cursorvault,base,true,R4,qwen3.7-max,2,hidden_empty_terminal,R5,rule,hidden,,true,
cursorvault_base,cursorvault,base,true,R4,qwen3.7-max,2,hidden_repeatability,R6,rule,hidden,,true,
cursorvault_base,cursorvault,base,true,R4,qwen3.7-max,2,hidden_full_smoke,D1,done_when,hidden,,true,
cursorvault_base,cursorvault,base,true,R4,qwen3.7-max,2,hidden_stdlib_only,C1,constraint,hidden,,true,
cursorvault_base,cursorvault,base,true,R4,qwen3.7-max,2,hidden_limit_atomicity,X1,error,hidden,,true,
cursorvault_base,cursorvault,base,true,R4,qwen3.7-max,2,hidden_cursor_type,X2,error,hidden,,true,
cursorvault_base,cursorvault,base,true,R4,qwen3.7-max,3,E1_public_import,R1,rule,visible,E1,true,
cursorvault_base,cursorvault,base,true,R4,qwen3.7-max,3,E1_first_page_shape,R2,rule,visible,E1,true,
cursorvault_base,cursorvault,base,true,R4,qwen3.7-max,3,E1_cursor_value,R4,rule,visible,E1,true,
cursorvault_base,cursorvault,base,true,R4,qwen3.7-max,3,E1_terminal_metadata,R5,rule,visible,E1,true,
cursorvault_base,cursorvault,base,true,R4,qwen3.7-max,3,E1_end_to_end,D1,done_when,visible,E1,true,
cursorvault_base,cursorvault,base,true,R4,qwen3.7-max,3,E2_variant_cursor,R4,rule,visible,E2,true,
cursorvault_base,cursorvault,base,true,R4,qwen3.7-max,3,E2_variant_terminal,R5,rule,visible,E2,true,
cursorvault_base,cursorvault,base,true,R4,qwen3.7-max,3,E3_invalid_limit,R3,rule,visible,E3,true,
cursorvault_base,cursorvault,base,true,R4,qwen3.7-max,3,E3_invalid_limit_error,X1,error,visible,E3,true,
cursorvault_base,cursorvault,base,true,R4,qwen3.7-max,3,E4_input_immutable,R6,rule,visible,E4,true,
cursorvault_base,cursorvault,base,true,R4,qwen3.7-max,3,E5_invalid_cursor,R4,rule,visible,E5,true,
cursorvault_base,cursorvault,base,true,R4,qwen3.7-max,3,E5_cursor_error_type,X2,error,visible,E5,true,
cursorvault_base,cursorvault,base,true,R4,qwen3.7-max,3,E6_stdlib_dependencies,C1,constraint,visible,E6,true,
cursorvault_base,cursorvault,base,true,R4,qwen3.7-max,3,hidden_public_symbols,R1,rule,hidden,,false,AssertionError: check returned false
cursorvault_base,cursorvault,base,true,R4,qwen3.7-max,3,hidden_output_exactness,R2,rule,hidden,,true,
cursorvault_base,cursorvault,base,true,R4,qwen3.7-max,3,hidden_limit_boundaries,R3,rule,hidden,,true,
cursorvault_base,cursorvault,base,true,R4,qwen3.7-max,3,hidden_cursor_boundary,R4,rule,hidden,,true,
cursorvault_base,cursorvault,base,true,R4,qwen3.7-max,3,hidden_empty_terminal,R5,rule,hidden,,true,
cursorvault_base,cursorvault,base,true,R4,qwen3.7-max,3,hidden_repeatability,R6,rule,hidden,,true,
cursorvault_base,cursorvault,base,true,R4,qwen3.7-max,3,hidden_full_smoke,D1,done_when,hidden,,true,
cursorvault_base,cursorvault,base,true,R4,qwen3.7-max,3,hidden_stdlib_only,C1,constraint,hidden,,true,
cursorvault_base,cursorvault,base,true,R4,qwen3.7-max,3,hidden_limit_atomicity,X1,error,hidden,,true,
cursorvault_base,cursorvault,base,true,R4,qwen3.7-max,3,hidden_cursor_type,X2,error,hidden,,true,
cursorvault_inclusive,cursorvault,inclusive,false,R4,glm-5.2,1,E1_public_import,R1,rule,visible,E1,true,
cursorvault_inclusive,cursorvault,inclusive,false,R4,glm-5.2,1,E1_first_page_shape,R2,rule,visible,E1,true,
cursorvault_inclusive,cursorvault,inclusive,false,R4,glm-5.2,1,E1_cursor_value,R4,rule,visible,E1,true,
cursorvault_inclusive,cursorvault,inclusive,false,R4,glm-5.2,1,E1_terminal_metadata,R5,rule,visible,E1,true,
cursorvault_inclusive,cursorvault,inclusive,false,R4,glm-5.2,1,E1_end_to_end,D1,done_when,visible,E1,true,
cursorvault_inclusive,cursorvault,inclusive,false,R4,glm-5.2,1,E2_variant_cursor,R4,rule,visible,E2,true,
cursorvault_inclusive,cursorvault,inclusive,false,R4,glm-5.2,1,E2_variant_terminal,R5,rule,visible,E2,true,
cursorvault_inclusive,cursorvault,inclusive,false,R4,glm-5.2,1,E3_invalid_limit,R3,rule,visible,E3,true,
cursorvault_inclusive,cursorvault,inclusive,false,R4,glm-5.2,1,E3_invalid_limit_error,X1,error,visible,E3,true,
cursorvault_inclusive,cursorvault,inclusive,false,R4,glm-5.2,1,E4_input_immutable,R6,rule,visible,E4,true,
cursorvault_inclusive,cursorvault,inclusive,false,R4,glm-5.2,1,E5_invalid_cursor,R4,rule,visible,E5,true,
cursorvault_inclusive,cursorvault,inclusive,false,R4,glm-5.2,1,E5_cursor_error_type,X2,error,visible,E5,true,
cursorvault_inclusive,cursorvault,inclusive,false,R4,glm-5.2,1,E6_stdlib_dependencies,C1,constraint,visible,E6,true,
cursorvault_inclusive,cursorvault,inclusive,false,R4,glm-5.2,1,hidden_public_symbols,R1,rule,hidden,,false,AssertionError: check returned false
cursorvault_inclusive,cursorvault,inclusive,false,R4,glm-5.2,1,hidden_output_exactness,R2,rule,hidden,,true,
cursorvault_inclusive,cursorvault,inclusive,false,R4,glm-5.2,1,hidden_limit_boundaries,R3,rule,hidden,,true,
cursorvault_inclusive,cursorvault,inclusive,false,R4,glm-5.2,1,hidden_cursor_boundary,R4,rule,hidden,,true,
cursorvault_inclusive,cursorvault,inclusive,false,R4,glm-5.2,1,hidden_empty_terminal,R5,rule,hidden,,true,
cursorvault_inclusive,cursorvault,inclusive,false,R4,glm-5.2,1,hidden_repeatability,R6,rule,hidden,,true,
cursorvault_inclusive,cursorvault,inclusive,false,R4,glm-5.2,1,hidden_full_smoke,D1,done_when,hidden,,true,
cursorvault_inclusive,cursorvault,inclusive,false,R4,glm-5.2,1,hidden_stdlib_only,C1,constraint,hidden,,true,
cursorvault_inclusive,cursorvault,inclusive,false,R4,glm-5.2,1,hidden_limit_atomicity,X1,error,hidden,,true,
cursorvault_inclusive,cursorvault,inclusive,false,R4,glm-5.2,1,hidden_cursor_type,X2,error,hidden,,true,
cursorvault_inclusive,cursorvault,inclusive,false,R4,glm-5.2,2,E1_public_import,R1,rule,visible,E1,true,
cursorvault_inclusive,cursorvault,inclusive,false,R4,glm-5.2,2,E1_first_page_shape,R2,rule,visible,E1,true,
cursorvault_inclusive,cursorvault,inclusive,false,R4,glm-5.2,2,E1_cursor_value,R4,rule,visible,E1,true,
cursorvault_inclusive,cursorvault,inclusive,false,R4,glm-5.2,2,E1_terminal_metadata,R5,rule,visible,E1,true,
cursorvault_inclusive,cursorvault,inclusive,false,R4,glm-5.2,2,E1_end_to_end,D1,done_when,visible,E1,true,
cursorvault_inclusive,cursorvault,inclusive,false,R4,glm-5.2,2,E2_variant_cursor,R4,rule,visible,E2,true,
cursorvault_inclusive,cursorvault,inclusive,false,R4,glm-5.2,2,E2_variant_terminal,R5,rule,visible,E2,true,
cursorvault_inclusive,cursorvault,inclusive,false,R4,glm-5.2,2,E3_invalid_limit,R3,rule,visible,E3,true,
cursorvault_inclusive,cursorvault,inclusive,false,R4,glm-5.2,2,E3_invalid_limit_error,X1,error,visible,E3,true,
cursorvault_inclusive,cursorvault,inclusive,false,R4,glm-5.2,2,E4_input_immutable,R6,rule,visible,E4,true,
cursorvault_inclusive,cursorvault,inclusive,false,R4,glm-5.2,2,E5_invalid_cursor,R4,rule,visible,E5,true,
cursorvault_inclusive,cursorvault,inclusive,false,R4,glm-5.2,2,E5_cursor_error_type,X2,error,visible,E5,true,
cursorvault_inclusive,cursorvault,inclusive,false,R4,glm-5.2,2,E6_stdlib_dependencies,C1,constraint,visible,E6,true,
cursorvault_inclusive,cursorvault,inclusive,false,R4,glm-5.2,2,hidden_public_symbols,R1,rule,hidden,,false,AssertionError: check returned false
cursorvault_inclusive,cursorvault,inclusive,false,R4,glm-5.2,2,hidden_output_exactness,R2,rule,hidden,,true,
cursorvault_inclusive,cursorvault,inclusive,false,R4,glm-5.2,2,hidden_limit_boundaries,R3,rule,hidden,,true,
cursorvault_inclusive,cursorvault,inclusive,false,R4,glm-5.2,2,hidden_cursor_boundary,R4,rule,hidden,,true,
cursorvault_inclusive,cursorvault,inclusive,false,R4,glm-5.2,2,hidden_empty_terminal,R5,rule,hidden,,true,
cursorvault_inclusive,cursorvault,inclusive,false,R4,glm-5.2,2,hidden_repeatability,R6,rule,hidden,,true,
cursorvault_inclusive,cursorvault,inclusive,false,R4,glm-5.2,2,hidden_full_smoke,D1,done_when,hidden,,true,
cursorvault_inclusive,cursorvault,inclusive,false,R4,glm-5.2,2,hidden_stdlib_only,C1,constraint,hidden,,true,
cursorvault_inclusive,cursorvault,inclusive,false,R4,glm-5.2,2,hidden_limit_atomicity,X1,error,hidden,,true,
cursorvault_inclusive,cursorvault,inclusive,false,R4,glm-5.2,2,hidden_cursor_type,X2,error,hidden,,true,
cursorvault_inclusive,cursorvault,inclusive,false,R4,glm-5.2,3,E1_public_import,R1,rule,visible,E1,true,
cursorvault_inclusive,cursorvault,inclusive,false,R4,glm-5.2,3,E1_first_page_shape,R2,rule,visible,E1,true,
cursorvault_inclusive,cursorvault,inclusive,false,R4,glm-5.2,3,E1_cursor_value,R4,rule,visible,E1,true,
cursorvault_inclusive,cursorvault,inclusive,false,R4,glm-5.2,3,E1_terminal_metadata,R5,rule,visible,E1,true,
cursorvault_inclusive,cursorvault,inclusive,false,R4,glm-5.2,3,E1_end_to_end,D1,done_when,visible,E1,true,
cursorvault_inclusive,cursorvault,inclusive,false,R4,glm-5.2,3,E2_variant_cursor,R4,rule,visible,E2,true,
cursorvault_inclusive,cursorvault,inclusive,false,R4,glm-5.2,3,E2_variant_terminal,R5,rule,visible,E2,true,
cursorvault_inclusive,cursorvault,inclusive,false,R4,glm-5.2,3,E3_invalid_limit,R3,rule,visible,E3,true,
cursorvault_inclusive,cursorvault,inclusive,false,R4,glm-5.2,3,E3_invalid_limit_error,X1,error,visible,E3,true,
cursorvault_inclusive,cursorvault,inclusive,false,R4,glm-5.2,3,E4_input_immutable,R6,rule,visible,E4,true,
cursorvault_inclusive,cursorvault,inclusive,false,R4,glm-5.2,3,E5_invalid_cursor,R4,rule,visible,E5,true,
cursorvault_inclusive,cursorvault,inclusive,false,R4,glm-5.2,3,E5_cursor_error_type,X2,error,visible,E5,true,
cursorvault_inclusive,cursorvault,inclusive,false,R4,glm-5.2,3,E6_stdlib_dependencies,C1,constraint,visible,E6,true,
cursorvault_inclusive,cursorvault,inclusive,false,R4,glm-5.2,3,hidden_public_symbols,R1,rule,hidden,,false,AssertionError: check returned false
cursorvault_inclusive,cursorvault,inclusive,false,R4,glm-5.2,3,hidden_output_exactness,R2,rule,hidden,,true,
cursorvault_inclusive,cursorvault,inclusive,false,R4,glm-5.2,3,hidden_limit_boundaries,R3,rule,hidden,,true,
cursorvault_inclusive,cursorvault,inclusive,false,R4,glm-5.2,3,hidden_cursor_boundary,R4,rule,hidden,,true,
cursorvault_inclusive,cursorvault,inclusive,false,R4,glm-5.2,3,hidden_empty_terminal,R5,rule,hidden,,true,
cursorvault_inclusive,cursorvault,inclusive,false,R4,glm-5.2,3,hidden_repeatability,R6,rule,hidden,,true,
cursorvault_inclusive,cursorvault,inclusive,false,R4,glm-5.2,3,hidden_full_smoke,D1,done_when,hidden,,true,
cursorvault_inclusive,cursorvault,inclusive,false,R4,glm-5.2,3,hidden_stdlib_only,C1,constraint,hidden,,true,
cursorvault_inclusive,cursorvault,inclusive,false,R4,glm-5.2,3,hidden_limit_atomicity,X1,error,hidden,,true,
cursorvault_inclusive,cursorvault,inclusive,false,R4,glm-5.2,3,hidden_cursor_type,X2,error,hidden,,true,
cursorvault_inclusive,cursorvault,inclusive,false,R4,minimax-m3,1,E1_public_import,R1,rule,visible,E1,true,
cursorvault_inclusive,cursorvault,inclusive,false,R4,minimax-m3,1,E1_first_page_shape,R2,rule,visible,E1,true,
cursorvault_inclusive,cursorvault,inclusive,false,R4,minimax-m3,1,E1_cursor_value,R4,rule,visible,E1,true,
cursorvault_inclusive,cursorvault,inclusive,false,R4,minimax-m3,1,E1_terminal_metadata,R5,rule,visible,E1,true,
cursorvault_inclusive,cursorvault,inclusive,false,R4,minimax-m3,1,E1_end_to_end,D1,done_when,visible,E1,true,
cursorvault_inclusive,cursorvault,inclusive,false,R4,minimax-m3,1,E2_variant_cursor,R4,rule,visible,E2,true,
cursorvault_inclusive,cursorvault,inclusive,false,R4,minimax-m3,1,E2_variant_terminal,R5,rule,visible,E2,true,
cursorvault_inclusive,cursorvault,inclusive,false,R4,minimax-m3,1,E3_invalid_limit,R3,rule,visible,E3,true,
cursorvault_inclusive,cursorvault,inclusive,false,R4,minimax-m3,1,E3_invalid_limit_error,X1,error,visible,E3,true,
cursorvault_inclusive,cursorvault,inclusive,false,R4,minimax-m3,1,E4_input_immutable,R6,rule,visible,E4,true,
cursorvault_inclusive,cursorvault,inclusive,false,R4,minimax-m3,1,E5_invalid_cursor,R4,rule,visible,E5,true,
cursorvault_inclusive,cursorvault,inclusive,false,R4,minimax-m3,1,E5_cursor_error_type,X2,error,visible,E5,true,
cursorvault_inclusive,cursorvault,inclusive,false,R4,minimax-m3,1,E6_stdlib_dependencies,C1,constraint,visible,E6,true,
cursorvault_inclusive,cursorvault,inclusive,false,R4,minimax-m3,1,hidden_public_symbols,R1,rule,hidden,,false,AssertionError: check returned false
cursorvault_inclusive,cursorvault,inclusive,false,R4,minimax-m3,1,hidden_output_exactness,R2,rule,hidden,,true,
cursorvault_inclusive,cursorvault,inclusive,false,R4,minimax-m3,1,hidden_limit_boundaries,R3,rule,hidden,,true,
cursorvault_inclusive,cursorvault,inclusive,false,R4,minimax-m3,1,hidden_cursor_boundary,R4,rule,hidden,,true,
cursorvault_inclusive,cursorvault,inclusive,false,R4,minimax-m3,1,hidden_empty_terminal,R5,rule,hidden,,true,
cursorvault_inclusive,cursorvault,inclusive,false,R4,minimax-m3,1,hidden_repeatability,R6,rule,hidden,,true,
cursorvault_inclusive,cursorvault,inclusive,false,R4,minimax-m3,1,hidden_full_smoke,D1,done_when,hidden,,true,
cursorvault_inclusive,cursorvault,inclusive,false,R4,minimax-m3,1,hidden_stdlib_only,C1,constraint,hidden,,true,
cursorvault_inclusive,cursorvault,inclusive,false,R4,minimax-m3,1,hidden_limit_atomicity,X1,error,hidden,,true,
cursorvault_inclusive,cursorvault,inclusive,false,R4,minimax-m3,1,hidden_cursor_type,X2,error,hidden,,true,
cursorvault_inclusive,cursorvault,inclusive,false,R4,minimax-m3,2,E1_public_import,R1,rule,visible,E1,true,
cursorvault_inclusive,cursorvault,inclusive,false,R4,minimax-m3,2,E1_first_page_shape,R2,rule,visible,E1,true,
cursorvault_inclusive,cursorvault,inclusive,false,R4,minimax-m3,2,E1_cursor_value,R4,rule,visible,E1,true,
cursorvault_inclusive,cursorvault,inclusive,false,R4,minimax-m3,2,E1_terminal_metadata,R5,rule,visible,E1,true,
cursorvault_inclusive,cursorvault,inclusive,false,R4,minimax-m3,2,E1_end_to_end,D1,done_when,visible,E1,true,
cursorvault_inclusive,cursorvault,inclusive,false,R4,minimax-m3,2,E2_variant_cursor,R4,rule,visible,E2,true,
cursorvault_inclusive,cursorvault,inclusive,false,R4,minimax-m3,2,E2_variant_terminal,R5,rule,visible,E2,true,
cursorvault_inclusive,cursorvault,inclusive,false,R4,minimax-m3,2,E3_invalid_limit,R3,rule,visible,E3,true,
cursorvault_inclusive,cursorvault,inclusive,false,R4,minimax-m3,2,E3_invalid_limit_error,X1,error,visible,E3,true,
cursorvault_inclusive,cursorvault,inclusive,false,R4,minimax-m3,2,E4_input_immutable,R6,rule,visible,E4,true,
cursorvault_inclusive,cursorvault,inclusive,false,R4,minimax-m3,2,E5_invalid_cursor,R4,rule,visible,E5,true,
cursorvault_inclusive,cursorvault,inclusive,false,R4,minimax-m3,2,E5_cursor_error_type,X2,error,visible,E5,true,
cursorvault_inclusive,cursorvault,inclusive,false,R4,minimax-m3,2,E6_stdlib_dependencies,C1,constraint,visible,E6,true,
cursorvault_inclusive,cursorvault,inclusive,false,R4,minimax-m3,2,hidden_public_symbols,R1,rule,hidden,,false,AssertionError: check returned false
cursorvault_inclusive,cursorvault,inclusive,false,R4,minimax-m3,2,hidden_output_exactness,R2,rule,hidden,,true,
cursorvault_inclusive,cursorvault,inclusive,false,R4,minimax-m3,2,hidden_limit_boundaries,R3,rule,hidden,,true,
cursorvault_inclusive,cursorvault,inclusive,false,R4,minimax-m3,2,hidden_cursor_boundary,R4,rule,hidden,,true,
cursorvault_inclusive,cursorvault,inclusive,false,R4,minimax-m3,2,hidden_empty_terminal,R5,rule,hidden,,true,
cursorvault_inclusive,cursorvault,inclusive,false,R4,minimax-m3,2,hidden_repeatability,R6,rule,hidden,,true,
cursorvault_inclusive,cursorvault,inclusive,false,R4,minimax-m3,2,hidden_full_smoke,D1,done_when,hidden,,true,
cursorvault_inclusive,cursorvault,inclusive,false,R4,minimax-m3,2,hidden_stdlib_only,C1,constraint,hidden,,true,
cursorvault_inclusive,cursorvault,inclusive,false,R4,minimax-m3,2,hidden_limit_atomicity,X1,error,hidden,,true,
cursorvault_inclusive,cursorvault,inclusive,false,R4,minimax-m3,2,hidden_cursor_type,X2,error,hidden,,true,
cursorvault_inclusive,cursorvault,inclusive,false,R4,minimax-m3,3,E1_public_import,R1,rule,visible,E1,true,
cursorvault_inclusive,cursorvault,inclusive,false,R4,minimax-m3,3,E1_first_page_shape,R2,rule,visible,E1,true,
cursorvault_inclusive,cursorvault,inclusive,false,R4,minimax-m3,3,E1_cursor_value,R4,rule,visible,E1,true,
cursorvault_inclusive,cursorvault,inclusive,false,R4,minimax-m3,3,E1_terminal_metadata,R5,rule,visible,E1,true,
cursorvault_inclusive,cursorvault,inclusive,false,R4,minimax-m3,3,E1_end_to_end,D1,done_when,visible,E1,true,
cursorvault_inclusive,cursorvault,inclusive,false,R4,minimax-m3,3,E2_variant_cursor,R4,rule,visible,E2,true,
cursorvault_inclusive,cursorvault,inclusive,false,R4,minimax-m3,3,E2_variant_terminal,R5,rule,visible,E2,true,
cursorvault_inclusive,cursorvault,inclusive,false,R4,minimax-m3,3,E3_invalid_limit,R3,rule,visible,E3,true,
cursorvault_inclusive,cursorvault,inclusive,false,R4,minimax-m3,3,E3_invalid_limit_error,X1,error,visible,E3,true,
cursorvault_inclusive,cursorvault,inclusive,false,R4,minimax-m3,3,E4_input_immutable,R6,rule,visible,E4,true,
cursorvault_inclusive,cursorvault,inclusive,false,R4,minimax-m3,3,E5_invalid_cursor,R4,rule,visible,E5,true,
cursorvault_inclusive,cursorvault,inclusive,false,R4,minimax-m3,3,E5_cursor_error_type,X2,error,visible,E5,true,
cursorvault_inclusive,cursorvault,inclusive,false,R4,minimax-m3,3,E6_stdlib_dependencies,C1,constraint,visible,E6,true,
cursorvault_inclusive,cursorvault,inclusive,false,R4,minimax-m3,3,hidden_public_symbols,R1,rule,hidden,,false,AssertionError: check returned false
cursorvault_inclusive,cursorvault,inclusive,false,R4,minimax-m3,3,hidden_output_exactness,R2,rule,hidden,,true,
cursorvault_inclusive,cursorvault,inclusive,false,R4,minimax-m3,3,hidden_limit_boundaries,R3,rule,hidden,,true,
cursorvault_inclusive,cursorvault,inclusive,false,R4,minimax-m3,3,hidden_cursor_boundary,R4,rule,hidden,,true,
cursorvault_inclusive,cursorvault,inclusive,false,R4,minimax-m3,3,hidden_empty_terminal,R5,rule,hidden,,true,
cursorvault_inclusive,cursorvault,inclusive,false,R4,minimax-m3,3,hidden_repeatability,R6,rule,hidden,,true,
cursorvault_inclusive,cursorvault,inclusive,false,R4,minimax-m3,3,hidden_full_smoke,D1,done_when,hidden,,true,
cursorvault_inclusive,cursorvault,inclusive,false,R4,minimax-m3,3,hidden_stdlib_only,C1,constraint,hidden,,true,
cursorvault_inclusive,cursorvault,inclusive,false,R4,minimax-m3,3,hidden_limit_atomicity,X1,error,hidden,,true,
cursorvault_inclusive,cursorvault,inclusive,false,R4,minimax-m3,3,hidden_cursor_type,X2,error,hidden,,true,
cursorvault_inclusive,cursorvault,inclusive,false,R4,qwen3.7-max,1,E1_public_import,R1,rule,visible,E1,true,
cursorvault_inclusive,cursorvault,inclusive,false,R4,qwen3.7-max,1,E1_first_page_shape,R2,rule,visible,E1,true,
cursorvault_inclusive,cursorvault,inclusive,false,R4,qwen3.7-max,1,E1_cursor_value,R4,rule,visible,E1,true,
cursorvault_inclusive,cursorvault,inclusive,false,R4,qwen3.7-max,1,E1_terminal_metadata,R5,rule,visible,E1,true,
cursorvault_inclusive,cursorvault,inclusive,false,R4,qwen3.7-max,1,E1_end_to_end,D1,done_when,visible,E1,true,
cursorvault_inclusive,cursorvault,inclusive,false,R4,qwen3.7-max,1,E2_variant_cursor,R4,rule,visible,E2,true,
cursorvault_inclusive,cursorvault,inclusive,false,R4,qwen3.7-max,1,E2_variant_terminal,R5,rule,visible,E2,true,
cursorvault_inclusive,cursorvault,inclusive,false,R4,qwen3.7-max,1,E3_invalid_limit,R3,rule,visible,E3,true,
cursorvault_inclusive,cursorvault,inclusive,false,R4,qwen3.7-max,1,E3_invalid_limit_error,X1,error,visible,E3,true,
cursorvault_inclusive,cursorvault,inclusive,false,R4,qwen3.7-max,1,E4_input_immutable,R6,rule,visible,E4,true,
cursorvault_inclusive,cursorvault,inclusive,false,R4,qwen3.7-max,1,E5_invalid_cursor,R4,rule,visible,E5,true,
cursorvault_inclusive,cursorvault,inclusive,false,R4,qwen3.7-max,1,E5_cursor_error_type,X2,error,visible,E5,true,
cursorvault_inclusive,cursorvault,inclusive,false,R4,qwen3.7-max,1,E6_stdlib_dependencies,C1,constraint,visible,E6,true,
cursorvault_inclusive,cursorvault,inclusive,false,R4,qwen3.7-max,1,hidden_public_symbols,R1,rule,hidden,,false,AssertionError: check returned false
cursorvault_inclusive,cursorvault,inclusive,false,R4,qwen3.7-max,1,hidden_output_exactness,R2,rule,hidden,,true,
cursorvault_inclusive,cursorvault,inclusive,false,R4,qwen3.7-max,1,hidden_limit_boundaries,R3,rule,hidden,,true,
cursorvault_inclusive,cursorvault,inclusive,false,R4,qwen3.7-max,1,hidden_cursor_boundary,R4,rule,hidden,,true,
cursorvault_inclusive,cursorvault,inclusive,false,R4,qwen3.7-max,1,hidden_empty_terminal,R5,rule,hidden,,true,
cursorvault_inclusive,cursorvault,inclusive,false,R4,qwen3.7-max,1,hidden_repeatability,R6,rule,hidden,,true,
cursorvault_inclusive,cursorvault,inclusive,false,R4,qwen3.7-max,1,hidden_full_smoke,D1,done_when,hidden,,true,
cursorvault_inclusive,cursorvault,inclusive,false,R4,qwen3.7-max,1,hidden_stdlib_only,C1,constraint,hidden,,true,
cursorvault_inclusive,cursorvault,inclusive,false,R4,qwen3.7-max,1,hidden_limit_atomicity,X1,error,hidden,,true,
cursorvault_inclusive,cursorvault,inclusive,false,R4,qwen3.7-max,1,hidden_cursor_type,X2,error,hidden,,true,
cursorvault_inclusive,cursorvault,inclusive,false,R4,qwen3.7-max,2,E1_public_import,R1,rule,visible,E1,true,
cursorvault_inclusive,cursorvault,inclusive,false,R4,qwen3.7-max,2,E1_first_page_shape,R2,rule,visible,E1,true,
cursorvault_inclusive,cursorvault,inclusive,false,R4,qwen3.7-max,2,E1_cursor_value,R4,rule,visible,E1,true,
cursorvault_inclusive,cursorvault,inclusive,false,R4,qwen3.7-max,2,E1_terminal_metadata,R5,rule,visible,E1,true,
cursorvault_inclusive,cursorvault,inclusive,false,R4,qwen3.7-max,2,E1_end_to_end,D1,done_when,visible,E1,true,
cursorvault_inclusive,cursorvault,inclusive,false,R4,qwen3.7-max,2,E2_variant_cursor,R4,rule,visible,E2,true,
cursorvault_inclusive,cursorvault,inclusive,false,R4,qwen3.7-max,2,E2_variant_terminal,R5,rule,visible,E2,true,
cursorvault_inclusive,cursorvault,inclusive,false,R4,qwen3.7-max,2,E3_invalid_limit,R3,rule,visible,E3,true,
cursorvault_inclusive,cursorvault,inclusive,false,R4,qwen3.7-max,2,E3_invalid_limit_error,X1,error,visible,E3,true,
cursorvault_inclusive,cursorvault,inclusive,false,R4,qwen3.7-max,2,E4_input_immutable,R6,rule,visible,E4,true,
cursorvault_inclusive,cursorvault,inclusive,false,R4,qwen3.7-max,2,E5_invalid_cursor,R4,rule,visible,E5,true,
cursorvault_inclusive,cursorvault,inclusive,false,R4,qwen3.7-max,2,E5_cursor_error_type,X2,error,visible,E5,true,
cursorvault_inclusive,cursorvault,inclusive,false,R4,qwen3.7-max,2,E6_stdlib_dependencies,C1,constraint,visible,E6,true,
cursorvault_inclusive,cursorvault,inclusive,false,R4,qwen3.7-max,2,hidden_public_symbols,R1,rule,hidden,,false,AssertionError: check returned false
cursorvault_inclusive,cursorvault,inclusive,false,R4,qwen3.7-max,2,hidden_output_exactness,R2,rule,hidden,,true,
cursorvault_inclusive,cursorvault,inclusive,false,R4,qwen3.7-max,2,hidden_limit_boundaries,R3,rule,hidden,,true,
cursorvault_inclusive,cursorvault,inclusive,false,R4,qwen3.7-max,2,hidden_cursor_boundary,R4,rule,hidden,,true,
cursorvault_inclusive,cursorvault,inclusive,false,R4,qwen3.7-max,2,hidden_empty_terminal,R5,rule,hidden,,true,
cursorvault_inclusive,cursorvault,inclusive,false,R4,qwen3.7-max,2,hidden_repeatability,R6,rule,hidden,,true,
cursorvault_inclusive,cursorvault,inclusive,false,R4,qwen3.7-max,2,hidden_full_smoke,D1,done_when,hidden,,true,
cursorvault_inclusive,cursorvault,inclusive,false,R4,qwen3.7-max,2,hidden_stdlib_only,C1,constraint,hidden,,true,
cursorvault_inclusive,cursorvault,inclusive,false,R4,qwen3.7-max,2,hidden_limit_atomicity,X1,error,hidden,,true,
cursorvault_inclusive,cursorvault,inclusive,false,R4,qwen3.7-max,2,hidden_cursor_type,X2,error,hidden,,true,
cursorvault_inclusive,cursorvault,inclusive,false,R4,qwen3.7-max,3,E1_public_import,R1,rule,visible,E1,true,
cursorvault_inclusive,cursorvault,inclusive,false,R4,qwen3.7-max,3,E1_first_page_shape,R2,rule,visible,E1,true,
cursorvault_inclusive,cursorvault,inclusive,false,R4,qwen3.7-max,3,E1_cursor_value,R4,rule,visible,E1,true,
cursorvault_inclusive,cursorvault,inclusive,false,R4,qwen3.7-max,3,E1_terminal_metadata,R5,rule,visible,E1,true,
cursorvault_inclusive,cursorvault,inclusive,false,R4,qwen3.7-max,3,E1_end_to_end,D1,done_when,visible,E1,true,
cursorvault_inclusive,cursorvault,inclusive,false,R4,qwen3.7-max,3,E2_variant_cursor,R4,rule,visible,E2,true,
cursorvault_inclusive,cursorvault,inclusive,false,R4,qwen3.7-max,3,E2_variant_terminal,R5,rule,visible,E2,true,
cursorvault_inclusive,cursorvault,inclusive,false,R4,qwen3.7-max,3,E3_invalid_limit,R3,rule,visible,E3,true,
cursorvault_inclusive,cursorvault,inclusive,false,R4,qwen3.7-max,3,E3_invalid_limit_error,X1,error,visible,E3,true,
cursorvault_inclusive,cursorvault,inclusive,false,R4,qwen3.7-max,3,E4_input_immutable,R6,rule,visible,E4,true,
cursorvault_inclusive,cursorvault,inclusive,false,R4,qwen3.7-max,3,E5_invalid_cursor,R4,rule,visible,E5,true,
cursorvault_inclusive,cursorvault,inclusive,false,R4,qwen3.7-max,3,E5_cursor_error_type,X2,error,visible,E5,true,
cursorvault_inclusive,cursorvault,inclusive,false,R4,qwen3.7-max,3,E6_stdlib_dependencies,C1,constraint,visible,E6,true,
cursorvault_inclusive,cursorvault,inclusive,false,R4,qwen3.7-max,3,hidden_public_symbols,R1,rule,hidden,,false,AssertionError: check returned false
cursorvault_inclusive,cursorvault,inclusive,false,R4,qwen3.7-max,3,hidden_output_exactness,R2,rule,hidden,,true,
cursorvault_inclusive,cursorvault,inclusive,false,R4,qwen3.7-max,3,hidden_limit_boundaries,R3,rule,hidden,,true,
cursorvault_inclusive,cursorvault,inclusive,false,R4,qwen3.7-max,3,hidden_cursor_boundary,R4,rule,hidden,,true,
cursorvault_inclusive,cursorvault,inclusive,false,R4,qwen3.7-max,3,hidden_empty_terminal,R5,rule,hidden,,true,
cursorvault_inclusive,cursorvault,inclusive,false,R4,qwen3.7-max,3,hidden_repeatability,R6,rule,hidden,,true,
cursorvault_inclusive,cursorvault,inclusive,false,R4,qwen3.7-max,3,hidden_full_smoke,D1,done_when,hidden,,true,
cursorvault_inclusive,cursorvault,inclusive,false,R4,qwen3.7-max,3,hidden_stdlib_only,C1,constraint,hidden,,true,
cursorvault_inclusive,cursorvault,inclusive,false,R4,qwen3.7-max,3,hidden_limit_atomicity,X1,error,hidden,,true,
cursorvault_inclusive,cursorvault,inclusive,false,R4,qwen3.7-max,3,hidden_cursor_type,X2,error,hidden,,true,
cursorvault_offset,cursorvault,offset,false,R4,glm-5.2,1,E1_public_import,R1,rule,visible,E1,true,
cursorvault_offset,cursorvault,offset,false,R4,glm-5.2,1,E1_first_page_shape,R2,rule,visible,E1,true,
cursorvault_offset,cursorvault,offset,false,R4,glm-5.2,1,E1_cursor_value,R4,rule,visible,E1,true,
cursorvault_offset,cursorvault,offset,false,R4,glm-5.2,1,E1_terminal_metadata,R5,rule,visible,E1,true,
cursorvault_offset,cursorvault,offset,false,R4,glm-5.2,1,E1_end_to_end,D1,done_when,visible,E1,true,
cursorvault_offset,cursorvault,offset,false,R4,glm-5.2,1,E2_variant_cursor,R4,rule,visible,E2,true,
cursorvault_offset,cursorvault,offset,false,R4,glm-5.2,1,E2_variant_terminal,R5,rule,visible,E2,true,
cursorvault_offset,cursorvault,offset,false,R4,glm-5.2,1,E3_invalid_limit,R3,rule,visible,E3,true,
cursorvault_offset,cursorvault,offset,false,R4,glm-5.2,1,E3_invalid_limit_error,X1,error,visible,E3,true,
cursorvault_offset,cursorvault,offset,false,R4,glm-5.2,1,E4_input_immutable,R6,rule,visible,E4,true,
cursorvault_offset,cursorvault,offset,false,R4,glm-5.2,1,E5_invalid_cursor,R4,rule,visible,E5,true,
cursorvault_offset,cursorvault,offset,false,R4,glm-5.2,1,E5_cursor_error_type,X2,error,visible,E5,true,
cursorvault_offset,cursorvault,offset,false,R4,glm-5.2,1,E6_stdlib_dependencies,C1,constraint,visible,E6,true,
cursorvault_offset,cursorvault,offset,false,R4,glm-5.2,1,hidden_public_symbols,R1,rule,hidden,,false,AssertionError: check returned false
cursorvault_offset,cursorvault,offset,false,R4,glm-5.2,1,hidden_output_exactness,R2,rule,hidden,,true,
cursorvault_offset,cursorvault,offset,false,R4,glm-5.2,1,hidden_limit_boundaries,R3,rule,hidden,,true,
cursorvault_offset,cursorvault,offset,false,R4,glm-5.2,1,hidden_cursor_boundary,R4,rule,hidden,,true,
cursorvault_offset,cursorvault,offset,false,R4,glm-5.2,1,hidden_empty_terminal,R5,rule,hidden,,true,
cursorvault_offset,cursorvault,offset,false,R4,glm-5.2,1,hidden_repeatability,R6,rule,hidden,,true,
cursorvault_offset,cursorvault,offset,false,R4,glm-5.2,1,hidden_full_smoke,D1,done_when,hidden,,true,
cursorvault_offset,cursorvault,offset,false,R4,glm-5.2,1,hidden_stdlib_only,C1,constraint,hidden,,true,
cursorvault_offset,cursorvault,offset,false,R4,glm-5.2,1,hidden_limit_atomicity,X1,error,hidden,,true,
cursorvault_offset,cursorvault,offset,false,R4,glm-5.2,1,hidden_cursor_type,X2,error,hidden,,true,
cursorvault_offset,cursorvault,offset,false,R4,glm-5.2,2,E1_public_import,R1,rule,visible,E1,true,
cursorvault_offset,cursorvault,offset,false,R4,glm-5.2,2,E1_first_page_shape,R2,rule,visible,E1,true,
cursorvault_offset,cursorvault,offset,false,R4,glm-5.2,2,E1_cursor_value,R4,rule,visible,E1,true,
cursorvault_offset,cursorvault,offset,false,R4,glm-5.2,2,E1_terminal_metadata,R5,rule,visible,E1,true,
cursorvault_offset,cursorvault,offset,false,R4,glm-5.2,2,E1_end_to_end,D1,done_when,visible,E1,true,
cursorvault_offset,cursorvault,offset,false,R4,glm-5.2,2,E2_variant_cursor,R4,rule,visible,E2,true,
cursorvault_offset,cursorvault,offset,false,R4,glm-5.2,2,E2_variant_terminal,R5,rule,visible,E2,true,
cursorvault_offset,cursorvault,offset,false,R4,glm-5.2,2,E3_invalid_limit,R3,rule,visible,E3,true,
cursorvault_offset,cursorvault,offset,false,R4,glm-5.2,2,E3_invalid_limit_error,X1,error,visible,E3,true,
cursorvault_offset,cursorvault,offset,false,R4,glm-5.2,2,E4_input_immutable,R6,rule,visible,E4,true,
cursorvault_offset,cursorvault,offset,false,R4,glm-5.2,2,E5_invalid_cursor,R4,rule,visible,E5,true,
cursorvault_offset,cursorvault,offset,false,R4,glm-5.2,2,E5_cursor_error_type,X2,error,visible,E5,true,
cursorvault_offset,cursorvault,offset,false,R4,glm-5.2,2,E6_stdlib_dependencies,C1,constraint,visible,E6,true,
cursorvault_offset,cursorvault,offset,false,R4,glm-5.2,2,hidden_public_symbols,R1,rule,hidden,,false,AssertionError: check returned false
cursorvault_offset,cursorvault,offset,false,R4,glm-5.2,2,hidden_output_exactness,R2,rule,hidden,,true,
cursorvault_offset,cursorvault,offset,false,R4,glm-5.2,2,hidden_limit_boundaries,R3,rule,hidden,,true,
cursorvault_offset,cursorvault,offset,false,R4,glm-5.2,2,hidden_cursor_boundary,R4,rule,hidden,,true,
cursorvault_offset,cursorvault,offset,false,R4,glm-5.2,2,hidden_empty_terminal,R5,rule,hidden,,true,
cursorvault_offset,cursorvault,offset,false,R4,glm-5.2,2,hidden_repeatability,R6,rule,hidden,,true,
cursorvault_offset,cursorvault,offset,false,R4,glm-5.2,2,hidden_full_smoke,D1,done_when,hidden,,true,
cursorvault_offset,cursorvault,offset,false,R4,glm-5.2,2,hidden_stdlib_only,C1,constraint,hidden,,true,
cursorvault_offset,cursorvault,offset,false,R4,glm-5.2,2,hidden_limit_atomicity,X1,error,hidden,,true,
cursorvault_offset,cursorvault,offset,false,R4,glm-5.2,2,hidden_cursor_type,X2,error,hidden,,true,
cursorvault_offset,cursorvault,offset,false,R4,glm-5.2,3,E1_public_import,R1,rule,visible,E1,true,
cursorvault_offset,cursorvault,offset,false,R4,glm-5.2,3,E1_first_page_shape,R2,rule,visible,E1,true,
cursorvault_offset,cursorvault,offset,false,R4,glm-5.2,3,E1_cursor_value,R4,rule,visible,E1,true,
cursorvault_offset,cursorvault,offset,false,R4,glm-5.2,3,E1_terminal_metadata,R5,rule,visible,E1,true,
cursorvault_offset,cursorvault,offset,false,R4,glm-5.2,3,E1_end_to_end,D1,done_when,visible,E1,true,
cursorvault_offset,cursorvault,offset,false,R4,glm-5.2,3,E2_variant_cursor,R4,rule,visible,E2,true,
cursorvault_offset,cursorvault,offset,false,R4,glm-5.2,3,E2_variant_terminal,R5,rule,visible,E2,true,
cursorvault_offset,cursorvault,offset,false,R4,glm-5.2,3,E3_invalid_limit,R3,rule,visible,E3,true,
cursorvault_offset,cursorvault,offset,false,R4,glm-5.2,3,E3_invalid_limit_error,X1,error,visible,E3,true,
cursorvault_offset,cursorvault,offset,false,R4,glm-5.2,3,E4_input_immutable,R6,rule,visible,E4,true,
cursorvault_offset,cursorvault,offset,false,R4,glm-5.2,3,E5_invalid_cursor,R4,rule,visible,E5,true,
cursorvault_offset,cursorvault,offset,false,R4,glm-5.2,3,E5_cursor_error_type,X2,error,visible,E5,true,
cursorvault_offset,cursorvault,offset,false,R4,glm-5.2,3,E6_stdlib_dependencies,C1,constraint,visible,E6,true,
cursorvault_offset,cursorvault,offset,false,R4,glm-5.2,3,hidden_public_symbols,R1,rule,hidden,,false,AssertionError: check returned false
cursorvault_offset,cursorvault,offset,false,R4,glm-5.2,3,hidden_output_exactness,R2,rule,hidden,,true,
cursorvault_offset,cursorvault,offset,false,R4,glm-5.2,3,hidden_limit_boundaries,R3,rule,hidden,,true,
cursorvault_offset,cursorvault,offset,false,R4,glm-5.2,3,hidden_cursor_boundary,R4,rule,hidden,,true,
cursorvault_offset,cursorvault,offset,false,R4,glm-5.2,3,hidden_empty_terminal,R5,rule,hidden,,true,
cursorvault_offset,cursorvault,offset,false,R4,glm-5.2,3,hidden_repeatability,R6,rule,hidden,,true,
cursorvault_offset,cursorvault,offset,false,R4,glm-5.2,3,hidden_full_smoke,D1,done_when,hidden,,true,
cursorvault_offset,cursorvault,offset,false,R4,glm-5.2,3,hidden_stdlib_only,C1,constraint,hidden,,true,
cursorvault_offset,cursorvault,offset,false,R4,glm-5.2,3,hidden_limit_atomicity,X1,error,hidden,,true,
cursorvault_offset,cursorvault,offset,false,R4,glm-5.2,3,hidden_cursor_type,X2,error,hidden,,true,
cursorvault_offset,cursorvault,offset,false,R4,minimax-m3,1,E1_public_import,R1,rule,visible,E1,true,
cursorvault_offset,cursorvault,offset,false,R4,minimax-m3,1,E1_first_page_shape,R2,rule,visible,E1,true,
cursorvault_offset,cursorvault,offset,false,R4,minimax-m3,1,E1_cursor_value,R4,rule,visible,E1,true,
cursorvault_offset,cursorvault,offset,false,R4,minimax-m3,1,E1_terminal_metadata,R5,rule,visible,E1,true,
cursorvault_offset,cursorvault,offset,false,R4,minimax-m3,1,E1_end_to_end,D1,done_when,visible,E1,true,
cursorvault_offset,cursorvault,offset,false,R4,minimax-m3,1,E2_variant_cursor,R4,rule,visible,E2,true,
cursorvault_offset,cursorvault,offset,false,R4,minimax-m3,1,E2_variant_terminal,R5,rule,visible,E2,true,
cursorvault_offset,cursorvault,offset,false,R4,minimax-m3,1,E3_invalid_limit,R3,rule,visible,E3,true,
cursorvault_offset,cursorvault,offset,false,R4,minimax-m3,1,E3_invalid_limit_error,X1,error,visible,E3,true,
cursorvault_offset,cursorvault,offset,false,R4,minimax-m3,1,E4_input_immutable,R6,rule,visible,E4,true,
cursorvault_offset,cursorvault,offset,false,R4,minimax-m3,1,E5_invalid_cursor,R4,rule,visible,E5,true,
cursorvault_offset,cursorvault,offset,false,R4,minimax-m3,1,E5_cursor_error_type,X2,error,visible,E5,true,
cursorvault_offset,cursorvault,offset,false,R4,minimax-m3,1,E6_stdlib_dependencies,C1,constraint,visible,E6,true,
cursorvault_offset,cursorvault,offset,false,R4,minimax-m3,1,hidden_public_symbols,R1,rule,hidden,,false,AssertionError: check returned false
cursorvault_offset,cursorvault,offset,false,R4,minimax-m3,1,hidden_output_exactness,R2,rule,hidden,,true,
cursorvault_offset,cursorvault,offset,false,R4,minimax-m3,1,hidden_limit_boundaries,R3,rule,hidden,,true,
cursorvault_offset,cursorvault,offset,false,R4,minimax-m3,1,hidden_cursor_boundary,R4,rule,hidden,,true,
cursorvault_offset,cursorvault,offset,false,R4,minimax-m3,1,hidden_empty_terminal,R5,rule,hidden,,true,
cursorvault_offset,cursorvault,offset,false,R4,minimax-m3,1,hidden_repeatability,R6,rule,hidden,,true,
cursorvault_offset,cursorvault,offset,false,R4,minimax-m3,1,hidden_full_smoke,D1,done_when,hidden,,true,
cursorvault_offset,cursorvault,offset,false,R4,minimax-m3,1,hidden_stdlib_only,C1,constraint,hidden,,true,
cursorvault_offset,cursorvault,offset,false,R4,minimax-m3,1,hidden_limit_atomicity,X1,error,hidden,,true,
cursorvault_offset,cursorvault,offset,false,R4,minimax-m3,1,hidden_cursor_type,X2,error,hidden,,true,
cursorvault_offset,cursorvault,offset,false,R4,minimax-m3,2,E1_public_import,R1,rule,visible,E1,true,
cursorvault_offset,cursorvault,offset,false,R4,minimax-m3,2,E1_first_page_shape,R2,rule,visible,E1,true,
cursorvault_offset,cursorvault,offset,false,R4,minimax-m3,2,E1_cursor_value,R4,rule,visible,E1,true,
cursorvault_offset,cursorvault,offset,false,R4,minimax-m3,2,E1_terminal_metadata,R5,rule,visible,E1,true,
cursorvault_offset,cursorvault,offset,false,R4,minimax-m3,2,E1_end_to_end,D1,done_when,visible,E1,true,
cursorvault_offset,cursorvault,offset,false,R4,minimax-m3,2,E2_variant_cursor,R4,rule,visible,E2,true,
cursorvault_offset,cursorvault,offset,false,R4,minimax-m3,2,E2_variant_terminal,R5,rule,visible,E2,true,
cursorvault_offset,cursorvault,offset,false,R4,minimax-m3,2,E3_invalid_limit,R3,rule,visible,E3,true,
cursorvault_offset,cursorvault,offset,false,R4,minimax-m3,2,E3_invalid_limit_error,X1,error,visible,E3,true,
cursorvault_offset,cursorvault,offset,false,R4,minimax-m3,2,E4_input_immutable,R6,rule,visible,E4,true,
cursorvault_offset,cursorvault,offset,false,R4,minimax-m3,2,E5_invalid_cursor,R4,rule,visible,E5,true,
cursorvault_offset,cursorvault,offset,false,R4,minimax-m3,2,E5_cursor_error_type,X2,error,visible,E5,true,
cursorvault_offset,cursorvault,offset,false,R4,minimax-m3,2,E6_stdlib_dependencies,C1,constraint,visible,E6,true,
cursorvault_offset,cursorvault,offset,false,R4,minimax-m3,2,hidden_public_symbols,R1,rule,hidden,,false,AssertionError: check returned false
cursorvault_offset,cursorvault,offset,false,R4,minimax-m3,2,hidden_output_exactness,R2,rule,hidden,,true,
cursorvault_offset,cursorvault,offset,false,R4,minimax-m3,2,hidden_limit_boundaries,R3,rule,hidden,,true,
cursorvault_offset,cursorvault,offset,false,R4,minimax-m3,2,hidden_cursor_boundary,R4,rule,hidden,,true,
cursorvault_offset,cursorvault,offset,false,R4,minimax-m3,2,hidden_empty_terminal,R5,rule,hidden,,true,
cursorvault_offset,cursorvault,offset,false,R4,minimax-m3,2,hidden_repeatability,R6,rule,hidden,,true,
cursorvault_offset,cursorvault,offset,false,R4,minimax-m3,2,hidden_full_smoke,D1,done_when,hidden,,true,
cursorvault_offset,cursorvault,offset,false,R4,minimax-m3,2,hidden_stdlib_only,C1,constraint,hidden,,true,
cursorvault_offset,cursorvault,offset,false,R4,minimax-m3,2,hidden_limit_atomicity,X1,error,hidden,,true,
cursorvault_offset,cursorvault,offset,false,R4,minimax-m3,2,hidden_cursor_type,X2,error,hidden,,true,
cursorvault_offset,cursorvault,offset,false,R4,minimax-m3,3,E1_public_import,R1,rule,visible,E1,true,
cursorvault_offset,cursorvault,offset,false,R4,minimax-m3,3,E1_first_page_shape,R2,rule,visible,E1,true,
cursorvault_offset,cursorvault,offset,false,R4,minimax-m3,3,E1_cursor_value,R4,rule,visible,E1,true,
cursorvault_offset,cursorvault,offset,false,R4,minimax-m3,3,E1_terminal_metadata,R5,rule,visible,E1,true,
cursorvault_offset,cursorvault,offset,false,R4,minimax-m3,3,E1_end_to_end,D1,done_when,visible,E1,true,
cursorvault_offset,cursorvault,offset,false,R4,minimax-m3,3,E2_variant_cursor,R4,rule,visible,E2,true,
cursorvault_offset,cursorvault,offset,false,R4,minimax-m3,3,E2_variant_terminal,R5,rule,visible,E2,true,
cursorvault_offset,cursorvault,offset,false,R4,minimax-m3,3,E3_invalid_limit,R3,rule,visible,E3,true,
cursorvault_offset,cursorvault,offset,false,R4,minimax-m3,3,E3_invalid_limit_error,X1,error,visible,E3,true,
cursorvault_offset,cursorvault,offset,false,R4,minimax-m3,3,E4_input_immutable,R6,rule,visible,E4,true,
cursorvault_offset,cursorvault,offset,false,R4,minimax-m3,3,E5_invalid_cursor,R4,rule,visible,E5,true,
cursorvault_offset,cursorvault,offset,false,R4,minimax-m3,3,E5_cursor_error_type,X2,error,visible,E5,true,
cursorvault_offset,cursorvault,offset,false,R4,minimax-m3,3,E6_stdlib_dependencies,C1,constraint,visible,E6,true,
cursorvault_offset,cursorvault,offset,false,R4,minimax-m3,3,hidden_public_symbols,R1,rule,hidden,,false,AssertionError: check returned false
cursorvault_offset,cursorvault,offset,false,R4,minimax-m3,3,hidden_output_exactness,R2,rule,hidden,,true,
cursorvault_offset,cursorvault,offset,false,R4,minimax-m3,3,hidden_limit_boundaries,R3,rule,hidden,,true,
cursorvault_offset,cursorvault,offset,false,R4,minimax-m3,3,hidden_cursor_boundary,R4,rule,hidden,,true,
cursorvault_offset,cursorvault,offset,false,R4,minimax-m3,3,hidden_empty_terminal,R5,rule,hidden,,true,
cursorvault_offset,cursorvault,offset,false,R4,minimax-m3,3,hidden_repeatability,R6,rule,hidden,,true,
cursorvault_offset,cursorvault,offset,false,R4,minimax-m3,3,hidden_full_smoke,D1,done_when,hidden,,true,
cursorvault_offset,cursorvault,offset,false,R4,minimax-m3,3,hidden_stdlib_only,C1,constraint,hidden,,true,
cursorvault_offset,cursorvault,offset,false,R4,minimax-m3,3,hidden_limit_atomicity,X1,error,hidden,,true,
cursorvault_offset,cursorvault,offset,false,R4,minimax-m3,3,hidden_cursor_type,X2,error,hidden,,true,
cursorvault_offset,cursorvault,offset,false,R4,qwen3.7-max,1,E1_public_import,R1,rule,visible,E1,true,
cursorvault_offset,cursorvault,offset,false,R4,qwen3.7-max,1,E1_first_page_shape,R2,rule,visible,E1,true,
cursorvault_offset,cursorvault,offset,false,R4,qwen3.7-max,1,E1_cursor_value,R4,rule,visible,E1,true,
cursorvault_offset,cursorvault,offset,false,R4,qwen3.7-max,1,E1_terminal_metadata,R5,rule,visible,E1,true,
cursorvault_offset,cursorvault,offset,false,R4,qwen3.7-max,1,E1_end_to_end,D1,done_when,visible,E1,true,
cursorvault_offset,cursorvault,offset,false,R4,qwen3.7-max,1,E2_variant_cursor,R4,rule,visible,E2,true,
cursorvault_offset,cursorvault,offset,false,R4,qwen3.7-max,1,E2_variant_terminal,R5,rule,visible,E2,true,
cursorvault_offset,cursorvault,offset,false,R4,qwen3.7-max,1,E3_invalid_limit,R3,rule,visible,E3,true,
cursorvault_offset,cursorvault,offset,false,R4,qwen3.7-max,1,E3_invalid_limit_error,X1,error,visible,E3,true,
cursorvault_offset,cursorvault,offset,false,R4,qwen3.7-max,1,E4_input_immutable,R6,rule,visible,E4,true,
cursorvault_offset,cursorvault,offset,false,R4,qwen3.7-max,1,E5_invalid_cursor,R4,rule,visible,E5,true,
cursorvault_offset,cursorvault,offset,false,R4,qwen3.7-max,1,E5_cursor_error_type,X2,error,visible,E5,true,
cursorvault_offset,cursorvault,offset,false,R4,qwen3.7-max,1,E6_stdlib_dependencies,C1,constraint,visible,E6,true,
cursorvault_offset,cursorvault,offset,false,R4,qwen3.7-max,1,hidden_public_symbols,R1,rule,hidden,,false,AssertionError: check returned false
cursorvault_offset,cursorvault,offset,false,R4,qwen3.7-max,1,hidden_output_exactness,R2,rule,hidden,,true,
cursorvault_offset,cursorvault,offset,false,R4,qwen3.7-max,1,hidden_limit_boundaries,R3,rule,hidden,,true,
cursorvault_offset,cursorvault,offset,false,R4,qwen3.7-max,1,hidden_cursor_boundary,R4,rule,hidden,,true,
cursorvault_offset,cursorvault,offset,false,R4,qwen3.7-max,1,hidden_empty_terminal,R5,rule,hidden,,true,
cursorvault_offset,cursorvault,offset,false,R4,qwen3.7-max,1,hidden_repeatability,R6,rule,hidden,,true,
cursorvault_offset,cursorvault,offset,false,R4,qwen3.7-max,1,hidden_full_smoke,D1,done_when,hidden,,true,
cursorvault_offset,cursorvault,offset,false,R4,qwen3.7-max,1,hidden_stdlib_only,C1,constraint,hidden,,true,
cursorvault_offset,cursorvault,offset,false,R4,qwen3.7-max,1,hidden_limit_atomicity,X1,error,hidden,,true,
cursorvault_offset,cursorvault,offset,false,R4,qwen3.7-max,1,hidden_cursor_type,X2,error,hidden,,true,
cursorvault_offset,cursorvault,offset,false,R4,qwen3.7-max,2,E1_public_import,R1,rule,visible,E1,true,
cursorvault_offset,cursorvault,offset,false,R4,qwen3.7-max,2,E1_first_page_shape,R2,rule,visible,E1,true,
cursorvault_offset,cursorvault,offset,false,R4,qwen3.7-max,2,E1_cursor_value,R4,rule,visible,E1,true,
cursorvault_offset,cursorvault,offset,false,R4,qwen3.7-max,2,E1_terminal_metadata,R5,rule,visible,E1,true,
cursorvault_offset,cursorvault,offset,false,R4,qwen3.7-max,2,E1_end_to_end,D1,done_when,visible,E1,true,
cursorvault_offset,cursorvault,offset,false,R4,qwen3.7-max,2,E2_variant_cursor,R4,rule,visible,E2,true,
cursorvault_offset,cursorvault,offset,false,R4,qwen3.7-max,2,E2_variant_terminal,R5,rule,visible,E2,true,
cursorvault_offset,cursorvault,offset,false,R4,qwen3.7-max,2,E3_invalid_limit,R3,rule,visible,E3,true,
cursorvault_offset,cursorvault,offset,false,R4,qwen3.7-max,2,E3_invalid_limit_error,X1,error,visible,E3,true,
cursorvault_offset,cursorvault,offset,false,R4,qwen3.7-max,2,E4_input_immutable,R6,rule,visible,E4,true,
cursorvault_offset,cursorvault,offset,false,R4,qwen3.7-max,2,E5_invalid_cursor,R4,rule,visible,E5,true,
cursorvault_offset,cursorvault,offset,false,R4,qwen3.7-max,2,E5_cursor_error_type,X2,error,visible,E5,true,
cursorvault_offset,cursorvault,offset,false,R4,qwen3.7-max,2,E6_stdlib_dependencies,C1,constraint,visible,E6,true,
cursorvault_offset,cursorvault,offset,false,R4,qwen3.7-max,2,hidden_public_symbols,R1,rule,hidden,,false,AssertionError: check returned false
cursorvault_offset,cursorvault,offset,false,R4,qwen3.7-max,2,hidden_output_exactness,R2,rule,hidden,,true,
cursorvault_offset,cursorvault,offset,false,R4,qwen3.7-max,2,hidden_limit_boundaries,R3,rule,hidden,,true,
cursorvault_offset,cursorvault,offset,false,R4,qwen3.7-max,2,hidden_cursor_boundary,R4,rule,hidden,,true,
cursorvault_offset,cursorvault,offset,false,R4,qwen3.7-max,2,hidden_empty_terminal,R5,rule,hidden,,true,
cursorvault_offset,cursorvault,offset,false,R4,qwen3.7-max,2,hidden_repeatability,R6,rule,hidden,,true,
cursorvault_offset,cursorvault,offset,false,R4,qwen3.7-max,2,hidden_full_smoke,D1,done_when,hidden,,true,
cursorvault_offset,cursorvault,offset,false,R4,qwen3.7-max,2,hidden_stdlib_only,C1,constraint,hidden,,true,
cursorvault_offset,cursorvault,offset,false,R4,qwen3.7-max,2,hidden_limit_atomicity,X1,error,hidden,,true,
cursorvault_offset,cursorvault,offset,false,R4,qwen3.7-max,2,hidden_cursor_type,X2,error,hidden,,true,
cursorvault_offset,cursorvault,offset,false,R4,qwen3.7-max,3,E1_public_import,R1,rule,visible,E1,true,
cursorvault_offset,cursorvault,offset,false,R4,qwen3.7-max,3,E1_first_page_shape,R2,rule,visible,E1,true,
cursorvault_offset,cursorvault,offset,false,R4,qwen3.7-max,3,E1_cursor_value,R4,rule,visible,E1,true,
cursorvault_offset,cursorvault,offset,false,R4,qwen3.7-max,3,E1_terminal_metadata,R5,rule,visible,E1,true,
cursorvault_offset,cursorvault,offset,false,R4,qwen3.7-max,3,E1_end_to_end,D1,done_when,visible,E1,true,
cursorvault_offset,cursorvault,offset,false,R4,qwen3.7-max,3,E2_variant_cursor,R4,rule,visible,E2,true,
cursorvault_offset,cursorvault,offset,false,R4,qwen3.7-max,3,E2_variant_terminal,R5,rule,visible,E2,true,
cursorvault_offset,cursorvault,offset,false,R4,qwen3.7-max,3,E3_invalid_limit,R3,rule,visible,E3,true,
cursorvault_offset,cursorvault,offset,false,R4,qwen3.7-max,3,E3_invalid_limit_error,X1,error,visible,E3,true,
cursorvault_offset,cursorvault,offset,false,R4,qwen3.7-max,3,E4_input_immutable,R6,rule,visible,E4,true,
cursorvault_offset,cursorvault,offset,false,R4,qwen3.7-max,3,E5_invalid_cursor,R4,rule,visible,E5,true,
cursorvault_offset,cursorvault,offset,false,R4,qwen3.7-max,3,E5_cursor_error_type,X2,error,visible,E5,true,
cursorvault_offset,cursorvault,offset,false,R4,qwen3.7-max,3,E6_stdlib_dependencies,C1,constraint,visible,E6,true,
cursorvault_offset,cursorvault,offset,false,R4,qwen3.7-max,3,hidden_public_symbols,R1,rule,hidden,,false,AssertionError: check returned false
cursorvault_offset,cursorvault,offset,false,R4,qwen3.7-max,3,hidden_output_exactness,R2,rule,hidden,,true,
cursorvault_offset,cursorvault,offset,false,R4,qwen3.7-max,3,hidden_limit_boundaries,R3,rule,hidden,,true,
cursorvault_offset,cursorvault,offset,false,R4,qwen3.7-max,3,hidden_cursor_boundary,R4,rule,hidden,,true,
cursorvault_offset,cursorvault,offset,false,R4,qwen3.7-max,3,hidden_empty_terminal,R5,rule,hidden,,true,
cursorvault_offset,cursorvault,offset,false,R4,qwen3.7-max,3,hidden_repeatability,R6,rule,hidden,,true,
cursorvault_offset,cursorvault,offset,false,R4,qwen3.7-max,3,hidden_full_smoke,D1,done_when,hidden,,true,
cursorvault_offset,cursorvault,offset,false,R4,qwen3.7-max,3,hidden_stdlib_only,C1,constraint,hidden,,true,
cursorvault_offset,cursorvault,offset,false,R4,qwen3.7-max,3,hidden_limit_atomicity,X1,error,hidden,,true,
cursorvault_offset,cursorvault,offset,false,R4,qwen3.7-max,3,hidden_cursor_type,X2,error,hidden,,true,
detreport_base,detreport,base,true,R5,glm-5.2,1,E1_public_import,R1,rule,visible,E1,true,
detreport_base,detreport,base,true,R5,glm-5.2,1,E1_grouping,R3,rule,visible,E1,true,
detreport_base,detreport,base,true,R5,glm-5.2,1,E1_compact_schema,R4,rule,visible,E1,true,
detreport_base,detreport,base,true,R5,glm-5.2,1,E1_total_and_immutability,R6,rule,visible,E1,true,
detreport_base,detreport,base,true,R5,glm-5.2,1,E1_end_to_end,D1,done_when,visible,E1,true,
detreport_base,detreport,base,true,R5,glm-5.2,1,E1_integer_cents,C1,constraint,visible,E1,true,
detreport_base,detreport,base,true,R5,glm-5.2,1,E2_group_order,R5,rule,visible,E2,true,
detreport_base,detreport,base,true,R5,glm-5.2,1,E3_unicode_json,R4,rule,visible,E3,true,
detreport_base,detreport,base,true,R5,glm-5.2,1,E4_input_validation,R2,rule,visible,E4,true,
detreport_base,detreport,base,true,R5,glm-5.2,1,E4_report_error,X1,error,visible,E4,true,
detreport_base,detreport,base,true,R5,glm-5.2,1,E5_input_immutable,R6,rule,visible,E5,true,
detreport_base,detreport,base,true,R5,glm-5.2,1,E5_strict_determinism,S1,determinism_stable,visible,E5,true,
detreport_base,detreport,base,true,R5,glm-5.2,1,E6_cli,R7,rule,visible,E6,true,
detreport_base,detreport,base,true,R5,glm-5.2,1,E7_stdlib_dependencies,C1,constraint,visible,E7,true,
detreport_base,detreport,base,true,R5,glm-5.2,1,hidden_public_symbols,R1,rule,hidden,,false,AssertionError: check returned false
detreport_base,detreport,base,true,R5,glm-5.2,1,hidden_validation_matrix,R2,rule,hidden,,true,
detreport_base,detreport,base,true,R5,glm-5.2,1,hidden_multiple_groups,R3,rule,hidden,,true,
detreport_base,detreport,base,true,R5,glm-5.2,1,hidden_exact_compact_json,R4,rule,hidden,,true,
detreport_base,detreport,base,true,R5,glm-5.2,1,hidden_three_group_order,R5,rule,hidden,,true,
detreport_base,detreport,base,true,R5,glm-5.2,1,hidden_grand_total_no_mutation,R6,rule,hidden,,true,
detreport_base,detreport,base,true,R5,glm-5.2,1,hidden_cli_contract,R7,rule,hidden,,true,
detreport_base,detreport,base,true,R5,glm-5.2,1,hidden_full_smoke,D1,done_when,hidden,,true,
detreport_base,detreport,base,true,R5,glm-5.2,1,hidden_integer_cents_stdlib,C1,constraint,hidden,,true,
detreport_base,detreport,base,true,R5,glm-5.2,1,hidden_byte_repeatability,S1,determinism_stable,hidden,,true,
detreport_base,detreport,base,true,R5,glm-5.2,1,hidden_error_atomicity,X1,error,hidden,,true,
detreport_base,detreport,base,true,R5,glm-5.2,2,E1_public_import,R1,rule,visible,E1,true,
detreport_base,detreport,base,true,R5,glm-5.2,2,E1_grouping,R3,rule,visible,E1,true,
detreport_base,detreport,base,true,R5,glm-5.2,2,E1_compact_schema,R4,rule,visible,E1,true,
detreport_base,detreport,base,true,R5,glm-5.2,2,E1_total_and_immutability,R6,rule,visible,E1,true,
detreport_base,detreport,base,true,R5,glm-5.2,2,E1_end_to_end,D1,done_when,visible,E1,true,
detreport_base,detreport,base,true,R5,glm-5.2,2,E1_integer_cents,C1,constraint,visible,E1,true,
detreport_base,detreport,base,true,R5,glm-5.2,2,E2_group_order,R5,rule,visible,E2,true,
detreport_base,detreport,base,true,R5,glm-5.2,2,E3_unicode_json,R4,rule,visible,E3,true,
detreport_base,detreport,base,true,R5,glm-5.2,2,E4_input_validation,R2,rule,visible,E4,true,
detreport_base,detreport,base,true,R5,glm-5.2,2,E4_report_error,X1,error,visible,E4,true,
detreport_base,detreport,base,true,R5,glm-5.2,2,E5_input_immutable,R6,rule,visible,E5,true,
detreport_base,detreport,base,true,R5,glm-5.2,2,E5_strict_determinism,S1,determinism_stable,visible,E5,true,
detreport_base,detreport,base,true,R5,glm-5.2,2,E6_cli,R7,rule,visible,E6,true,
detreport_base,detreport,base,true,R5,glm-5.2,2,E7_stdlib_dependencies,C1,constraint,visible,E7,true,
detreport_base,detreport,base,true,R5,glm-5.2,2,hidden_public_symbols,R1,rule,hidden,,false,AssertionError: check returned false
detreport_base,detreport,base,true,R5,glm-5.2,2,hidden_validation_matrix,R2,rule,hidden,,true,
detreport_base,detreport,base,true,R5,glm-5.2,2,hidden_multiple_groups,R3,rule,hidden,,true,
detreport_base,detreport,base,true,R5,glm-5.2,2,hidden_exact_compact_json,R4,rule,hidden,,true,
detreport_base,detreport,base,true,R5,glm-5.2,2,hidden_three_group_order,R5,rule,hidden,,true,
detreport_base,detreport,base,true,R5,glm-5.2,2,hidden_grand_total_no_mutation,R6,rule,hidden,,true,
detreport_base,detreport,base,true,R5,glm-5.2,2,hidden_cli_contract,R7,rule,hidden,,true,
detreport_base,detreport,base,true,R5,glm-5.2,2,hidden_full_smoke,D1,done_when,hidden,,true,
detreport_base,detreport,base,true,R5,glm-5.2,2,hidden_integer_cents_stdlib,C1,constraint,hidden,,true,
detreport_base,detreport,base,true,R5,glm-5.2,2,hidden_byte_repeatability,S1,determinism_stable,hidden,,true,
detreport_base,detreport,base,true,R5,glm-5.2,2,hidden_error_atomicity,X1,error,hidden,,true,
detreport_base,detreport,base,true,R5,glm-5.2,3,E1_public_import,R1,rule,visible,E1,true,
detreport_base,detreport,base,true,R5,glm-5.2,3,E1_grouping,R3,rule,visible,E1,true,
detreport_base,detreport,base,true,R5,glm-5.2,3,E1_compact_schema,R4,rule,visible,E1,true,
detreport_base,detreport,base,true,R5,glm-5.2,3,E1_total_and_immutability,R6,rule,visible,E1,true,
detreport_base,detreport,base,true,R5,glm-5.2,3,E1_end_to_end,D1,done_when,visible,E1,true,
detreport_base,detreport,base,true,R5,glm-5.2,3,E1_integer_cents,C1,constraint,visible,E1,true,
detreport_base,detreport,base,true,R5,glm-5.2,3,E2_group_order,R5,rule,visible,E2,true,
detreport_base,detreport,base,true,R5,glm-5.2,3,E3_unicode_json,R4,rule,visible,E3,true,
detreport_base,detreport,base,true,R5,glm-5.2,3,E4_input_validation,R2,rule,visible,E4,true,
detreport_base,detreport,base,true,R5,glm-5.2,3,E4_report_error,X1,error,visible,E4,true,
detreport_base,detreport,base,true,R5,glm-5.2,3,E5_input_immutable,R6,rule,visible,E5,true,
detreport_base,detreport,base,true,R5,glm-5.2,3,E5_strict_determinism,S1,determinism_stable,visible,E5,true,
detreport_base,detreport,base,true,R5,glm-5.2,3,E6_cli,R7,rule,visible,E6,true,
detreport_base,detreport,base,true,R5,glm-5.2,3,E7_stdlib_dependencies,C1,constraint,visible,E7,true,
detreport_base,detreport,base,true,R5,glm-5.2,3,hidden_public_symbols,R1,rule,hidden,,false,AssertionError: check returned false
detreport_base,detreport,base,true,R5,glm-5.2,3,hidden_validation_matrix,R2,rule,hidden,,true,
detreport_base,detreport,base,true,R5,glm-5.2,3,hidden_multiple_groups,R3,rule,hidden,,true,
detreport_base,detreport,base,true,R5,glm-5.2,3,hidden_exact_compact_json,R4,rule,hidden,,true,
detreport_base,detreport,base,true,R5,glm-5.2,3,hidden_three_group_order,R5,rule,hidden,,true,
detreport_base,detreport,base,true,R5,glm-5.2,3,hidden_grand_total_no_mutation,R6,rule,hidden,,true,
detreport_base,detreport,base,true,R5,glm-5.2,3,hidden_cli_contract,R7,rule,hidden,,true,
detreport_base,detreport,base,true,R5,glm-5.2,3,hidden_full_smoke,D1,done_when,hidden,,true,
detreport_base,detreport,base,true,R5,glm-5.2,3,hidden_integer_cents_stdlib,C1,constraint,hidden,,true,
detreport_base,detreport,base,true,R5,glm-5.2,3,hidden_byte_repeatability,S1,determinism_stable,hidden,,true,
detreport_base,detreport,base,true,R5,glm-5.2,3,hidden_error_atomicity,X1,error,hidden,,true,
detreport_base,detreport,base,true,R5,minimax-m3,1,E1_public_import,R1,rule,visible,E1,true,
detreport_base,detreport,base,true,R5,minimax-m3,1,E1_grouping,R3,rule,visible,E1,true,
detreport_base,detreport,base,true,R5,minimax-m3,1,E1_compact_schema,R4,rule,visible,E1,true,
detreport_base,detreport,base,true,R5,minimax-m3,1,E1_total_and_immutability,R6,rule,visible,E1,true,
detreport_base,detreport,base,true,R5,minimax-m3,1,E1_end_to_end,D1,done_when,visible,E1,true,
detreport_base,detreport,base,true,R5,minimax-m3,1,E1_integer_cents,C1,constraint,visible,E1,true,
detreport_base,detreport,base,true,R5,minimax-m3,1,E2_group_order,R5,rule,visible,E2,true,
detreport_base,detreport,base,true,R5,minimax-m3,1,E3_unicode_json,R4,rule,visible,E3,true,
detreport_base,detreport,base,true,R5,minimax-m3,1,E4_input_validation,R2,rule,visible,E4,true,
detreport_base,detreport,base,true,R5,minimax-m3,1,E4_report_error,X1,error,visible,E4,true,
detreport_base,detreport,base,true,R5,minimax-m3,1,E5_input_immutable,R6,rule,visible,E5,true,
detreport_base,detreport,base,true,R5,minimax-m3,1,E5_strict_determinism,S1,determinism_stable,visible,E5,true,
detreport_base,detreport,base,true,R5,minimax-m3,1,E6_cli,R7,rule,visible,E6,true,
detreport_base,detreport,base,true,R5,minimax-m3,1,E7_stdlib_dependencies,C1,constraint,visible,E7,true,
detreport_base,detreport,base,true,R5,minimax-m3,1,hidden_public_symbols,R1,rule,hidden,,true,
detreport_base,detreport,base,true,R5,minimax-m3,1,hidden_validation_matrix,R2,rule,hidden,,true,
detreport_base,detreport,base,true,R5,minimax-m3,1,hidden_multiple_groups,R3,rule,hidden,,true,
detreport_base,detreport,base,true,R5,minimax-m3,1,hidden_exact_compact_json,R4,rule,hidden,,true,
detreport_base,detreport,base,true,R5,minimax-m3,1,hidden_three_group_order,R5,rule,hidden,,true,
detreport_base,detreport,base,true,R5,minimax-m3,1,hidden_grand_total_no_mutation,R6,rule,hidden,,true,
detreport_base,detreport,base,true,R5,minimax-m3,1,hidden_cli_contract,R7,rule,hidden,,true,
detreport_base,detreport,base,true,R5,minimax-m3,1,hidden_full_smoke,D1,done_when,hidden,,true,
detreport_base,detreport,base,true,R5,minimax-m3,1,hidden_integer_cents_stdlib,C1,constraint,hidden,,true,
detreport_base,detreport,base,true,R5,minimax-m3,1,hidden_byte_repeatability,S1,determinism_stable,hidden,,true,
detreport_base,detreport,base,true,R5,minimax-m3,1,hidden_error_atomicity,X1,error,hidden,,true,
detreport_base,detreport,base,true,R5,minimax-m3,2,E1_public_import,R1,rule,visible,E1,true,
detreport_base,detreport,base,true,R5,minimax-m3,2,E1_grouping,R3,rule,visible,E1,true,
detreport_base,detreport,base,true,R5,minimax-m3,2,E1_compact_schema,R4,rule,visible,E1,true,
detreport_base,detreport,base,true,R5,minimax-m3,2,E1_total_and_immutability,R6,rule,visible,E1,true,
detreport_base,detreport,base,true,R5,minimax-m3,2,E1_end_to_end,D1,done_when,visible,E1,true,
detreport_base,detreport,base,true,R5,minimax-m3,2,E1_integer_cents,C1,constraint,visible,E1,true,
detreport_base,detreport,base,true,R5,minimax-m3,2,E2_group_order,R5,rule,visible,E2,true,
detreport_base,detreport,base,true,R5,minimax-m3,2,E3_unicode_json,R4,rule,visible,E3,true,
detreport_base,detreport,base,true,R5,minimax-m3,2,E4_input_validation,R2,rule,visible,E4,true,
detreport_base,detreport,base,true,R5,minimax-m3,2,E4_report_error,X1,error,visible,E4,true,
detreport_base,detreport,base,true,R5,minimax-m3,2,E5_input_immutable,R6,rule,visible,E5,true,
detreport_base,detreport,base,true,R5,minimax-m3,2,E5_strict_determinism,S1,determinism_stable,visible,E5,true,
detreport_base,detreport,base,true,R5,minimax-m3,2,E6_cli,R7,rule,visible,E6,true,
detreport_base,detreport,base,true,R5,minimax-m3,2,E7_stdlib_dependencies,C1,constraint,visible,E7,true,
detreport_base,detreport,base,true,R5,minimax-m3,2,hidden_public_symbols,R1,rule,hidden,,true,
detreport_base,detreport,base,true,R5,minimax-m3,2,hidden_validation_matrix,R2,rule,hidden,,true,
detreport_base,detreport,base,true,R5,minimax-m3,2,hidden_multiple_groups,R3,rule,hidden,,true,
detreport_base,detreport,base,true,R5,minimax-m3,2,hidden_exact_compact_json,R4,rule,hidden,,true,
detreport_base,detreport,base,true,R5,minimax-m3,2,hidden_three_group_order,R5,rule,hidden,,true,
detreport_base,detreport,base,true,R5,minimax-m3,2,hidden_grand_total_no_mutation,R6,rule,hidden,,true,
detreport_base,detreport,base,true,R5,minimax-m3,2,hidden_cli_contract,R7,rule,hidden,,true,
detreport_base,detreport,base,true,R5,minimax-m3,2,hidden_full_smoke,D1,done_when,hidden,,true,
detreport_base,detreport,base,true,R5,minimax-m3,2,hidden_integer_cents_stdlib,C1,constraint,hidden,,true,
detreport_base,detreport,base,true,R5,minimax-m3,2,hidden_byte_repeatability,S1,determinism_stable,hidden,,true,
detreport_base,detreport,base,true,R5,minimax-m3,2,hidden_error_atomicity,X1,error,hidden,,true,
detreport_base,detreport,base,true,R5,minimax-m3,3,E1_public_import,R1,rule,visible,E1,true,
detreport_base,detreport,base,true,R5,minimax-m3,3,E1_grouping,R3,rule,visible,E1,true,
detreport_base,detreport,base,true,R5,minimax-m3,3,E1_compact_schema,R4,rule,visible,E1,true,
detreport_base,detreport,base,true,R5,minimax-m3,3,E1_total_and_immutability,R6,rule,visible,E1,true,
detreport_base,detreport,base,true,R5,minimax-m3,3,E1_end_to_end,D1,done_when,visible,E1,true,
detreport_base,detreport,base,true,R5,minimax-m3,3,E1_integer_cents,C1,constraint,visible,E1,true,
detreport_base,detreport,base,true,R5,minimax-m3,3,E2_group_order,R5,rule,visible,E2,true,
detreport_base,detreport,base,true,R5,minimax-m3,3,E3_unicode_json,R4,rule,visible,E3,true,
detreport_base,detreport,base,true,R5,minimax-m3,3,E4_input_validation,R2,rule,visible,E4,true,
detreport_base,detreport,base,true,R5,minimax-m3,3,E4_report_error,X1,error,visible,E4,true,
detreport_base,detreport,base,true,R5,minimax-m3,3,E5_input_immutable,R6,rule,visible,E5,true,
detreport_base,detreport,base,true,R5,minimax-m3,3,E5_strict_determinism,S1,determinism_stable,visible,E5,true,
detreport_base,detreport,base,true,R5,minimax-m3,3,E6_cli,R7,rule,visible,E6,true,
detreport_base,detreport,base,true,R5,minimax-m3,3,E7_stdlib_dependencies,C1,constraint,visible,E7,true,
detreport_base,detreport,base,true,R5,minimax-m3,3,hidden_public_symbols,R1,rule,hidden,,false,AssertionError: check returned false
detreport_base,detreport,base,true,R5,minimax-m3,3,hidden_validation_matrix,R2,rule,hidden,,true,
detreport_base,detreport,base,true,R5,minimax-m3,3,hidden_multiple_groups,R3,rule,hidden,,true,
detreport_base,detreport,base,true,R5,minimax-m3,3,hidden_exact_compact_json,R4,rule,hidden,,true,
detreport_base,detreport,base,true,R5,minimax-m3,3,hidden_three_group_order,R5,rule,hidden,,true,
detreport_base,detreport,base,true,R5,minimax-m3,3,hidden_grand_total_no_mutation,R6,rule,hidden,,true,
detreport_base,detreport,base,true,R5,minimax-m3,3,hidden_cli_contract,R7,rule,hidden,,true,
detreport_base,detreport,base,true,R5,minimax-m3,3,hidden_full_smoke,D1,done_when,hidden,,true,
detreport_base,detreport,base,true,R5,minimax-m3,3,hidden_integer_cents_stdlib,C1,constraint,hidden,,true,
detreport_base,detreport,base,true,R5,minimax-m3,3,hidden_byte_repeatability,S1,determinism_stable,hidden,,true,
detreport_base,detreport,base,true,R5,minimax-m3,3,hidden_error_atomicity,X1,error,hidden,,true,
detreport_base,detreport,base,true,R5,qwen3.7-max,1,E1_public_import,R1,rule,visible,E1,true,
detreport_base,detreport,base,true,R5,qwen3.7-max,1,E1_grouping,R3,rule,visible,E1,true,
detreport_base,detreport,base,true,R5,qwen3.7-max,1,E1_compact_schema,R4,rule,visible,E1,true,
detreport_base,detreport,base,true,R5,qwen3.7-max,1,E1_total_and_immutability,R6,rule,visible,E1,true,
detreport_base,detreport,base,true,R5,qwen3.7-max,1,E1_end_to_end,D1,done_when,visible,E1,true,
detreport_base,detreport,base,true,R5,qwen3.7-max,1,E1_integer_cents,C1,constraint,visible,E1,true,
detreport_base,detreport,base,true,R5,qwen3.7-max,1,E2_group_order,R5,rule,visible,E2,true,
detreport_base,detreport,base,true,R5,qwen3.7-max,1,E3_unicode_json,R4,rule,visible,E3,true,
detreport_base,detreport,base,true,R5,qwen3.7-max,1,E4_input_validation,R2,rule,visible,E4,true,
detreport_base,detreport,base,true,R5,qwen3.7-max,1,E4_report_error,X1,error,visible,E4,true,
detreport_base,detreport,base,true,R5,qwen3.7-max,1,E5_input_immutable,R6,rule,visible,E5,true,
detreport_base,detreport,base,true,R5,qwen3.7-max,1,E5_strict_determinism,S1,determinism_stable,visible,E5,true,
detreport_base,detreport,base,true,R5,qwen3.7-max,1,E6_cli,R7,rule,visible,E6,true,
detreport_base,detreport,base,true,R5,qwen3.7-max,1,E7_stdlib_dependencies,C1,constraint,visible,E7,true,
detreport_base,detreport,base,true,R5,qwen3.7-max,1,hidden_public_symbols,R1,rule,hidden,,false,AssertionError: check returned false
detreport_base,detreport,base,true,R5,qwen3.7-max,1,hidden_validation_matrix,R2,rule,hidden,,true,
detreport_base,detreport,base,true,R5,qwen3.7-max,1,hidden_multiple_groups,R3,rule,hidden,,true,
detreport_base,detreport,base,true,R5,qwen3.7-max,1,hidden_exact_compact_json,R4,rule,hidden,,true,
detreport_base,detreport,base,true,R5,qwen3.7-max,1,hidden_three_group_order,R5,rule,hidden,,true,
detreport_base,detreport,base,true,R5,qwen3.7-max,1,hidden_grand_total_no_mutation,R6,rule,hidden,,true,
detreport_base,detreport,base,true,R5,qwen3.7-max,1,hidden_cli_contract,R7,rule,hidden,,true,
detreport_base,detreport,base,true,R5,qwen3.7-max,1,hidden_full_smoke,D1,done_when,hidden,,true,
detreport_base,detreport,base,true,R5,qwen3.7-max,1,hidden_integer_cents_stdlib,C1,constraint,hidden,,true,
detreport_base,detreport,base,true,R5,qwen3.7-max,1,hidden_byte_repeatability,S1,determinism_stable,hidden,,true,
detreport_base,detreport,base,true,R5,qwen3.7-max,1,hidden_error_atomicity,X1,error,hidden,,true,
detreport_base,detreport,base,true,R5,qwen3.7-max,2,E1_public_import,R1,rule,visible,E1,true,
detreport_base,detreport,base,true,R5,qwen3.7-max,2,E1_grouping,R3,rule,visible,E1,true,
detreport_base,detreport,base,true,R5,qwen3.7-max,2,E1_compact_schema,R4,rule,visible,E1,true,
detreport_base,detreport,base,true,R5,qwen3.7-max,2,E1_total_and_immutability,R6,rule,visible,E1,true,
detreport_base,detreport,base,true,R5,qwen3.7-max,2,E1_end_to_end,D1,done_when,visible,E1,true,
detreport_base,detreport,base,true,R5,qwen3.7-max,2,E1_integer_cents,C1,constraint,visible,E1,true,
detreport_base,detreport,base,true,R5,qwen3.7-max,2,E2_group_order,R5,rule,visible,E2,true,
detreport_base,detreport,base,true,R5,qwen3.7-max,2,E3_unicode_json,R4,rule,visible,E3,true,
detreport_base,detreport,base,true,R5,qwen3.7-max,2,E4_input_validation,R2,rule,visible,E4,true,
detreport_base,detreport,base,true,R5,qwen3.7-max,2,E4_report_error,X1,error,visible,E4,true,
detreport_base,detreport,base,true,R5,qwen3.7-max,2,E5_input_immutable,R6,rule,visible,E5,true,
detreport_base,detreport,base,true,R5,qwen3.7-max,2,E5_strict_determinism,S1,determinism_stable,visible,E5,true,
detreport_base,detreport,base,true,R5,qwen3.7-max,2,E6_cli,R7,rule,visible,E6,true,
detreport_base,detreport,base,true,R5,qwen3.7-max,2,E7_stdlib_dependencies,C1,constraint,visible,E7,true,
detreport_base,detreport,base,true,R5,qwen3.7-max,2,hidden_public_symbols,R1,rule,hidden,,false,AssertionError: check returned false
detreport_base,detreport,base,true,R5,qwen3.7-max,2,hidden_validation_matrix,R2,rule,hidden,,true,
detreport_base,detreport,base,true,R5,qwen3.7-max,2,hidden_multiple_groups,R3,rule,hidden,,true,
detreport_base,detreport,base,true,R5,qwen3.7-max,2,hidden_exact_compact_json,R4,rule,hidden,,true,
detreport_base,detreport,base,true,R5,qwen3.7-max,2,hidden_three_group_order,R5,rule,hidden,,true,
detreport_base,detreport,base,true,R5,qwen3.7-max,2,hidden_grand_total_no_mutation,R6,rule,hidden,,true,
detreport_base,detreport,base,true,R5,qwen3.7-max,2,hidden_cli_contract,R7,rule,hidden,,true,
detreport_base,detreport,base,true,R5,qwen3.7-max,2,hidden_full_smoke,D1,done_when,hidden,,true,
detreport_base,detreport,base,true,R5,qwen3.7-max,2,hidden_integer_cents_stdlib,C1,constraint,hidden,,true,
detreport_base,detreport,base,true,R5,qwen3.7-max,2,hidden_byte_repeatability,S1,determinism_stable,hidden,,true,
detreport_base,detreport,base,true,R5,qwen3.7-max,2,hidden_error_atomicity,X1,error,hidden,,true,
detreport_base,detreport,base,true,R5,qwen3.7-max,3,E1_public_import,R1,rule,visible,E1,true,
detreport_base,detreport,base,true,R5,qwen3.7-max,3,E1_grouping,R3,rule,visible,E1,true,
detreport_base,detreport,base,true,R5,qwen3.7-max,3,E1_compact_schema,R4,rule,visible,E1,true,
detreport_base,detreport,base,true,R5,qwen3.7-max,3,E1_total_and_immutability,R6,rule,visible,E1,true,
detreport_base,detreport,base,true,R5,qwen3.7-max,3,E1_end_to_end,D1,done_when,visible,E1,true,
detreport_base,detreport,base,true,R5,qwen3.7-max,3,E1_integer_cents,C1,constraint,visible,E1,true,
detreport_base,detreport,base,true,R5,qwen3.7-max,3,E2_group_order,R5,rule,visible,E2,true,
detreport_base,detreport,base,true,R5,qwen3.7-max,3,E3_unicode_json,R4,rule,visible,E3,true,
detreport_base,detreport,base,true,R5,qwen3.7-max,3,E4_input_validation,R2,rule,visible,E4,true,
detreport_base,detreport,base,true,R5,qwen3.7-max,3,E4_report_error,X1,error,visible,E4,true,
detreport_base,detreport,base,true,R5,qwen3.7-max,3,E5_input_immutable,R6,rule,visible,E5,true,
detreport_base,detreport,base,true,R5,qwen3.7-max,3,E5_strict_determinism,S1,determinism_stable,visible,E5,true,
detreport_base,detreport,base,true,R5,qwen3.7-max,3,E6_cli,R7,rule,visible,E6,true,
detreport_base,detreport,base,true,R5,qwen3.7-max,3,E7_stdlib_dependencies,C1,constraint,visible,E7,true,
detreport_base,detreport,base,true,R5,qwen3.7-max,3,hidden_public_symbols,R1,rule,hidden,,false,AssertionError: check returned false
detreport_base,detreport,base,true,R5,qwen3.7-max,3,hidden_validation_matrix,R2,rule,hidden,,true,
detreport_base,detreport,base,true,R5,qwen3.7-max,3,hidden_multiple_groups,R3,rule,hidden,,true,
detreport_base,detreport,base,true,R5,qwen3.7-max,3,hidden_exact_compact_json,R4,rule,hidden,,true,
detreport_base,detreport,base,true,R5,qwen3.7-max,3,hidden_three_group_order,R5,rule,hidden,,true,
detreport_base,detreport,base,true,R5,qwen3.7-max,3,hidden_grand_total_no_mutation,R6,rule,hidden,,true,
detreport_base,detreport,base,true,R5,qwen3.7-max,3,hidden_cli_contract,R7,rule,hidden,,true,
detreport_base,detreport,base,true,R5,qwen3.7-max,3,hidden_full_smoke,D1,done_when,hidden,,true,
detreport_base,detreport,base,true,R5,qwen3.7-max,3,hidden_integer_cents_stdlib,C1,constraint,hidden,,true,
detreport_base,detreport,base,true,R5,qwen3.7-max,3,hidden_byte_repeatability,S1,determinism_stable,hidden,,true,
detreport_base,detreport,base,true,R5,qwen3.7-max,3,hidden_error_atomicity,X1,error,hidden,,true,
detreport_descending,detreport,descending,false,R5,glm-5.2,1,E1_public_import,R1,rule,visible,E1,true,
detreport_descending,detreport,descending,false,R5,glm-5.2,1,E1_grouping,R3,rule,visible,E1,true,
detreport_descending,detreport,descending,false,R5,glm-5.2,1,E1_compact_schema,R4,rule,visible,E1,true,
detreport_descending,detreport,descending,false,R5,glm-5.2,1,E1_total_and_immutability,R6,rule,visible,E1,true,
detreport_descending,detreport,descending,false,R5,glm-5.2,1,E1_end_to_end,D1,done_when,visible,E1,true,
detreport_descending,detreport,descending,false,R5,glm-5.2,1,E1_integer_cents,C1,constraint,visible,E1,true,
detreport_descending,detreport,descending,false,R5,glm-5.2,1,E2_group_order,R5,rule,visible,E2,true,
detreport_descending,detreport,descending,false,R5,glm-5.2,1,E3_unicode_json,R4,rule,visible,E3,true,
detreport_descending,detreport,descending,false,R5,glm-5.2,1,E4_input_validation,R2,rule,visible,E4,true,
detreport_descending,detreport,descending,false,R5,glm-5.2,1,E4_report_error,X1,error,visible,E4,true,
detreport_descending,detreport,descending,false,R5,glm-5.2,1,E5_input_immutable,R6,rule,visible,E5,true,
detreport_descending,detreport,descending,false,R5,glm-5.2,1,E5_strict_determinism,S1,determinism_stable,visible,E5,true,
detreport_descending,detreport,descending,false,R5,glm-5.2,1,E6_cli,R7,rule,visible,E6,true,
detreport_descending,detreport,descending,false,R5,glm-5.2,1,E7_stdlib_dependencies,C1,constraint,visible,E7,true,
detreport_descending,detreport,descending,false,R5,glm-5.2,1,hidden_public_symbols,R1,rule,hidden,,false,AssertionError: check returned false
detreport_descending,detreport,descending,false,R5,glm-5.2,1,hidden_validation_matrix,R2,rule,hidden,,true,
detreport_descending,detreport,descending,false,R5,glm-5.2,1,hidden_multiple_groups,R3,rule,hidden,,true,
detreport_descending,detreport,descending,false,R5,glm-5.2,1,hidden_exact_compact_json,R4,rule,hidden,,true,
detreport_descending,detreport,descending,false,R5,glm-5.2,1,hidden_three_group_order,R5,rule,hidden,,true,
detreport_descending,detreport,descending,false,R5,glm-5.2,1,hidden_grand_total_no_mutation,R6,rule,hidden,,true,
detreport_descending,detreport,descending,false,R5,glm-5.2,1,hidden_cli_contract,R7,rule,hidden,,true,
detreport_descending,detreport,descending,false,R5,glm-5.2,1,hidden_full_smoke,D1,done_when,hidden,,true,
detreport_descending,detreport,descending,false,R5,glm-5.2,1,hidden_integer_cents_stdlib,C1,constraint,hidden,,true,
detreport_descending,detreport,descending,false,R5,glm-5.2,1,hidden_byte_repeatability,S1,determinism_stable,hidden,,true,
detreport_descending,detreport,descending,false,R5,glm-5.2,1,hidden_error_atomicity,X1,error,hidden,,true,
detreport_descending,detreport,descending,false,R5,glm-5.2,2,E1_public_import,R1,rule,visible,E1,true,
detreport_descending,detreport,descending,false,R5,glm-5.2,2,E1_grouping,R3,rule,visible,E1,true,
detreport_descending,detreport,descending,false,R5,glm-5.2,2,E1_compact_schema,R4,rule,visible,E1,true,
detreport_descending,detreport,descending,false,R5,glm-5.2,2,E1_total_and_immutability,R6,rule,visible,E1,true,
detreport_descending,detreport,descending,false,R5,glm-5.2,2,E1_end_to_end,D1,done_when,visible,E1,true,
detreport_descending,detreport,descending,false,R5,glm-5.2,2,E1_integer_cents,C1,constraint,visible,E1,true,
detreport_descending,detreport,descending,false,R5,glm-5.2,2,E2_group_order,R5,rule,visible,E2,true,
detreport_descending,detreport,descending,false,R5,glm-5.2,2,E3_unicode_json,R4,rule,visible,E3,true,
detreport_descending,detreport,descending,false,R5,glm-5.2,2,E4_input_validation,R2,rule,visible,E4,true,
detreport_descending,detreport,descending,false,R5,glm-5.2,2,E4_report_error,X1,error,visible,E4,true,
detreport_descending,detreport,descending,false,R5,glm-5.2,2,E5_input_immutable,R6,rule,visible,E5,true,
detreport_descending,detreport,descending,false,R5,glm-5.2,2,E5_strict_determinism,S1,determinism_stable,visible,E5,true,
detreport_descending,detreport,descending,false,R5,glm-5.2,2,E6_cli,R7,rule,visible,E6,true,
detreport_descending,detreport,descending,false,R5,glm-5.2,2,E7_stdlib_dependencies,C1,constraint,visible,E7,true,
detreport_descending,detreport,descending,false,R5,glm-5.2,2,hidden_public_symbols,R1,rule,hidden,,false,AssertionError: check returned false
detreport_descending,detreport,descending,false,R5,glm-5.2,2,hidden_validation_matrix,R2,rule,hidden,,true,
detreport_descending,detreport,descending,false,R5,glm-5.2,2,hidden_multiple_groups,R3,rule,hidden,,true,
detreport_descending,detreport,descending,false,R5,glm-5.2,2,hidden_exact_compact_json,R4,rule,hidden,,true,
detreport_descending,detreport,descending,false,R5,glm-5.2,2,hidden_three_group_order,R5,rule,hidden,,true,
detreport_descending,detreport,descending,false,R5,glm-5.2,2,hidden_grand_total_no_mutation,R6,rule,hidden,,true,
detreport_descending,detreport,descending,false,R5,glm-5.2,2,hidden_cli_contract,R7,rule,hidden,,true,
detreport_descending,detreport,descending,false,R5,glm-5.2,2,hidden_full_smoke,D1,done_when,hidden,,true,
detreport_descending,detreport,descending,false,R5,glm-5.2,2,hidden_integer_cents_stdlib,C1,constraint,hidden,,true,
detreport_descending,detreport,descending,false,R5,glm-5.2,2,hidden_byte_repeatability,S1,determinism_stable,hidden,,true,
detreport_descending,detreport,descending,false,R5,glm-5.2,2,hidden_error_atomicity,X1,error,hidden,,true,
detreport_descending,detreport,descending,false,R5,glm-5.2,3,E1_public_import,R1,rule,visible,E1,true,
detreport_descending,detreport,descending,false,R5,glm-5.2,3,E1_grouping,R3,rule,visible,E1,true,
detreport_descending,detreport,descending,false,R5,glm-5.2,3,E1_compact_schema,R4,rule,visible,E1,true,
detreport_descending,detreport,descending,false,R5,glm-5.2,3,E1_total_and_immutability,R6,rule,visible,E1,true,
detreport_descending,detreport,descending,false,R5,glm-5.2,3,E1_end_to_end,D1,done_when,visible,E1,true,
detreport_descending,detreport,descending,false,R5,glm-5.2,3,E1_integer_cents,C1,constraint,visible,E1,true,
detreport_descending,detreport,descending,false,R5,glm-5.2,3,E2_group_order,R5,rule,visible,E2,true,
detreport_descending,detreport,descending,false,R5,glm-5.2,3,E3_unicode_json,R4,rule,visible,E3,true,
detreport_descending,detreport,descending,false,R5,glm-5.2,3,E4_input_validation,R2,rule,visible,E4,true,
detreport_descending,detreport,descending,false,R5,glm-5.2,3,E4_report_error,X1,error,visible,E4,true,
detreport_descending,detreport,descending,false,R5,glm-5.2,3,E5_input_immutable,R6,rule,visible,E5,true,
detreport_descending,detreport,descending,false,R5,glm-5.2,3,E5_strict_determinism,S1,determinism_stable,visible,E5,true,
detreport_descending,detreport,descending,false,R5,glm-5.2,3,E6_cli,R7,rule,visible,E6,true,
detreport_descending,detreport,descending,false,R5,glm-5.2,3,E7_stdlib_dependencies,C1,constraint,visible,E7,true,
detreport_descending,detreport,descending,false,R5,glm-5.2,3,hidden_public_symbols,R1,rule,hidden,,false,AssertionError: check returned false
detreport_descending,detreport,descending,false,R5,glm-5.2,3,hidden_validation_matrix,R2,rule,hidden,,true,
detreport_descending,detreport,descending,false,R5,glm-5.2,3,hidden_multiple_groups,R3,rule,hidden,,true,
detreport_descending,detreport,descending,false,R5,glm-5.2,3,hidden_exact_compact_json,R4,rule,hidden,,true,
detreport_descending,detreport,descending,false,R5,glm-5.2,3,hidden_three_group_order,R5,rule,hidden,,true,
detreport_descending,detreport,descending,false,R5,glm-5.2,3,hidden_grand_total_no_mutation,R6,rule,hidden,,true,
detreport_descending,detreport,descending,false,R5,glm-5.2,3,hidden_cli_contract,R7,rule,hidden,,true,
detreport_descending,detreport,descending,false,R5,glm-5.2,3,hidden_full_smoke,D1,done_when,hidden,,true,
detreport_descending,detreport,descending,false,R5,glm-5.2,3,hidden_integer_cents_stdlib,C1,constraint,hidden,,true,
detreport_descending,detreport,descending,false,R5,glm-5.2,3,hidden_byte_repeatability,S1,determinism_stable,hidden,,true,
detreport_descending,detreport,descending,false,R5,glm-5.2,3,hidden_error_atomicity,X1,error,hidden,,true,
detreport_descending,detreport,descending,false,R5,minimax-m3,1,E1_public_import,R1,rule,visible,E1,true,
detreport_descending,detreport,descending,false,R5,minimax-m3,1,E1_grouping,R3,rule,visible,E1,true,
detreport_descending,detreport,descending,false,R5,minimax-m3,1,E1_compact_schema,R4,rule,visible,E1,true,
detreport_descending,detreport,descending,false,R5,minimax-m3,1,E1_total_and_immutability,R6,rule,visible,E1,true,
detreport_descending,detreport,descending,false,R5,minimax-m3,1,E1_end_to_end,D1,done_when,visible,E1,true,
detreport_descending,detreport,descending,false,R5,minimax-m3,1,E1_integer_cents,C1,constraint,visible,E1,true,
detreport_descending,detreport,descending,false,R5,minimax-m3,1,E2_group_order,R5,rule,visible,E2,true,
detreport_descending,detreport,descending,false,R5,minimax-m3,1,E3_unicode_json,R4,rule,visible,E3,true,
detreport_descending,detreport,descending,false,R5,minimax-m3,1,E4_input_validation,R2,rule,visible,E4,true,
detreport_descending,detreport,descending,false,R5,minimax-m3,1,E4_report_error,X1,error,visible,E4,true,
detreport_descending,detreport,descending,false,R5,minimax-m3,1,E5_input_immutable,R6,rule,visible,E5,true,
detreport_descending,detreport,descending,false,R5,minimax-m3,1,E5_strict_determinism,S1,determinism_stable,visible,E5,true,
detreport_descending,detreport,descending,false,R5,minimax-m3,1,E6_cli,R7,rule,visible,E6,true,
detreport_descending,detreport,descending,false,R5,minimax-m3,1,E7_stdlib_dependencies,C1,constraint,visible,E7,true,
detreport_descending,detreport,descending,false,R5,minimax-m3,1,hidden_public_symbols,R1,rule,hidden,,false,AssertionError: check returned false
detreport_descending,detreport,descending,false,R5,minimax-m3,1,hidden_validation_matrix,R2,rule,hidden,,true,
detreport_descending,detreport,descending,false,R5,minimax-m3,1,hidden_multiple_groups,R3,rule,hidden,,true,
detreport_descending,detreport,descending,false,R5,minimax-m3,1,hidden_exact_compact_json,R4,rule,hidden,,true,
detreport_descending,detreport,descending,false,R5,minimax-m3,1,hidden_three_group_order,R5,rule,hidden,,true,
detreport_descending,detreport,descending,false,R5,minimax-m3,1,hidden_grand_total_no_mutation,R6,rule,hidden,,true,
detreport_descending,detreport,descending,false,R5,minimax-m3,1,hidden_cli_contract,R7,rule,hidden,,true,
detreport_descending,detreport,descending,false,R5,minimax-m3,1,hidden_full_smoke,D1,done_when,hidden,,true,
detreport_descending,detreport,descending,false,R5,minimax-m3,1,hidden_integer_cents_stdlib,C1,constraint,hidden,,true,
detreport_descending,detreport,descending,false,R5,minimax-m3,1,hidden_byte_repeatability,S1,determinism_stable,hidden,,true,
detreport_descending,detreport,descending,false,R5,minimax-m3,1,hidden_error_atomicity,X1,error,hidden,,true,
detreport_descending,detreport,descending,false,R5,minimax-m3,2,E1_public_import,R1,rule,visible,E1,true,
detreport_descending,detreport,descending,false,R5,minimax-m3,2,E1_grouping,R3,rule,visible,E1,true,
detreport_descending,detreport,descending,false,R5,minimax-m3,2,E1_compact_schema,R4,rule,visible,E1,true,
detreport_descending,detreport,descending,false,R5,minimax-m3,2,E1_total_and_immutability,R6,rule,visible,E1,true,
detreport_descending,detreport,descending,false,R5,minimax-m3,2,E1_end_to_end,D1,done_when,visible,E1,true,
detreport_descending,detreport,descending,false,R5,minimax-m3,2,E1_integer_cents,C1,constraint,visible,E1,true,
detreport_descending,detreport,descending,false,R5,minimax-m3,2,E2_group_order,R5,rule,visible,E2,true,
detreport_descending,detreport,descending,false,R5,minimax-m3,2,E3_unicode_json,R4,rule,visible,E3,true,
detreport_descending,detreport,descending,false,R5,minimax-m3,2,E4_input_validation,R2,rule,visible,E4,true,
detreport_descending,detreport,descending,false,R5,minimax-m3,2,E4_report_error,X1,error,visible,E4,true,
detreport_descending,detreport,descending,false,R5,minimax-m3,2,E5_input_immutable,R6,rule,visible,E5,true,
detreport_descending,detreport,descending,false,R5,minimax-m3,2,E5_strict_determinism,S1,determinism_stable,visible,E5,true,
detreport_descending,detreport,descending,false,R5,minimax-m3,2,E6_cli,R7,rule,visible,E6,true,
detreport_descending,detreport,descending,false,R5,minimax-m3,2,E7_stdlib_dependencies,C1,constraint,visible,E7,true,
detreport_descending,detreport,descending,false,R5,minimax-m3,2,hidden_public_symbols,R1,rule,hidden,,false,AssertionError: check returned false
detreport_descending,detreport,descending,false,R5,minimax-m3,2,hidden_validation_matrix,R2,rule,hidden,,true,
detreport_descending,detreport,descending,false,R5,minimax-m3,2,hidden_multiple_groups,R3,rule,hidden,,true,
detreport_descending,detreport,descending,false,R5,minimax-m3,2,hidden_exact_compact_json,R4,rule,hidden,,true,
detreport_descending,detreport,descending,false,R5,minimax-m3,2,hidden_three_group_order,R5,rule,hidden,,true,
detreport_descending,detreport,descending,false,R5,minimax-m3,2,hidden_grand_total_no_mutation,R6,rule,hidden,,true,
detreport_descending,detreport,descending,false,R5,minimax-m3,2,hidden_cli_contract,R7,rule,hidden,,true,
detreport_descending,detreport,descending,false,R5,minimax-m3,2,hidden_full_smoke,D1,done_when,hidden,,true,
detreport_descending,detreport,descending,false,R5,minimax-m3,2,hidden_integer_cents_stdlib,C1,constraint,hidden,,true,
detreport_descending,detreport,descending,false,R5,minimax-m3,2,hidden_byte_repeatability,S1,determinism_stable,hidden,,true,
detreport_descending,detreport,descending,false,R5,minimax-m3,2,hidden_error_atomicity,X1,error,hidden,,true,
detreport_descending,detreport,descending,false,R5,minimax-m3,3,E1_public_import,R1,rule,visible,E1,true,
detreport_descending,detreport,descending,false,R5,minimax-m3,3,E1_grouping,R3,rule,visible,E1,false,"TypeError: the JSON object must be str, bytes or bytearray, not dict"
detreport_descending,detreport,descending,false,R5,minimax-m3,3,E1_compact_schema,R4,rule,visible,E1,false,"TypeError: the JSON object must be str, bytes or bytearray, not dict"
detreport_descending,detreport,descending,false,R5,minimax-m3,3,E1_total_and_immutability,R6,rule,visible,E1,false,"TypeError: the JSON object must be str, bytes or bytearray, not dict"
detreport_descending,detreport,descending,false,R5,minimax-m3,3,E1_end_to_end,D1,done_when,visible,E1,false,"TypeError: the JSON object must be str, bytes or bytearray, not dict"
detreport_descending,detreport,descending,false,R5,minimax-m3,3,E1_integer_cents,C1,constraint,visible,E1,false,"TypeError: the JSON object must be str, bytes or bytearray, not dict"
detreport_descending,detreport,descending,false,R5,minimax-m3,3,E2_group_order,R5,rule,visible,E2,false,"TypeError: the JSON object must be str, bytes or bytearray, not dict"
detreport_descending,detreport,descending,false,R5,minimax-m3,3,E3_unicode_json,R4,rule,visible,E3,false,"TypeError: the JSON object must be str, bytes or bytearray, not dict"
detreport_descending,detreport,descending,false,R5,minimax-m3,3,E4_input_validation,R2,rule,visible,E4,true,
detreport_descending,detreport,descending,false,R5,minimax-m3,3,E4_report_error,X1,error,visible,E4,true,
detreport_descending,detreport,descending,false,R5,minimax-m3,3,E5_input_immutable,R6,rule,visible,E5,true,
detreport_descending,detreport,descending,false,R5,minimax-m3,3,E5_strict_determinism,S1,determinism_stable,visible,E5,true,
detreport_descending,detreport,descending,false,R5,minimax-m3,3,E6_cli,R7,rule,visible,E6,false,TypeError: unsupported operand type(s) for +: 'dict' and 'str'
detreport_descending,detreport,descending,false,R5,minimax-m3,3,E7_stdlib_dependencies,C1,constraint,visible,E7,true,
detreport_descending,detreport,descending,false,R5,minimax-m3,3,hidden_public_symbols,R1,rule,hidden,,true,
detreport_descending,detreport,descending,false,R5,minimax-m3,3,hidden_validation_matrix,R2,rule,hidden,,true,
detreport_descending,detreport,descending,false,R5,minimax-m3,3,hidden_multiple_groups,R3,rule,hidden,,false,"TypeError: the JSON object must be str, bytes or bytearray, not dict"
detreport_descending,detreport,descending,false,R5,minimax-m3,3,hidden_exact_compact_json,R4,rule,hidden,,false,"TypeError: the JSON object must be str, bytes or bytearray, not dict"
detreport_descending,detreport,descending,false,R5,minimax-m3,3,hidden_three_group_order,R5,rule,hidden,,false,"TypeError: the JSON object must be str, bytes or bytearray, not dict"
detreport_descending,detreport,descending,false,R5,minimax-m3,3,hidden_grand_total_no_mutation,R6,rule,hidden,,true,
detreport_descending,detreport,descending,false,R5,minimax-m3,3,hidden_cli_contract,R7,rule,hidden,,false,TypeError: unsupported operand type(s) for +: 'dict' and 'str'
detreport_descending,detreport,descending,false,R5,minimax-m3,3,hidden_full_smoke,D1,done_when,hidden,,false,"TypeError: the JSON object must be str, bytes or bytearray, not dict"
detreport_descending,detreport,descending,false,R5,minimax-m3,3,hidden_integer_cents_stdlib,C1,constraint,hidden,,false,"TypeError: the JSON object must be str, bytes or bytearray, not dict"
detreport_descending,detreport,descending,false,R5,minimax-m3,3,hidden_byte_repeatability,S1,determinism_stable,hidden,,true,
detreport_descending,detreport,descending,false,R5,minimax-m3,3,hidden_error_atomicity,X1,error,hidden,,true,
detreport_descending,detreport,descending,false,R5,qwen3.7-max,1,E1_public_import,R1,rule,visible,E1,true,
detreport_descending,detreport,descending,false,R5,qwen3.7-max,1,E1_grouping,R3,rule,visible,E1,true,
detreport_descending,detreport,descending,false,R5,qwen3.7-max,1,E1_compact_schema,R4,rule,visible,E1,true,
detreport_descending,detreport,descending,false,R5,qwen3.7-max,1,E1_total_and_immutability,R6,rule,visible,E1,true,
detreport_descending,detreport,descending,false,R5,qwen3.7-max,1,E1_end_to_end,D1,done_when,visible,E1,true,
detreport_descending,detreport,descending,false,R5,qwen3.7-max,1,E1_integer_cents,C1,constraint,visible,E1,true,
detreport_descending,detreport,descending,false,R5,qwen3.7-max,1,E2_group_order,R5,rule,visible,E2,true,
detreport_descending,detreport,descending,false,R5,qwen3.7-max,1,E3_unicode_json,R4,rule,visible,E3,true,
detreport_descending,detreport,descending,false,R5,qwen3.7-max,1,E4_input_validation,R2,rule,visible,E4,true,
detreport_descending,detreport,descending,false,R5,qwen3.7-max,1,E4_report_error,X1,error,visible,E4,true,
detreport_descending,detreport,descending,false,R5,qwen3.7-max,1,E5_input_immutable,R6,rule,visible,E5,true,
detreport_descending,detreport,descending,false,R5,qwen3.7-max,1,E5_strict_determinism,S1,determinism_stable,visible,E5,true,
detreport_descending,detreport,descending,false,R5,qwen3.7-max,1,E6_cli,R7,rule,visible,E6,true,
detreport_descending,detreport,descending,false,R5,qwen3.7-max,1,E7_stdlib_dependencies,C1,constraint,visible,E7,true,
detreport_descending,detreport,descending,false,R5,qwen3.7-max,1,hidden_public_symbols,R1,rule,hidden,,false,AssertionError: check returned false
detreport_descending,detreport,descending,false,R5,qwen3.7-max,1,hidden_validation_matrix,R2,rule,hidden,,true,
detreport_descending,detreport,descending,false,R5,qwen3.7-max,1,hidden_multiple_groups,R3,rule,hidden,,true,
detreport_descending,detreport,descending,false,R5,qwen3.7-max,1,hidden_exact_compact_json,R4,rule,hidden,,true,
detreport_descending,detreport,descending,false,R5,qwen3.7-max,1,hidden_three_group_order,R5,rule,hidden,,true,
detreport_descending,detreport,descending,false,R5,qwen3.7-max,1,hidden_grand_total_no_mutation,R6,rule,hidden,,true,
detreport_descending,detreport,descending,false,R5,qwen3.7-max,1,hidden_cli_contract,R7,rule,hidden,,true,
detreport_descending,detreport,descending,false,R5,qwen3.7-max,1,hidden_full_smoke,D1,done_when,hidden,,true,
detreport_descending,detreport,descending,false,R5,qwen3.7-max,1,hidden_integer_cents_stdlib,C1,constraint,hidden,,true,
detreport_descending,detreport,descending,false,R5,qwen3.7-max,1,hidden_byte_repeatability,S1,determinism_stable,hidden,,true,
detreport_descending,detreport,descending,false,R5,qwen3.7-max,1,hidden_error_atomicity,X1,error,hidden,,true,
detreport_descending,detreport,descending,false,R5,qwen3.7-max,2,E1_public_import,R1,rule,visible,E1,true,
detreport_descending,detreport,descending,false,R5,qwen3.7-max,2,E1_grouping,R3,rule,visible,E1,true,
detreport_descending,detreport,descending,false,R5,qwen3.7-max,2,E1_compact_schema,R4,rule,visible,E1,true,
detreport_descending,detreport,descending,false,R5,qwen3.7-max,2,E1_total_and_immutability,R6,rule,visible,E1,true,
detreport_descending,detreport,descending,false,R5,qwen3.7-max,2,E1_end_to_end,D1,done_when,visible,E1,true,
detreport_descending,detreport,descending,false,R5,qwen3.7-max,2,E1_integer_cents,C1,constraint,visible,E1,true,
detreport_descending,detreport,descending,false,R5,qwen3.7-max,2,E2_group_order,R5,rule,visible,E2,true,
detreport_descending,detreport,descending,false,R5,qwen3.7-max,2,E3_unicode_json,R4,rule,visible,E3,true,
detreport_descending,detreport,descending,false,R5,qwen3.7-max,2,E4_input_validation,R2,rule,visible,E4,true,
detreport_descending,detreport,descending,false,R5,qwen3.7-max,2,E4_report_error,X1,error,visible,E4,true,
detreport_descending,detreport,descending,false,R5,qwen3.7-max,2,E5_input_immutable,R6,rule,visible,E5,true,
detreport_descending,detreport,descending,false,R5,qwen3.7-max,2,E5_strict_determinism,S1,determinism_stable,visible,E5,true,
detreport_descending,detreport,descending,false,R5,qwen3.7-max,2,E6_cli,R7,rule,visible,E6,true,
detreport_descending,detreport,descending,false,R5,qwen3.7-max,2,E7_stdlib_dependencies,C1,constraint,visible,E7,true,
detreport_descending,detreport,descending,false,R5,qwen3.7-max,2,hidden_public_symbols,R1,rule,hidden,,false,AssertionError: check returned false
detreport_descending,detreport,descending,false,R5,qwen3.7-max,2,hidden_validation_matrix,R2,rule,hidden,,true,
detreport_descending,detreport,descending,false,R5,qwen3.7-max,2,hidden_multiple_groups,R3,rule,hidden,,true,
detreport_descending,detreport,descending,false,R5,qwen3.7-max,2,hidden_exact_compact_json,R4,rule,hidden,,true,
detreport_descending,detreport,descending,false,R5,qwen3.7-max,2,hidden_three_group_order,R5,rule,hidden,,true,
detreport_descending,detreport,descending,false,R5,qwen3.7-max,2,hidden_grand_total_no_mutation,R6,rule,hidden,,true,
detreport_descending,detreport,descending,false,R5,qwen3.7-max,2,hidden_cli_contract,R7,rule,hidden,,true,
detreport_descending,detreport,descending,false,R5,qwen3.7-max,2,hidden_full_smoke,D1,done_when,hidden,,true,
detreport_descending,detreport,descending,false,R5,qwen3.7-max,2,hidden_integer_cents_stdlib,C1,constraint,hidden,,true,
detreport_descending,detreport,descending,false,R5,qwen3.7-max,2,hidden_byte_repeatability,S1,determinism_stable,hidden,,true,
detreport_descending,detreport,descending,false,R5,qwen3.7-max,2,hidden_error_atomicity,X1,error,hidden,,true,
detreport_descending,detreport,descending,false,R5,qwen3.7-max,3,E1_public_import,R1,rule,visible,E1,true,
detreport_descending,detreport,descending,false,R5,qwen3.7-max,3,E1_grouping,R3,rule,visible,E1,true,
detreport_descending,detreport,descending,false,R5,qwen3.7-max,3,E1_compact_schema,R4,rule,visible,E1,true,
detreport_descending,detreport,descending,false,R5,qwen3.7-max,3,E1_total_and_immutability,R6,rule,visible,E1,true,
detreport_descending,detreport,descending,false,R5,qwen3.7-max,3,E1_end_to_end,D1,done_when,visible,E1,true,
detreport_descending,detreport,descending,false,R5,qwen3.7-max,3,E1_integer_cents,C1,constraint,visible,E1,true,
detreport_descending,detreport,descending,false,R5,qwen3.7-max,3,E2_group_order,R5,rule,visible,E2,true,
detreport_descending,detreport,descending,false,R5,qwen3.7-max,3,E3_unicode_json,R4,rule,visible,E3,true,
detreport_descending,detreport,descending,false,R5,qwen3.7-max,3,E4_input_validation,R2,rule,visible,E4,true,
detreport_descending,detreport,descending,false,R5,qwen3.7-max,3,E4_report_error,X1,error,visible,E4,true,
detreport_descending,detreport,descending,false,R5,qwen3.7-max,3,E5_input_immutable,R6,rule,visible,E5,true,
detreport_descending,detreport,descending,false,R5,qwen3.7-max,3,E5_strict_determinism,S1,determinism_stable,visible,E5,true,
detreport_descending,detreport,descending,false,R5,qwen3.7-max,3,E6_cli,R7,rule,visible,E6,true,
detreport_descending,detreport,descending,false,R5,qwen3.7-max,3,E7_stdlib_dependencies,C1,constraint,visible,E7,true,
detreport_descending,detreport,descending,false,R5,qwen3.7-max,3,hidden_public_symbols,R1,rule,hidden,,false,AssertionError: check returned false
detreport_descending,detreport,descending,false,R5,qwen3.7-max,3,hidden_validation_matrix,R2,rule,hidden,,true,
detreport_descending,detreport,descending,false,R5,qwen3.7-max,3,hidden_multiple_groups,R3,rule,hidden,,true,
detreport_descending,detreport,descending,false,R5,qwen3.7-max,3,hidden_exact_compact_json,R4,rule,hidden,,true,
detreport_descending,detreport,descending,false,R5,qwen3.7-max,3,hidden_three_group_order,R5,rule,hidden,,true,
detreport_descending,detreport,descending,false,R5,qwen3.7-max,3,hidden_grand_total_no_mutation,R6,rule,hidden,,true,
detreport_descending,detreport,descending,false,R5,qwen3.7-max,3,hidden_cli_contract,R7,rule,hidden,,true,
detreport_descending,detreport,descending,false,R5,qwen3.7-max,3,hidden_full_smoke,D1,done_when,hidden,,true,
detreport_descending,detreport,descending,false,R5,qwen3.7-max,3,hidden_integer_cents_stdlib,C1,constraint,hidden,,true,
detreport_descending,detreport,descending,false,R5,qwen3.7-max,3,hidden_byte_repeatability,S1,determinism_stable,hidden,,true,
detreport_descending,detreport,descending,false,R5,qwen3.7-max,3,hidden_error_atomicity,X1,error,hidden,,true,
detreport_firstseen,detreport,firstseen,false,R5,glm-5.2,2,E1_public_import,R1,rule,visible,E1,true,
detreport_firstseen,detreport,firstseen,false,R5,glm-5.2,2,E1_grouping,R3,rule,visible,E1,true,
detreport_firstseen,detreport,firstseen,false,R5,glm-5.2,2,E1_compact_schema,R4,rule,visible,E1,true,
detreport_firstseen,detreport,firstseen,false,R5,glm-5.2,2,E1_total_and_immutability,R6,rule,visible,E1,true,
detreport_firstseen,detreport,firstseen,false,R5,glm-5.2,2,E1_end_to_end,D1,done_when,visible,E1,true,
detreport_firstseen,detreport,firstseen,false,R5,glm-5.2,2,E1_integer_cents,C1,constraint,visible,E1,true,
detreport_firstseen,detreport,firstseen,false,R5,glm-5.2,2,E2_group_order,R5,rule,visible,E2,true,
detreport_firstseen,detreport,firstseen,false,R5,glm-5.2,2,E3_unicode_json,R4,rule,visible,E3,true,
detreport_firstseen,detreport,firstseen,false,R5,glm-5.2,2,E4_input_validation,R2,rule,visible,E4,true,
detreport_firstseen,detreport,firstseen,false,R5,glm-5.2,2,E4_report_error,X1,error,visible,E4,true,
detreport_firstseen,detreport,firstseen,false,R5,glm-5.2,2,E5_input_immutable,R6,rule,visible,E5,true,
detreport_firstseen,detreport,firstseen,false,R5,glm-5.2,2,E5_strict_determinism,S1,determinism_stable,visible,E5,true,
detreport_firstseen,detreport,firstseen,false,R5,glm-5.2,2,E6_cli,R7,rule,visible,E6,true,
detreport_firstseen,detreport,firstseen,false,R5,glm-5.2,2,E7_stdlib_dependencies,C1,constraint,visible,E7,true,
detreport_firstseen,detreport,firstseen,false,R5,glm-5.2,2,hidden_public_symbols,R1,rule,hidden,,false,AssertionError: check returned false
detreport_firstseen,detreport,firstseen,false,R5,glm-5.2,2,hidden_validation_matrix,R2,rule,hidden,,true,
detreport_firstseen,detreport,firstseen,false,R5,glm-5.2,2,hidden_multiple_groups,R3,rule,hidden,,true,
detreport_firstseen,detreport,firstseen,false,R5,glm-5.2,2,hidden_exact_compact_json,R4,rule,hidden,,true,
detreport_firstseen,detreport,firstseen,false,R5,glm-5.2,2,hidden_three_group_order,R5,rule,hidden,,true,
detreport_firstseen,detreport,firstseen,false,R5,glm-5.2,2,hidden_grand_total_no_mutation,R6,rule,hidden,,true,
detreport_firstseen,detreport,firstseen,false,R5,glm-5.2,2,hidden_cli_contract,R7,rule,hidden,,true,
detreport_firstseen,detreport,firstseen,false,R5,glm-5.2,2,hidden_full_smoke,D1,done_when,hidden,,true,
detreport_firstseen,detreport,firstseen,false,R5,glm-5.2,2,hidden_integer_cents_stdlib,C1,constraint,hidden,,true,
detreport_firstseen,detreport,firstseen,false,R5,glm-5.2,2,hidden_byte_repeatability,S1,determinism_stable,hidden,,true,
detreport_firstseen,detreport,firstseen,false,R5,glm-5.2,2,hidden_error_atomicity,X1,error,hidden,,true,
detreport_firstseen,detreport,firstseen,false,R5,glm-5.2,3,E1_public_import,R1,rule,visible,E1,true,
detreport_firstseen,detreport,firstseen,false,R5,glm-5.2,3,E1_grouping,R3,rule,visible,E1,true,
detreport_firstseen,detreport,firstseen,false,R5,glm-5.2,3,E1_compact_schema,R4,rule,visible,E1,true,
detreport_firstseen,detreport,firstseen,false,R5,glm-5.2,3,E1_total_and_immutability,R6,rule,visible,E1,true,
detreport_firstseen,detreport,firstseen,false,R5,glm-5.2,3,E1_end_to_end,D1,done_when,visible,E1,true,
detreport_firstseen,detreport,firstseen,false,R5,glm-5.2,3,E1_integer_cents,C1,constraint,visible,E1,true,
detreport_firstseen,detreport,firstseen,false,R5,glm-5.2,3,E2_group_order,R5,rule,visible,E2,true,
detreport_firstseen,detreport,firstseen,false,R5,glm-5.2,3,E3_unicode_json,R4,rule,visible,E3,true,
detreport_firstseen,detreport,firstseen,false,R5,glm-5.2,3,E4_input_validation,R2,rule,visible,E4,true,
detreport_firstseen,detreport,firstseen,false,R5,glm-5.2,3,E4_report_error,X1,error,visible,E4,true,
detreport_firstseen,detreport,firstseen,false,R5,glm-5.2,3,E5_input_immutable,R6,rule,visible,E5,true,
detreport_firstseen,detreport,firstseen,false,R5,glm-5.2,3,E5_strict_determinism,S1,determinism_stable,visible,E5,true,
detreport_firstseen,detreport,firstseen,false,R5,glm-5.2,3,E6_cli,R7,rule,visible,E6,true,
detreport_firstseen,detreport,firstseen,false,R5,glm-5.2,3,E7_stdlib_dependencies,C1,constraint,visible,E7,true,
detreport_firstseen,detreport,firstseen,false,R5,glm-5.2,3,hidden_public_symbols,R1,rule,hidden,,false,AssertionError: check returned false
detreport_firstseen,detreport,firstseen,false,R5,glm-5.2,3,hidden_validation_matrix,R2,rule,hidden,,true,
detreport_firstseen,detreport,firstseen,false,R5,glm-5.2,3,hidden_multiple_groups,R3,rule,hidden,,true,
detreport_firstseen,detreport,firstseen,false,R5,glm-5.2,3,hidden_exact_compact_json,R4,rule,hidden,,true,
detreport_firstseen,detreport,firstseen,false,R5,glm-5.2,3,hidden_three_group_order,R5,rule,hidden,,true,
detreport_firstseen,detreport,firstseen,false,R5,glm-5.2,3,hidden_grand_total_no_mutation,R6,rule,hidden,,true,
detreport_firstseen,detreport,firstseen,false,R5,glm-5.2,3,hidden_cli_contract,R7,rule,hidden,,true,
detreport_firstseen,detreport,firstseen,false,R5,glm-5.2,3,hidden_full_smoke,D1,done_when,hidden,,true,
detreport_firstseen,detreport,firstseen,false,R5,glm-5.2,3,hidden_integer_cents_stdlib,C1,constraint,hidden,,true,
detreport_firstseen,detreport,firstseen,false,R5,glm-5.2,3,hidden_byte_repeatability,S1,determinism_stable,hidden,,true,
detreport_firstseen,detreport,firstseen,false,R5,glm-5.2,3,hidden_error_atomicity,X1,error,hidden,,true,
detreport_firstseen,detreport,firstseen,false,R5,minimax-m3,1,E1_public_import,R1,rule,visible,E1,true,
detreport_firstseen,detreport,firstseen,false,R5,minimax-m3,1,E1_grouping,R3,rule,visible,E1,true,
detreport_firstseen,detreport,firstseen,false,R5,minimax-m3,1,E1_compact_schema,R4,rule,visible,E1,true,
detreport_firstseen,detreport,firstseen,false,R5,minimax-m3,1,E1_total_and_immutability,R6,rule,visible,E1,true,
detreport_firstseen,detreport,firstseen,false,R5,minimax-m3,1,E1_end_to_end,D1,done_when,visible,E1,true,
detreport_firstseen,detreport,firstseen,false,R5,minimax-m3,1,E1_integer_cents,C1,constraint,visible,E1,true,
detreport_firstseen,detreport,firstseen,false,R5,minimax-m3,1,E2_group_order,R5,rule,visible,E2,true,
detreport_firstseen,detreport,firstseen,false,R5,minimax-m3,1,E3_unicode_json,R4,rule,visible,E3,true,
detreport_firstseen,detreport,firstseen,false,R5,minimax-m3,1,E4_input_validation,R2,rule,visible,E4,true,
detreport_firstseen,detreport,firstseen,false,R5,minimax-m3,1,E4_report_error,X1,error,visible,E4,true,
detreport_firstseen,detreport,firstseen,false,R5,minimax-m3,1,E5_input_immutable,R6,rule,visible,E5,true,
detreport_firstseen,detreport,firstseen,false,R5,minimax-m3,1,E5_strict_determinism,S1,determinism_stable,visible,E5,true,
detreport_firstseen,detreport,firstseen,false,R5,minimax-m3,1,E6_cli,R7,rule,visible,E6,true,
detreport_firstseen,detreport,firstseen,false,R5,minimax-m3,1,E7_stdlib_dependencies,C1,constraint,visible,E7,true,
detreport_firstseen,detreport,firstseen,false,R5,minimax-m3,1,hidden_public_symbols,R1,rule,hidden,,false,AssertionError: check returned false
detreport_firstseen,detreport,firstseen,false,R5,minimax-m3,1,hidden_validation_matrix,R2,rule,hidden,,true,
detreport_firstseen,detreport,firstseen,false,R5,minimax-m3,1,hidden_multiple_groups,R3,rule,hidden,,true,
detreport_firstseen,detreport,firstseen,false,R5,minimax-m3,1,hidden_exact_compact_json,R4,rule,hidden,,true,
detreport_firstseen,detreport,firstseen,false,R5,minimax-m3,1,hidden_three_group_order,R5,rule,hidden,,true,
detreport_firstseen,detreport,firstseen,false,R5,minimax-m3,1,hidden_grand_total_no_mutation,R6,rule,hidden,,true,
detreport_firstseen,detreport,firstseen,false,R5,minimax-m3,1,hidden_cli_contract,R7,rule,hidden,,true,
detreport_firstseen,detreport,firstseen,false,R5,minimax-m3,1,hidden_full_smoke,D1,done_when,hidden,,true,
detreport_firstseen,detreport,firstseen,false,R5,minimax-m3,1,hidden_integer_cents_stdlib,C1,constraint,hidden,,true,
detreport_firstseen,detreport,firstseen,false,R5,minimax-m3,1,hidden_byte_repeatability,S1,determinism_stable,hidden,,true,
detreport_firstseen,detreport,firstseen,false,R5,minimax-m3,1,hidden_error_atomicity,X1,error,hidden,,true,
detreport_firstseen,detreport,firstseen,false,R5,minimax-m3,2,E1_public_import,R1,rule,visible,E1,true,
detreport_firstseen,detreport,firstseen,false,R5,minimax-m3,2,E1_grouping,R3,rule,visible,E1,true,
detreport_firstseen,detreport,firstseen,false,R5,minimax-m3,2,E1_compact_schema,R4,rule,visible,E1,true,
detreport_firstseen,detreport,firstseen,false,R5,minimax-m3,2,E1_total_and_immutability,R6,rule,visible,E1,true,
detreport_firstseen,detreport,firstseen,false,R5,minimax-m3,2,E1_end_to_end,D1,done_when,visible,E1,true,
detreport_firstseen,detreport,firstseen,false,R5,minimax-m3,2,E1_integer_cents,C1,constraint,visible,E1,true,
detreport_firstseen,detreport,firstseen,false,R5,minimax-m3,2,E2_group_order,R5,rule,visible,E2,true,
detreport_firstseen,detreport,firstseen,false,R5,minimax-m3,2,E3_unicode_json,R4,rule,visible,E3,true,
detreport_firstseen,detreport,firstseen,false,R5,minimax-m3,2,E4_input_validation,R2,rule,visible,E4,true,
detreport_firstseen,detreport,firstseen,false,R5,minimax-m3,2,E4_report_error,X1,error,visible,E4,true,
detreport_firstseen,detreport,firstseen,false,R5,minimax-m3,2,E5_input_immutable,R6,rule,visible,E5,true,
detreport_firstseen,detreport,firstseen,false,R5,minimax-m3,2,E5_strict_determinism,S1,determinism_stable,visible,E5,true,
detreport_firstseen,detreport,firstseen,false,R5,minimax-m3,2,E6_cli,R7,rule,visible,E6,true,
detreport_firstseen,detreport,firstseen,false,R5,minimax-m3,2,E7_stdlib_dependencies,C1,constraint,visible,E7,true,
detreport_firstseen,detreport,firstseen,false,R5,minimax-m3,2,hidden_public_symbols,R1,rule,hidden,,false,AssertionError: check returned false
detreport_firstseen,detreport,firstseen,false,R5,minimax-m3,2,hidden_validation_matrix,R2,rule,hidden,,true,
detreport_firstseen,detreport,firstseen,false,R5,minimax-m3,2,hidden_multiple_groups,R3,rule,hidden,,true,
detreport_firstseen,detreport,firstseen,false,R5,minimax-m3,2,hidden_exact_compact_json,R4,rule,hidden,,true,
detreport_firstseen,detreport,firstseen,false,R5,minimax-m3,2,hidden_three_group_order,R5,rule,hidden,,true,
detreport_firstseen,detreport,firstseen,false,R5,minimax-m3,2,hidden_grand_total_no_mutation,R6,rule,hidden,,true,
detreport_firstseen,detreport,firstseen,false,R5,minimax-m3,2,hidden_cli_contract,R7,rule,hidden,,true,
detreport_firstseen,detreport,firstseen,false,R5,minimax-m3,2,hidden_full_smoke,D1,done_when,hidden,,true,
detreport_firstseen,detreport,firstseen,false,R5,minimax-m3,2,hidden_integer_cents_stdlib,C1,constraint,hidden,,true,
detreport_firstseen,detreport,firstseen,false,R5,minimax-m3,2,hidden_byte_repeatability,S1,determinism_stable,hidden,,true,
detreport_firstseen,detreport,firstseen,false,R5,minimax-m3,2,hidden_error_atomicity,X1,error,hidden,,true,
detreport_firstseen,detreport,firstseen,false,R5,minimax-m3,3,E1_public_import,R1,rule,visible,E1,true,
detreport_firstseen,detreport,firstseen,false,R5,minimax-m3,3,E1_grouping,R3,rule,visible,E1,false,"AssertionError: expected '{""grand_total_cents"":1,""groups"":[{""category"":""x"",""count"":2,""events"":[""a"",""b""],""total_cents"":1}]}', got '{""grand_total_cents"": 1, ""groups"": [{""category"": ""x"", ""count"": 2, ""events"": [""a"", ""b""], ""total_cents"": 1}]}'"
detreport_firstseen,detreport,firstseen,false,R5,minimax-m3,3,E1_compact_schema,R4,rule,visible,E1,false,"AssertionError: expected '{""grand_total_cents"":1,""groups"":[{""category"":""x"",""count"":2,""events"":[""a"",""b""],""total_cents"":1}]}', got '{""grand_total_cents"": 1, ""groups"": [{""category"": ""x"", ""count"": 2, ""events"": [""a"", ""b""], ""total_cents"": 1}]}'"
detreport_firstseen,detreport,firstseen,false,R5,minimax-m3,3,E1_total_and_immutability,R6,rule,visible,E1,false,"AssertionError: expected '{""grand_total_cents"":1,""groups"":[{""category"":""x"",""count"":2,""events"":[""a"",""b""],""total_cents"":1}]}', got '{""grand_total_cents"": 1, ""groups"": [{""category"": ""x"", ""count"": 2, ""events"": [""a"", ""b""], ""total_cents"": 1}]}'"
detreport_firstseen,detreport,firstseen,false,R5,minimax-m3,3,E1_end_to_end,D1,done_when,visible,E1,false,"AssertionError: expected '{""grand_total_cents"":1,""groups"":[{""category"":""x"",""count"":2,""events"":[""a"",""b""],""total_cents"":1}]}', got '{""grand_total_cents"": 1, ""groups"": [{""category"": ""x"", ""count"": 2, ""events"": [""a"", ""b""], ""total_cents"": 1}]}'"
detreport_firstseen,detreport,firstseen,false,R5,minimax-m3,3,E1_integer_cents,C1,constraint,visible,E1,false,"AssertionError: expected '{""grand_total_cents"":1,""groups"":[{""category"":""x"",""count"":2,""events"":[""a"",""b""],""total_cents"":1}]}', got '{""grand_total_cents"": 1, ""groups"": [{""category"": ""x"", ""count"": 2, ""events"": [""a"", ""b""], ""total_cents"": 1}]}'"
detreport_firstseen,detreport,firstseen,false,R5,minimax-m3,3,E2_group_order,R5,rule,visible,E2,false,"AssertionError: expected '{""grand_total_cents"":2,""groups"":[{""category"":""beta"",""count"":1,""events"":[""1""],""total_cents"":1},{""category"":""alpha"",""count"":1,""events"":[""2""],""total_cents"":1}]}', got '{""grand_total_cents"": 2, ""groups"": [{""category"": "
detreport_firstseen,detreport,firstseen,false,R5,minimax-m3,3,E3_unicode_json,R4,rule,visible,E3,false,"AssertionError: expected '{""grand_total_cents"":3,""groups"":[{""category"":""café"",""count"":1,""events"":[""u""],""total_cents"":3}]}', got '{""grand_total_cents"": 3, ""groups"": [{""category"": ""café"", ""count"": 1, ""events"": [""u""], ""total_cents"": 3}]}'"
detreport_firstseen,detreport,firstseen,false,R5,minimax-m3,3,E4_input_validation,R2,rule,visible,E4,true,
detreport_firstseen,detreport,firstseen,false,R5,minimax-m3,3,E4_report_error,X1,error,visible,E4,true,
detreport_firstseen,detreport,firstseen,false,R5,minimax-m3,3,E5_input_immutable,R6,rule,visible,E5,true,
detreport_firstseen,detreport,firstseen,false,R5,minimax-m3,3,E5_strict_determinism,S1,determinism_stable,visible,E5,true,
detreport_firstseen,detreport,firstseen,false,R5,minimax-m3,3,E6_cli,R7,rule,visible,E6,true,
detreport_firstseen,detreport,firstseen,false,R5,minimax-m3,3,E7_stdlib_dependencies,C1,constraint,visible,E7,true,
detreport_firstseen,detreport,firstseen,false,R5,minimax-m3,3,hidden_public_symbols,R1,rule,hidden,,false,AssertionError: check returned false
detreport_firstseen,detreport,firstseen,false,R5,minimax-m3,3,hidden_validation_matrix,R2,rule,hidden,,true,
detreport_firstseen,detreport,firstseen,false,R5,minimax-m3,3,hidden_multiple_groups,R3,rule,hidden,,false,"AssertionError: expected '{""grand_total_cents"":10,""groups"":[{""category"":""b"",""count"":2,""events"":[""b"",""c""],""total_cents"":12},{""category"":""a"",""count"":1,""events"":[""a""],""total_cents"":-2}]}', got '{""grand_total_cents"": 10, ""groups"": [{""category"":"
detreport_firstseen,detreport,firstseen,false,R5,minimax-m3,3,hidden_exact_compact_json,R4,rule,hidden,,false,"AssertionError: expected '{""grand_total_cents"":10,""groups"":[{""category"":""b"",""count"":2,""events"":[""b"",""c""],""total_cents"":12},{""category"":""a"",""count"":1,""events"":[""a""],""total_cents"":-2}]}', got '{""grand_total_cents"": 10, ""groups"": [{""category"":"
detreport_firstseen,detreport,firstseen,false,R5,minimax-m3,3,hidden_three_group_order,R5,rule,hidden,,false,"AssertionError: expected '{""grand_total_cents"":3,""groups"":[{""category"":""m"",""count"":1,""events"":[""0""],""total_cents"":0},{""category"":""z"",""count"":1,""events"":[""1""],""total_cents"":1},{""category"":""a"",""count"":1,""events"":[""2""],""total_cents"":2}]}', got"
detreport_firstseen,detreport,firstseen,false,R5,minimax-m3,3,hidden_grand_total_no_mutation,R6,rule,hidden,,true,
detreport_firstseen,detreport,firstseen,false,R5,minimax-m3,3,hidden_cli_contract,R7,rule,hidden,,true,
detreport_firstseen,detreport,firstseen,false,R5,minimax-m3,3,hidden_full_smoke,D1,done_when,hidden,,false,"AssertionError: expected '{""grand_total_cents"":10,""groups"":[{""category"":""b"",""count"":2,""events"":[""b"",""c""],""total_cents"":12},{""category"":""a"",""count"":1,""events"":[""a""],""total_cents"":-2}]}', got '{""grand_total_cents"": 10, ""groups"": [{""category"":"
detreport_firstseen,detreport,firstseen,false,R5,minimax-m3,3,hidden_integer_cents_stdlib,C1,constraint,hidden,,false,"AssertionError: expected '{""grand_total_cents"":1,""groups"":[{""category"":""x"",""count"":2,""events"":[""a"",""b""],""total_cents"":1}]}', got '{""grand_total_cents"": 1, ""groups"": [{""category"": ""x"", ""count"": 2, ""events"": [""a"", ""b""], ""total_cents"": 1}]}'"
detreport_firstseen,detreport,firstseen,false,R5,minimax-m3,3,hidden_byte_repeatability,S1,determinism_stable,hidden,,true,
detreport_firstseen,detreport,firstseen,false,R5,minimax-m3,3,hidden_error_atomicity,X1,error,hidden,,true,
detreport_firstseen,detreport,firstseen,false,R5,qwen3.7-max,1,E1_public_import,R1,rule,visible,E1,true,
detreport_firstseen,detreport,firstseen,false,R5,qwen3.7-max,1,E1_grouping,R3,rule,visible,E1,true,
detreport_firstseen,detreport,firstseen,false,R5,qwen3.7-max,1,E1_compact_schema,R4,rule,visible,E1,true,
detreport_firstseen,detreport,firstseen,false,R5,qwen3.7-max,1,E1_total_and_immutability,R6,rule,visible,E1,true,
detreport_firstseen,detreport,firstseen,false,R5,qwen3.7-max,1,E1_end_to_end,D1,done_when,visible,E1,true,
detreport_firstseen,detreport,firstseen,false,R5,qwen3.7-max,1,E1_integer_cents,C1,constraint,visible,E1,true,
detreport_firstseen,detreport,firstseen,false,R5,qwen3.7-max,1,E2_group_order,R5,rule,visible,E2,true,
detreport_firstseen,detreport,firstseen,false,R5,qwen3.7-max,1,E3_unicode_json,R4,rule,visible,E3,true,
detreport_firstseen,detreport,firstseen,false,R5,qwen3.7-max,1,E4_input_validation,R2,rule,visible,E4,true,
detreport_firstseen,detreport,firstseen,false,R5,qwen3.7-max,1,E4_report_error,X1,error,visible,E4,true,
detreport_firstseen,detreport,firstseen,false,R5,qwen3.7-max,1,E5_input_immutable,R6,rule,visible,E5,true,
detreport_firstseen,detreport,firstseen,false,R5,qwen3.7-max,1,E5_strict_determinism,S1,determinism_stable,visible,E5,true,
detreport_firstseen,detreport,firstseen,false,R5,qwen3.7-max,1,E6_cli,R7,rule,visible,E6,true,
detreport_firstseen,detreport,firstseen,false,R5,qwen3.7-max,1,E7_stdlib_dependencies,C1,constraint,visible,E7,true,
detreport_firstseen,detreport,firstseen,false,R5,qwen3.7-max,1,hidden_public_symbols,R1,rule,hidden,,false,AssertionError: check returned false
detreport_firstseen,detreport,firstseen,false,R5,qwen3.7-max,1,hidden_validation_matrix,R2,rule,hidden,,true,
detreport_firstseen,detreport,firstseen,false,R5,qwen3.7-max,1,hidden_multiple_groups,R3,rule,hidden,,true,
detreport_firstseen,detreport,firstseen,false,R5,qwen3.7-max,1,hidden_exact_compact_json,R4,rule,hidden,,true,
detreport_firstseen,detreport,firstseen,false,R5,qwen3.7-max,1,hidden_three_group_order,R5,rule,hidden,,true,
detreport_firstseen,detreport,firstseen,false,R5,qwen3.7-max,1,hidden_grand_total_no_mutation,R6,rule,hidden,,true,
detreport_firstseen,detreport,firstseen,false,R5,qwen3.7-max,1,hidden_cli_contract,R7,rule,hidden,,true,
detreport_firstseen,detreport,firstseen,false,R5,qwen3.7-max,1,hidden_full_smoke,D1,done_when,hidden,,true,
detreport_firstseen,detreport,firstseen,false,R5,qwen3.7-max,1,hidden_integer_cents_stdlib,C1,constraint,hidden,,true,
detreport_firstseen,detreport,firstseen,false,R5,qwen3.7-max,1,hidden_byte_repeatability,S1,determinism_stable,hidden,,true,
detreport_firstseen,detreport,firstseen,false,R5,qwen3.7-max,1,hidden_error_atomicity,X1,error,hidden,,true,
detreport_firstseen,detreport,firstseen,false,R5,qwen3.7-max,2,E1_public_import,R1,rule,visible,E1,true,
detreport_firstseen,detreport,firstseen,false,R5,qwen3.7-max,2,E1_grouping,R3,rule,visible,E1,true,
detreport_firstseen,detreport,firstseen,false,R5,qwen3.7-max,2,E1_compact_schema,R4,rule,visible,E1,true,
detreport_firstseen,detreport,firstseen,false,R5,qwen3.7-max,2,E1_total_and_immutability,R6,rule,visible,E1,true,
detreport_firstseen,detreport,firstseen,false,R5,qwen3.7-max,2,E1_end_to_end,D1,done_when,visible,E1,true,
detreport_firstseen,detreport,firstseen,false,R5,qwen3.7-max,2,E1_integer_cents,C1,constraint,visible,E1,true,
detreport_firstseen,detreport,firstseen,false,R5,qwen3.7-max,2,E2_group_order,R5,rule,visible,E2,true,
detreport_firstseen,detreport,firstseen,false,R5,qwen3.7-max,2,E3_unicode_json,R4,rule,visible,E3,true,
detreport_firstseen,detreport,firstseen,false,R5,qwen3.7-max,2,E4_input_validation,R2,rule,visible,E4,true,
detreport_firstseen,detreport,firstseen,false,R5,qwen3.7-max,2,E4_report_error,X1,error,visible,E4,true,
detreport_firstseen,detreport,firstseen,false,R5,qwen3.7-max,2,E5_input_immutable,R6,rule,visible,E5,true,
detreport_firstseen,detreport,firstseen,false,R5,qwen3.7-max,2,E5_strict_determinism,S1,determinism_stable,visible,E5,true,
detreport_firstseen,detreport,firstseen,false,R5,qwen3.7-max,2,E6_cli,R7,rule,visible,E6,true,
detreport_firstseen,detreport,firstseen,false,R5,qwen3.7-max,2,E7_stdlib_dependencies,C1,constraint,visible,E7,true,
detreport_firstseen,detreport,firstseen,false,R5,qwen3.7-max,2,hidden_public_symbols,R1,rule,hidden,,false,AssertionError: check returned false
detreport_firstseen,detreport,firstseen,false,R5,qwen3.7-max,2,hidden_validation_matrix,R2,rule,hidden,,true,
detreport_firstseen,detreport,firstseen,false,R5,qwen3.7-max,2,hidden_multiple_groups,R3,rule,hidden,,true,
detreport_firstseen,detreport,firstseen,false,R5,qwen3.7-max,2,hidden_exact_compact_json,R4,rule,hidden,,true,
detreport_firstseen,detreport,firstseen,false,R5,qwen3.7-max,2,hidden_three_group_order,R5,rule,hidden,,true,
detreport_firstseen,detreport,firstseen,false,R5,qwen3.7-max,2,hidden_grand_total_no_mutation,R6,rule,hidden,,true,
detreport_firstseen,detreport,firstseen,false,R5,qwen3.7-max,2,hidden_cli_contract,R7,rule,hidden,,true,
detreport_firstseen,detreport,firstseen,false,R5,qwen3.7-max,2,hidden_full_smoke,D1,done_when,hidden,,true,
detreport_firstseen,detreport,firstseen,false,R5,qwen3.7-max,2,hidden_integer_cents_stdlib,C1,constraint,hidden,,true,
detreport_firstseen,detreport,firstseen,false,R5,qwen3.7-max,2,hidden_byte_repeatability,S1,determinism_stable,hidden,,true,
detreport_firstseen,detreport,firstseen,false,R5,qwen3.7-max,2,hidden_error_atomicity,X1,error,hidden,,true,
detreport_firstseen,detreport,firstseen,false,R5,qwen3.7-max,3,E1_public_import,R1,rule,visible,E1,true,
detreport_firstseen,detreport,firstseen,false,R5,qwen3.7-max,3,E1_grouping,R3,rule,visible,E1,true,
detreport_firstseen,detreport,firstseen,false,R5,qwen3.7-max,3,E1_compact_schema,R4,rule,visible,E1,true,
detreport_firstseen,detreport,firstseen,false,R5,qwen3.7-max,3,E1_total_and_immutability,R6,rule,visible,E1,true,
detreport_firstseen,detreport,firstseen,false,R5,qwen3.7-max,3,E1_end_to_end,D1,done_when,visible,E1,true,
detreport_firstseen,detreport,firstseen,false,R5,qwen3.7-max,3,E1_integer_cents,C1,constraint,visible,E1,true,
detreport_firstseen,detreport,firstseen,false,R5,qwen3.7-max,3,E2_group_order,R5,rule,visible,E2,true,
detreport_firstseen,detreport,firstseen,false,R5,qwen3.7-max,3,E3_unicode_json,R4,rule,visible,E3,true,
detreport_firstseen,detreport,firstseen,false,R5,qwen3.7-max,3,E4_input_validation,R2,rule,visible,E4,true,
detreport_firstseen,detreport,firstseen,false,R5,qwen3.7-max,3,E4_report_error,X1,error,visible,E4,true,
detreport_firstseen,detreport,firstseen,false,R5,qwen3.7-max,3,E5_input_immutable,R6,rule,visible,E5,true,
detreport_firstseen,detreport,firstseen,false,R5,qwen3.7-max,3,E5_strict_determinism,S1,determinism_stable,visible,E5,true,
detreport_firstseen,detreport,firstseen,false,R5,qwen3.7-max,3,E6_cli,R7,rule,visible,E6,true,
detreport_firstseen,detreport,firstseen,false,R5,qwen3.7-max,3,E7_stdlib_dependencies,C1,constraint,visible,E7,true,
detreport_firstseen,detreport,firstseen,false,R5,qwen3.7-max,3,hidden_public_symbols,R1,rule,hidden,,false,AssertionError: check returned false
detreport_firstseen,detreport,firstseen,false,R5,qwen3.7-max,3,hidden_validation_matrix,R2,rule,hidden,,true,
detreport_firstseen,detreport,firstseen,false,R5,qwen3.7-max,3,hidden_multiple_groups,R3,rule,hidden,,true,
detreport_firstseen,detreport,firstseen,false,R5,qwen3.7-max,3,hidden_exact_compact_json,R4,rule,hidden,,true,
detreport_firstseen,detreport,firstseen,false,R5,qwen3.7-max,3,hidden_three_group_order,R5,rule,hidden,,true,
detreport_firstseen,detreport,firstseen,false,R5,qwen3.7-max,3,hidden_grand_total_no_mutation,R6,rule,hidden,,true,
detreport_firstseen,detreport,firstseen,false,R5,qwen3.7-max,3,hidden_cli_contract,R7,rule,hidden,,true,
detreport_firstseen,detreport,firstseen,false,R5,qwen3.7-max,3,hidden_full_smoke,D1,done_when,hidden,,true,
detreport_firstseen,detreport,firstseen,false,R5,qwen3.7-max,3,hidden_integer_cents_stdlib,C1,constraint,hidden,,true,
detreport_firstseen,detreport,firstseen,false,R5,qwen3.7-max,3,hidden_byte_repeatability,S1,determinism_stable,hidden,,true,
detreport_firstseen,detreport,firstseen,false,R5,qwen3.7-max,3,hidden_error_atomicity,X1,error,hidden,,true,
idledger_base,idledger,base,true,R5,glm-5.2,1,E1_public_import,R1,rule,visible,E1,true,
idledger_base,idledger,base,true,R5,glm-5.2,1,E1_initial_and_snapshot,R2,rule,visible,E1,true,
idledger_base,idledger,base,true,R5,glm-5.2,1,E1_apply_result,R3,rule,visible,E1,true,
idledger_base,idledger,base,true,R5,glm-5.2,1,E1_nonnegative_integer_balance,C1,constraint,visible,E1,true,
idledger_base,idledger,base,true,R5,glm-5.2,1,E1_end_to_end,D1,done_when,visible,E1,true,
idledger_base,idledger,base,true,R5,glm-5.2,1,E2_identical_idempotency,R4,rule,visible,E2,true,
idledger_base,idledger,base,true,R5,glm-5.2,1,E3_conflict_policy,R5,rule,visible,E3,true,
idledger_base,idledger,base,true,R5,glm-5.2,1,E4_insufficient_funds,R6,rule,visible,E4,true,
idledger_base,idledger,base,true,R5,glm-5.2,1,E4_insufficient_error,X1,error,visible,E4,true,
idledger_base,idledger,base,true,R5,glm-5.2,1,E5_invalid_atomicity,R7,rule,visible,E5,true,
idledger_base,idledger,base,true,R5,glm-5.2,1,E5_invalid_error,X2,error,visible,E5,true,
idledger_base,idledger,base,true,R5,glm-5.2,1,E6_concurrent_credits,R8,rule,visible,E6,true,
idledger_base,idledger,base,true,R5,glm-5.2,1,E7_stdlib_dependencies,C2,constraint,visible,E7,true,
idledger_base,idledger,base,true,R5,glm-5.2,1,hidden_public_symbols,R1,rule,hidden,,true,
idledger_base,idledger,base,true,R5,glm-5.2,1,hidden_initial_validation_copy,R2,rule,hidden,,false,"AssertionError: expected ValueError, no exception raised"
idledger_base,idledger,base,true,R5,glm-5.2,1,hidden_exact_command_result,R3,rule,hidden,,true,
idledger_base,idledger,base,true,R5,glm-5.2,1,hidden_duplicate_result_copy,R4,rule,hidden,,true,
idledger_base,idledger,base,true,R5,glm-5.2,1,hidden_conflict_policy,R5,rule,hidden,,true,
idledger_base,idledger,base,true,R5,glm-5.2,1,hidden_lastwins_rollback,R5,rule,hidden,,true,
idledger_base,idledger,base,true,R5,glm-5.2,1,hidden_failed_id_reusable,R6,rule,hidden,,true,
idledger_base,idledger,base,true,R5,glm-5.2,1,hidden_invalid_commands_atomic,R7,rule,hidden,,true,
idledger_base,idledger,base,true,R5,glm-5.2,1,hidden_concurrency,R8,rule,hidden,,true,
idledger_base,idledger,base,true,R5,glm-5.2,1,hidden_full_smoke,D1,done_when,hidden,,true,
idledger_base,idledger,base,true,R5,glm-5.2,1,hidden_no_negative_balance,C1,constraint,hidden,,true,
idledger_base,idledger,base,true,R5,glm-5.2,1,hidden_stdlib_only,C2,constraint,hidden,,true,
idledger_base,idledger,base,true,R5,glm-5.2,1,hidden_insufficient_type,X1,error,hidden,,true,
idledger_base,idledger,base,true,R5,glm-5.2,1,hidden_value_error_type,X2,error,hidden,,true,
idledger_base,idledger,base,true,R5,glm-5.2,2,E1_public_import,R1,rule,visible,E1,true,
idledger_base,idledger,base,true,R5,glm-5.2,2,E1_initial_and_snapshot,R2,rule,visible,E1,true,
idledger_base,idledger,base,true,R5,glm-5.2,2,E1_apply_result,R3,rule,visible,E1,true,
idledger_base,idledger,base,true,R5,glm-5.2,2,E1_nonnegative_integer_balance,C1,constraint,visible,E1,true,
idledger_base,idledger,base,true,R5,glm-5.2,2,E1_end_to_end,D1,done_when,visible,E1,true,
idledger_base,idledger,base,true,R5,glm-5.2,2,E2_identical_idempotency,R4,rule,visible,E2,true,
idledger_base,idledger,base,true,R5,glm-5.2,2,E3_conflict_policy,R5,rule,visible,E3,true,
idledger_base,idledger,base,true,R5,glm-5.2,2,E4_insufficient_funds,R6,rule,visible,E4,true,
idledger_base,idledger,base,true,R5,glm-5.2,2,E4_insufficient_error,X1,error,visible,E4,true,
idledger_base,idledger,base,true,R5,glm-5.2,2,E5_invalid_atomicity,R7,rule,visible,E5,true,
idledger_base,idledger,base,true,R5,glm-5.2,2,E5_invalid_error,X2,error,visible,E5,true,
idledger_base,idledger,base,true,R5,glm-5.2,2,E6_concurrent_credits,R8,rule,visible,E6,true,
idledger_base,idledger,base,true,R5,glm-5.2,2,E7_stdlib_dependencies,C2,constraint,visible,E7,true,
idledger_base,idledger,base,true,R5,glm-5.2,2,hidden_public_symbols,R1,rule,hidden,,true,
idledger_base,idledger,base,true,R5,glm-5.2,2,hidden_initial_validation_copy,R2,rule,hidden,,true,
idledger_base,idledger,base,true,R5,glm-5.2,2,hidden_exact_command_result,R3,rule,hidden,,true,
idledger_base,idledger,base,true,R5,glm-5.2,2,hidden_duplicate_result_copy,R4,rule,hidden,,true,
idledger_base,idledger,base,true,R5,glm-5.2,2,hidden_conflict_policy,R5,rule,hidden,,true,
idledger_base,idledger,base,true,R5,glm-5.2,2,hidden_lastwins_rollback,R5,rule,hidden,,true,
idledger_base,idledger,base,true,R5,glm-5.2,2,hidden_failed_id_reusable,R6,rule,hidden,,true,
idledger_base,idledger,base,true,R5,glm-5.2,2,hidden_invalid_commands_atomic,R7,rule,hidden,,true,
idledger_base,idledger,base,true,R5,glm-5.2,2,hidden_concurrency,R8,rule,hidden,,true,
idledger_base,idledger,base,true,R5,glm-5.2,2,hidden_full_smoke,D1,done_when,hidden,,true,
idledger_base,idledger,base,true,R5,glm-5.2,2,hidden_no_negative_balance,C1,constraint,hidden,,true,
idledger_base,idledger,base,true,R5,glm-5.2,2,hidden_stdlib_only,C2,constraint,hidden,,true,
idledger_base,idledger,base,true,R5,glm-5.2,2,hidden_insufficient_type,X1,error,hidden,,true,
idledger_base,idledger,base,true,R5,glm-5.2,2,hidden_value_error_type,X2,error,hidden,,true,
idledger_base,idledger,base,true,R5,glm-5.2,3,E1_public_import,R1,rule,visible,E1,true,
idledger_base,idledger,base,true,R5,glm-5.2,3,E1_initial_and_snapshot,R2,rule,visible,E1,true,
idledger_base,idledger,base,true,R5,glm-5.2,3,E1_apply_result,R3,rule,visible,E1,true,
idledger_base,idledger,base,true,R5,glm-5.2,3,E1_nonnegative_integer_balance,C1,constraint,visible,E1,true,
idledger_base,idledger,base,true,R5,glm-5.2,3,E1_end_to_end,D1,done_when,visible,E1,true,
idledger_base,idledger,base,true,R5,glm-5.2,3,E2_identical_idempotency,R4,rule,visible,E2,true,
idledger_base,idledger,base,true,R5,glm-5.2,3,E3_conflict_policy,R5,rule,visible,E3,true,
idledger_base,idledger,base,true,R5,glm-5.2,3,E4_insufficient_funds,R6,rule,visible,E4,true,
idledger_base,idledger,base,true,R5,glm-5.2,3,E4_insufficient_error,X1,error,visible,E4,true,
idledger_base,idledger,base,true,R5,glm-5.2,3,E5_invalid_atomicity,R7,rule,visible,E5,true,
idledger_base,idledger,base,true,R5,glm-5.2,3,E5_invalid_error,X2,error,visible,E5,true,
idledger_base,idledger,base,true,R5,glm-5.2,3,E6_concurrent_credits,R8,rule,visible,E6,true,
idledger_base,idledger,base,true,R5,glm-5.2,3,E7_stdlib_dependencies,C2,constraint,visible,E7,true,
idledger_base,idledger,base,true,R5,glm-5.2,3,hidden_public_symbols,R1,rule,hidden,,true,
idledger_base,idledger,base,true,R5,glm-5.2,3,hidden_initial_validation_copy,R2,rule,hidden,,false,"AssertionError: expected ValueError, no exception raised"
idledger_base,idledger,base,true,R5,glm-5.2,3,hidden_exact_command_result,R3,rule,hidden,,true,
idledger_base,idledger,base,true,R5,glm-5.2,3,hidden_duplicate_result_copy,R4,rule,hidden,,true,
idledger_base,idledger,base,true,R5,glm-5.2,3,hidden_conflict_policy,R5,rule,hidden,,true,
idledger_base,idledger,base,true,R5,glm-5.2,3,hidden_lastwins_rollback,R5,rule,hidden,,true,
idledger_base,idledger,base,true,R5,glm-5.2,3,hidden_failed_id_reusable,R6,rule,hidden,,true,
idledger_base,idledger,base,true,R5,glm-5.2,3,hidden_invalid_commands_atomic,R7,rule,hidden,,true,
idledger_base,idledger,base,true,R5,glm-5.2,3,hidden_concurrency,R8,rule,hidden,,true,
idledger_base,idledger,base,true,R5,glm-5.2,3,hidden_full_smoke,D1,done_when,hidden,,true,
idledger_base,idledger,base,true,R5,glm-5.2,3,hidden_no_negative_balance,C1,constraint,hidden,,true,
idledger_base,idledger,base,true,R5,glm-5.2,3,hidden_stdlib_only,C2,constraint,hidden,,true,
idledger_base,idledger,base,true,R5,glm-5.2,3,hidden_insufficient_type,X1,error,hidden,,true,
idledger_base,idledger,base,true,R5,glm-5.2,3,hidden_value_error_type,X2,error,hidden,,true,
idledger_base,idledger,base,true,R5,minimax-m3,1,E1_public_import,R1,rule,visible,E1,true,
idledger_base,idledger,base,true,R5,minimax-m3,1,E1_initial_and_snapshot,R2,rule,visible,E1,true,
idledger_base,idledger,base,true,R5,minimax-m3,1,E1_apply_result,R3,rule,visible,E1,true,
idledger_base,idledger,base,true,R5,minimax-m3,1,E1_nonnegative_integer_balance,C1,constraint,visible,E1,true,
idledger_base,idledger,base,true,R5,minimax-m3,1,E1_end_to_end,D1,done_when,visible,E1,true,
idledger_base,idledger,base,true,R5,minimax-m3,1,E2_identical_idempotency,R4,rule,visible,E2,true,
idledger_base,idledger,base,true,R5,minimax-m3,1,E3_conflict_policy,R5,rule,visible,E3,true,
idledger_base,idledger,base,true,R5,minimax-m3,1,E4_insufficient_funds,R6,rule,visible,E4,true,
idledger_base,idledger,base,true,R5,minimax-m3,1,E4_insufficient_error,X1,error,visible,E4,true,
idledger_base,idledger,base,true,R5,minimax-m3,1,E5_invalid_atomicity,R7,rule,visible,E5,true,
idledger_base,idledger,base,true,R5,minimax-m3,1,E5_invalid_error,X2,error,visible,E5,true,
idledger_base,idledger,base,true,R5,minimax-m3,1,E6_concurrent_credits,R8,rule,visible,E6,true,
idledger_base,idledger,base,true,R5,minimax-m3,1,E7_stdlib_dependencies,C2,constraint,visible,E7,true,
idledger_base,idledger,base,true,R5,minimax-m3,1,hidden_public_symbols,R1,rule,hidden,,true,
idledger_base,idledger,base,true,R5,minimax-m3,1,hidden_initial_validation_copy,R2,rule,hidden,,true,
idledger_base,idledger,base,true,R5,minimax-m3,1,hidden_exact_command_result,R3,rule,hidden,,false,ValueError: unknown account 'new'
idledger_base,idledger,base,true,R5,minimax-m3,1,hidden_duplicate_result_copy,R4,rule,hidden,,true,
idledger_base,idledger,base,true,R5,minimax-m3,1,hidden_conflict_policy,R5,rule,hidden,,true,
idledger_base,idledger,base,true,R5,minimax-m3,1,hidden_lastwins_rollback,R5,rule,hidden,,true,
idledger_base,idledger,base,true,R5,minimax-m3,1,hidden_failed_id_reusable,R6,rule,hidden,,true,
idledger_base,idledger,base,true,R5,minimax-m3,1,hidden_invalid_commands_atomic,R7,rule,hidden,,true,
idledger_base,idledger,base,true,R5,minimax-m3,1,hidden_concurrency,R8,rule,hidden,,true,
idledger_base,idledger,base,true,R5,minimax-m3,1,hidden_full_smoke,D1,done_when,hidden,,false,ValueError: unknown account 'new'
idledger_base,idledger,base,true,R5,minimax-m3,1,hidden_no_negative_balance,C1,constraint,hidden,,true,
idledger_base,idledger,base,true,R5,minimax-m3,1,hidden_stdlib_only,C2,constraint,hidden,,true,
idledger_base,idledger,base,true,R5,minimax-m3,1,hidden_insufficient_type,X1,error,hidden,,true,
idledger_base,idledger,base,true,R5,minimax-m3,1,hidden_value_error_type,X2,error,hidden,,true,
idledger_base,idledger,base,true,R5,minimax-m3,2,E1_public_import,R1,rule,visible,E1,true,
idledger_base,idledger,base,true,R5,minimax-m3,2,E1_initial_and_snapshot,R2,rule,visible,E1,true,
idledger_base,idledger,base,true,R5,minimax-m3,2,E1_apply_result,R3,rule,visible,E1,true,
idledger_base,idledger,base,true,R5,minimax-m3,2,E1_nonnegative_integer_balance,C1,constraint,visible,E1,true,
idledger_base,idledger,base,true,R5,minimax-m3,2,E1_end_to_end,D1,done_when,visible,E1,true,
idledger_base,idledger,base,true,R5,minimax-m3,2,E2_identical_idempotency,R4,rule,visible,E2,true,
idledger_base,idledger,base,true,R5,minimax-m3,2,E3_conflict_policy,R5,rule,visible,E3,true,
idledger_base,idledger,base,true,R5,minimax-m3,2,E4_insufficient_funds,R6,rule,visible,E4,true,
idledger_base,idledger,base,true,R5,minimax-m3,2,E4_insufficient_error,X1,error,visible,E4,true,
idledger_base,idledger,base,true,R5,minimax-m3,2,E5_invalid_atomicity,R7,rule,visible,E5,true,
idledger_base,idledger,base,true,R5,minimax-m3,2,E5_invalid_error,X2,error,visible,E5,true,
idledger_base,idledger,base,true,R5,minimax-m3,2,E6_concurrent_credits,R8,rule,visible,E6,true,
idledger_base,idledger,base,true,R5,minimax-m3,2,E7_stdlib_dependencies,C2,constraint,visible,E7,true,
idledger_base,idledger,base,true,R5,minimax-m3,2,hidden_public_symbols,R1,rule,hidden,,true,
idledger_base,idledger,base,true,R5,minimax-m3,2,hidden_initial_validation_copy,R2,rule,hidden,,true,
idledger_base,idledger,base,true,R5,minimax-m3,2,hidden_exact_command_result,R3,rule,hidden,,true,
idledger_base,idledger,base,true,R5,minimax-m3,2,hidden_duplicate_result_copy,R4,rule,hidden,,true,
idledger_base,idledger,base,true,R5,minimax-m3,2,hidden_conflict_policy,R5,rule,hidden,,true,
idledger_base,idledger,base,true,R5,minimax-m3,2,hidden_lastwins_rollback,R5,rule,hidden,,true,
idledger_base,idledger,base,true,R5,minimax-m3,2,hidden_failed_id_reusable,R6,rule,hidden,,true,
idledger_base,idledger,base,true,R5,minimax-m3,2,hidden_invalid_commands_atomic,R7,rule,hidden,,true,
idledger_base,idledger,base,true,R5,minimax-m3,2,hidden_concurrency,R8,rule,hidden,,true,
idledger_base,idledger,base,true,R5,minimax-m3,2,hidden_full_smoke,D1,done_when,hidden,,true,
idledger_base,idledger,base,true,R5,minimax-m3,2,hidden_no_negative_balance,C1,constraint,hidden,,true,
idledger_base,idledger,base,true,R5,minimax-m3,2,hidden_stdlib_only,C2,constraint,hidden,,true,
idledger_base,idledger,base,true,R5,minimax-m3,2,hidden_insufficient_type,X1,error,hidden,,true,
idledger_base,idledger,base,true,R5,minimax-m3,2,hidden_value_error_type,X2,error,hidden,,true,
idledger_base,idledger,base,true,R5,minimax-m3,3,E1_public_import,R1,rule,visible,E1,true,
idledger_base,idledger,base,true,R5,minimax-m3,3,E1_initial_and_snapshot,R2,rule,visible,E1,true,
idledger_base,idledger,base,true,R5,minimax-m3,3,E1_apply_result,R3,rule,visible,E1,true,
idledger_base,idledger,base,true,R5,minimax-m3,3,E1_nonnegative_integer_balance,C1,constraint,visible,E1,true,
idledger_base,idledger,base,true,R5,minimax-m3,3,E1_end_to_end,D1,done_when,visible,E1,true,
idledger_base,idledger,base,true,R5,minimax-m3,3,E2_identical_idempotency,R4,rule,visible,E2,true,
idledger_base,idledger,base,true,R5,minimax-m3,3,E3_conflict_policy,R5,rule,visible,E3,true,
idledger_base,idledger,base,true,R5,minimax-m3,3,E4_insufficient_funds,R6,rule,visible,E4,true,
idledger_base,idledger,base,true,R5,minimax-m3,3,E4_insufficient_error,X1,error,visible,E4,true,
idledger_base,idledger,base,true,R5,minimax-m3,3,E5_invalid_atomicity,R7,rule,visible,E5,true,
idledger_base,idledger,base,true,R5,minimax-m3,3,E5_invalid_error,X2,error,visible,E5,true,
idledger_base,idledger,base,true,R5,minimax-m3,3,E6_concurrent_credits,R8,rule,visible,E6,true,
idledger_base,idledger,base,true,R5,minimax-m3,3,E7_stdlib_dependencies,C2,constraint,visible,E7,true,
idledger_base,idledger,base,true,R5,minimax-m3,3,hidden_public_symbols,R1,rule,hidden,,true,
idledger_base,idledger,base,true,R5,minimax-m3,3,hidden_initial_validation_copy,R2,rule,hidden,,true,
idledger_base,idledger,base,true,R5,minimax-m3,3,hidden_exact_command_result,R3,rule,hidden,,true,
idledger_base,idledger,base,true,R5,minimax-m3,3,hidden_duplicate_result_copy,R4,rule,hidden,,true,
idledger_base,idledger,base,true,R5,minimax-m3,3,hidden_conflict_policy,R5,rule,hidden,,true,
idledger_base,idledger,base,true,R5,minimax-m3,3,hidden_lastwins_rollback,R5,rule,hidden,,true,
idledger_base,idledger,base,true,R5,minimax-m3,3,hidden_failed_id_reusable,R6,rule,hidden,,true,
idledger_base,idledger,base,true,R5,minimax-m3,3,hidden_invalid_commands_atomic,R7,rule,hidden,,true,
idledger_base,idledger,base,true,R5,minimax-m3,3,hidden_concurrency,R8,rule,hidden,,true,
idledger_base,idledger,base,true,R5,minimax-m3,3,hidden_full_smoke,D1,done_when,hidden,,true,
idledger_base,idledger,base,true,R5,minimax-m3,3,hidden_no_negative_balance,C1,constraint,hidden,,true,
idledger_base,idledger,base,true,R5,minimax-m3,3,hidden_stdlib_only,C2,constraint,hidden,,true,
idledger_base,idledger,base,true,R5,minimax-m3,3,hidden_insufficient_type,X1,error,hidden,,true,
idledger_base,idledger,base,true,R5,minimax-m3,3,hidden_value_error_type,X2,error,hidden,,true,
idledger_base,idledger,base,true,R5,qwen3.7-max,1,E1_public_import,R1,rule,visible,E1,true,
idledger_base,idledger,base,true,R5,qwen3.7-max,1,E1_initial_and_snapshot,R2,rule,visible,E1,true,
idledger_base,idledger,base,true,R5,qwen3.7-max,1,E1_apply_result,R3,rule,visible,E1,true,
idledger_base,idledger,base,true,R5,qwen3.7-max,1,E1_nonnegative_integer_balance,C1,constraint,visible,E1,true,
idledger_base,idledger,base,true,R5,qwen3.7-max,1,E1_end_to_end,D1,done_when,visible,E1,true,
idledger_base,idledger,base,true,R5,qwen3.7-max,1,E2_identical_idempotency,R4,rule,visible,E2,true,
idledger_base,idledger,base,true,R5,qwen3.7-max,1,E3_conflict_policy,R5,rule,visible,E3,true,
idledger_base,idledger,base,true,R5,qwen3.7-max,1,E4_insufficient_funds,R6,rule,visible,E4,true,
idledger_base,idledger,base,true,R5,qwen3.7-max,1,E4_insufficient_error,X1,error,visible,E4,true,
idledger_base,idledger,base,true,R5,qwen3.7-max,1,E5_invalid_atomicity,R7,rule,visible,E5,true,
idledger_base,idledger,base,true,R5,qwen3.7-max,1,E5_invalid_error,X2,error,visible,E5,true,
idledger_base,idledger,base,true,R5,qwen3.7-max,1,E6_concurrent_credits,R8,rule,visible,E6,true,
idledger_base,idledger,base,true,R5,qwen3.7-max,1,E7_stdlib_dependencies,C2,constraint,visible,E7,true,
idledger_base,idledger,base,true,R5,qwen3.7-max,1,hidden_public_symbols,R1,rule,hidden,,true,
idledger_base,idledger,base,true,R5,qwen3.7-max,1,hidden_initial_validation_copy,R2,rule,hidden,,true,
idledger_base,idledger,base,true,R5,qwen3.7-max,1,hidden_exact_command_result,R3,rule,hidden,,false,ValueError: account 'new' does not exist
idledger_base,idledger,base,true,R5,qwen3.7-max,1,hidden_duplicate_result_copy,R4,rule,hidden,,true,
idledger_base,idledger,base,true,R5,qwen3.7-max,1,hidden_conflict_policy,R5,rule,hidden,,true,
idledger_base,idledger,base,true,R5,qwen3.7-max,1,hidden_lastwins_rollback,R5,rule,hidden,,true,
idledger_base,idledger,base,true,R5,qwen3.7-max,1,hidden_failed_id_reusable,R6,rule,hidden,,true,
idledger_base,idledger,base,true,R5,qwen3.7-max,1,hidden_invalid_commands_atomic,R7,rule,hidden,,true,
idledger_base,idledger,base,true,R5,qwen3.7-max,1,hidden_concurrency,R8,rule,hidden,,true,
idledger_base,idledger,base,true,R5,qwen3.7-max,1,hidden_full_smoke,D1,done_when,hidden,,false,ValueError: account 'new' does not exist
idledger_base,idledger,base,true,R5,qwen3.7-max,1,hidden_no_negative_balance,C1,constraint,hidden,,true,
idledger_base,idledger,base,true,R5,qwen3.7-max,1,hidden_stdlib_only,C2,constraint,hidden,,true,
idledger_base,idledger,base,true,R5,qwen3.7-max,1,hidden_insufficient_type,X1,error,hidden,,true,
idledger_base,idledger,base,true,R5,qwen3.7-max,1,hidden_value_error_type,X2,error,hidden,,true,
idledger_base,idledger,base,true,R5,qwen3.7-max,2,E1_public_import,R1,rule,visible,E1,true,
idledger_base,idledger,base,true,R5,qwen3.7-max,2,E1_initial_and_snapshot,R2,rule,visible,E1,true,
idledger_base,idledger,base,true,R5,qwen3.7-max,2,E1_apply_result,R3,rule,visible,E1,true,
idledger_base,idledger,base,true,R5,qwen3.7-max,2,E1_nonnegative_integer_balance,C1,constraint,visible,E1,true,
idledger_base,idledger,base,true,R5,qwen3.7-max,2,E1_end_to_end,D1,done_when,visible,E1,true,
idledger_base,idledger,base,true,R5,qwen3.7-max,2,E2_identical_idempotency,R4,rule,visible,E2,true,
idledger_base,idledger,base,true,R5,qwen3.7-max,2,E3_conflict_policy,R5,rule,visible,E3,true,
idledger_base,idledger,base,true,R5,qwen3.7-max,2,E4_insufficient_funds,R6,rule,visible,E4,true,
idledger_base,idledger,base,true,R5,qwen3.7-max,2,E4_insufficient_error,X1,error,visible,E4,true,
idledger_base,idledger,base,true,R5,qwen3.7-max,2,E5_invalid_atomicity,R7,rule,visible,E5,true,
idledger_base,idledger,base,true,R5,qwen3.7-max,2,E5_invalid_error,X2,error,visible,E5,true,
idledger_base,idledger,base,true,R5,qwen3.7-max,2,E6_concurrent_credits,R8,rule,visible,E6,true,
idledger_base,idledger,base,true,R5,qwen3.7-max,2,E7_stdlib_dependencies,C2,constraint,visible,E7,true,
idledger_base,idledger,base,true,R5,qwen3.7-max,2,hidden_public_symbols,R1,rule,hidden,,true,
idledger_base,idledger,base,true,R5,qwen3.7-max,2,hidden_initial_validation_copy,R2,rule,hidden,,true,
idledger_base,idledger,base,true,R5,qwen3.7-max,2,hidden_exact_command_result,R3,rule,hidden,,false,ValueError: account 'new' does not exist
idledger_base,idledger,base,true,R5,qwen3.7-max,2,hidden_duplicate_result_copy,R4,rule,hidden,,true,
idledger_base,idledger,base,true,R5,qwen3.7-max,2,hidden_conflict_policy,R5,rule,hidden,,true,
idledger_base,idledger,base,true,R5,qwen3.7-max,2,hidden_lastwins_rollback,R5,rule,hidden,,true,
idledger_base,idledger,base,true,R5,qwen3.7-max,2,hidden_failed_id_reusable,R6,rule,hidden,,true,
idledger_base,idledger,base,true,R5,qwen3.7-max,2,hidden_invalid_commands_atomic,R7,rule,hidden,,true,
idledger_base,idledger,base,true,R5,qwen3.7-max,2,hidden_concurrency,R8,rule,hidden,,true,
idledger_base,idledger,base,true,R5,qwen3.7-max,2,hidden_full_smoke,D1,done_when,hidden,,false,ValueError: account 'new' does not exist
idledger_base,idledger,base,true,R5,qwen3.7-max,2,hidden_no_negative_balance,C1,constraint,hidden,,true,
idledger_base,idledger,base,true,R5,qwen3.7-max,2,hidden_stdlib_only,C2,constraint,hidden,,true,
idledger_base,idledger,base,true,R5,qwen3.7-max,2,hidden_insufficient_type,X1,error,hidden,,true,
idledger_base,idledger,base,true,R5,qwen3.7-max,2,hidden_value_error_type,X2,error,hidden,,true,
idledger_base,idledger,base,true,R5,qwen3.7-max,3,E1_public_import,R1,rule,visible,E1,true,
idledger_base,idledger,base,true,R5,qwen3.7-max,3,E1_initial_and_snapshot,R2,rule,visible,E1,true,
idledger_base,idledger,base,true,R5,qwen3.7-max,3,E1_apply_result,R3,rule,visible,E1,true,
idledger_base,idledger,base,true,R5,qwen3.7-max,3,E1_nonnegative_integer_balance,C1,constraint,visible,E1,true,
idledger_base,idledger,base,true,R5,qwen3.7-max,3,E1_end_to_end,D1,done_when,visible,E1,true,
idledger_base,idledger,base,true,R5,qwen3.7-max,3,E2_identical_idempotency,R4,rule,visible,E2,true,
idledger_base,idledger,base,true,R5,qwen3.7-max,3,E3_conflict_policy,R5,rule,visible,E3,true,
idledger_base,idledger,base,true,R5,qwen3.7-max,3,E4_insufficient_funds,R6,rule,visible,E4,true,
idledger_base,idledger,base,true,R5,qwen3.7-max,3,E4_insufficient_error,X1,error,visible,E4,true,
idledger_base,idledger,base,true,R5,qwen3.7-max,3,E5_invalid_atomicity,R7,rule,visible,E5,true,
idledger_base,idledger,base,true,R5,qwen3.7-max,3,E5_invalid_error,X2,error,visible,E5,true,
idledger_base,idledger,base,true,R5,qwen3.7-max,3,E6_concurrent_credits,R8,rule,visible,E6,true,
idledger_base,idledger,base,true,R5,qwen3.7-max,3,E7_stdlib_dependencies,C2,constraint,visible,E7,true,
idledger_base,idledger,base,true,R5,qwen3.7-max,3,hidden_public_symbols,R1,rule,hidden,,true,
idledger_base,idledger,base,true,R5,qwen3.7-max,3,hidden_initial_validation_copy,R2,rule,hidden,,true,
idledger_base,idledger,base,true,R5,qwen3.7-max,3,hidden_exact_command_result,R3,rule,hidden,,true,
idledger_base,idledger,base,true,R5,qwen3.7-max,3,hidden_duplicate_result_copy,R4,rule,hidden,,true,
idledger_base,idledger,base,true,R5,qwen3.7-max,3,hidden_conflict_policy,R5,rule,hidden,,true,
idledger_base,idledger,base,true,R5,qwen3.7-max,3,hidden_lastwins_rollback,R5,rule,hidden,,true,
idledger_base,idledger,base,true,R5,qwen3.7-max,3,hidden_failed_id_reusable,R6,rule,hidden,,true,
idledger_base,idledger,base,true,R5,qwen3.7-max,3,hidden_invalid_commands_atomic,R7,rule,hidden,,true,
idledger_base,idledger,base,true,R5,qwen3.7-max,3,hidden_concurrency,R8,rule,hidden,,true,
idledger_base,idledger,base,true,R5,qwen3.7-max,3,hidden_full_smoke,D1,done_when,hidden,,true,
idledger_base,idledger,base,true,R5,qwen3.7-max,3,hidden_no_negative_balance,C1,constraint,hidden,,true,
idledger_base,idledger,base,true,R5,qwen3.7-max,3,hidden_stdlib_only,C2,constraint,hidden,,true,
idledger_base,idledger,base,true,R5,qwen3.7-max,3,hidden_insufficient_type,X1,error,hidden,,true,
idledger_base,idledger,base,true,R5,qwen3.7-max,3,hidden_value_error_type,X2,error,hidden,,true,
idledger_firstwins,idledger,firstwins,false,R5,glm-5.2,1,E1_public_import,R1,rule,visible,E1,true,
idledger_firstwins,idledger,firstwins,false,R5,glm-5.2,1,E1_initial_and_snapshot,R2,rule,visible,E1,true,
idledger_firstwins,idledger,firstwins,false,R5,glm-5.2,1,E1_apply_result,R3,rule,visible,E1,true,
idledger_firstwins,idledger,firstwins,false,R5,glm-5.2,1,E1_nonnegative_integer_balance,C1,constraint,visible,E1,true,
idledger_firstwins,idledger,firstwins,false,R5,glm-5.2,1,E1_end_to_end,D1,done_when,visible,E1,true,
idledger_firstwins,idledger,firstwins,false,R5,glm-5.2,1,E2_identical_idempotency,R4,rule,visible,E2,true,
idledger_firstwins,idledger,firstwins,false,R5,glm-5.2,1,E3_conflict_policy,R5,rule,visible,E3,true,
idledger_firstwins,idledger,firstwins,false,R5,glm-5.2,1,E4_insufficient_funds,R6,rule,visible,E4,true,
idledger_firstwins,idledger,firstwins,false,R5,glm-5.2,1,E4_insufficient_error,X1,error,visible,E4,true,
idledger_firstwins,idledger,firstwins,false,R5,glm-5.2,1,E5_invalid_atomicity,R7,rule,visible,E5,true,
idledger_firstwins,idledger,firstwins,false,R5,glm-5.2,1,E5_invalid_error,X2,error,visible,E5,true,
idledger_firstwins,idledger,firstwins,false,R5,glm-5.2,1,E6_concurrent_credits,R8,rule,visible,E6,true,
idledger_firstwins,idledger,firstwins,false,R5,glm-5.2,1,E7_stdlib_dependencies,C2,constraint,visible,E7,true,
idledger_firstwins,idledger,firstwins,false,R5,glm-5.2,1,hidden_public_symbols,R1,rule,hidden,,true,
idledger_firstwins,idledger,firstwins,false,R5,glm-5.2,1,hidden_initial_validation_copy,R2,rule,hidden,,true,
idledger_firstwins,idledger,firstwins,false,R5,glm-5.2,1,hidden_exact_command_result,R3,rule,hidden,,true,
idledger_firstwins,idledger,firstwins,false,R5,glm-5.2,1,hidden_duplicate_result_copy,R4,rule,hidden,,true,
idledger_firstwins,idledger,firstwins,false,R5,glm-5.2,1,hidden_conflict_policy,R5,rule,hidden,,true,
idledger_firstwins,idledger,firstwins,false,R5,glm-5.2,1,hidden_lastwins_rollback,R5,rule,hidden,,true,
idledger_firstwins,idledger,firstwins,false,R5,glm-5.2,1,hidden_failed_id_reusable,R6,rule,hidden,,true,
idledger_firstwins,idledger,firstwins,false,R5,glm-5.2,1,hidden_invalid_commands_atomic,R7,rule,hidden,,true,
idledger_firstwins,idledger,firstwins,false,R5,glm-5.2,1,hidden_concurrency,R8,rule,hidden,,true,
idledger_firstwins,idledger,firstwins,false,R5,glm-5.2,1,hidden_full_smoke,D1,done_when,hidden,,true,
idledger_firstwins,idledger,firstwins,false,R5,glm-5.2,1,hidden_no_negative_balance,C1,constraint,hidden,,true,
idledger_firstwins,idledger,firstwins,false,R5,glm-5.2,1,hidden_stdlib_only,C2,constraint,hidden,,true,
idledger_firstwins,idledger,firstwins,false,R5,glm-5.2,1,hidden_insufficient_type,X1,error,hidden,,true,
idledger_firstwins,idledger,firstwins,false,R5,glm-5.2,1,hidden_value_error_type,X2,error,hidden,,true,
idledger_firstwins,idledger,firstwins,false,R5,glm-5.2,2,E1_public_import,R1,rule,visible,E1,true,
idledger_firstwins,idledger,firstwins,false,R5,glm-5.2,2,E1_initial_and_snapshot,R2,rule,visible,E1,true,
idledger_firstwins,idledger,firstwins,false,R5,glm-5.2,2,E1_apply_result,R3,rule,visible,E1,true,
idledger_firstwins,idledger,firstwins,false,R5,glm-5.2,2,E1_nonnegative_integer_balance,C1,constraint,visible,E1,true,
idledger_firstwins,idledger,firstwins,false,R5,glm-5.2,2,E1_end_to_end,D1,done_when,visible,E1,true,
idledger_firstwins,idledger,firstwins,false,R5,glm-5.2,2,E2_identical_idempotency,R4,rule,visible,E2,true,
idledger_firstwins,idledger,firstwins,false,R5,glm-5.2,2,E3_conflict_policy,R5,rule,visible,E3,true,
idledger_firstwins,idledger,firstwins,false,R5,glm-5.2,2,E4_insufficient_funds,R6,rule,visible,E4,true,
idledger_firstwins,idledger,firstwins,false,R5,glm-5.2,2,E4_insufficient_error,X1,error,visible,E4,true,
idledger_firstwins,idledger,firstwins,false,R5,glm-5.2,2,E5_invalid_atomicity,R7,rule,visible,E5,true,
idledger_firstwins,idledger,firstwins,false,R5,glm-5.2,2,E5_invalid_error,X2,error,visible,E5,true,
idledger_firstwins,idledger,firstwins,false,R5,glm-5.2,2,E6_concurrent_credits,R8,rule,visible,E6,true,
idledger_firstwins,idledger,firstwins,false,R5,glm-5.2,2,E7_stdlib_dependencies,C2,constraint,visible,E7,true,
idledger_firstwins,idledger,firstwins,false,R5,glm-5.2,2,hidden_public_symbols,R1,rule,hidden,,true,
idledger_firstwins,idledger,firstwins,false,R5,glm-5.2,2,hidden_initial_validation_copy,R2,rule,hidden,,true,
idledger_firstwins,idledger,firstwins,false,R5,glm-5.2,2,hidden_exact_command_result,R3,rule,hidden,,true,
idledger_firstwins,idledger,firstwins,false,R5,glm-5.2,2,hidden_duplicate_result_copy,R4,rule,hidden,,true,
idledger_firstwins,idledger,firstwins,false,R5,glm-5.2,2,hidden_conflict_policy,R5,rule,hidden,,true,
idledger_firstwins,idledger,firstwins,false,R5,glm-5.2,2,hidden_lastwins_rollback,R5,rule,hidden,,true,
idledger_firstwins,idledger,firstwins,false,R5,glm-5.2,2,hidden_failed_id_reusable,R6,rule,hidden,,true,
idledger_firstwins,idledger,firstwins,false,R5,glm-5.2,2,hidden_invalid_commands_atomic,R7,rule,hidden,,true,
idledger_firstwins,idledger,firstwins,false,R5,glm-5.2,2,hidden_concurrency,R8,rule,hidden,,true,
idledger_firstwins,idledger,firstwins,false,R5,glm-5.2,2,hidden_full_smoke,D1,done_when,hidden,,true,
idledger_firstwins,idledger,firstwins,false,R5,glm-5.2,2,hidden_no_negative_balance,C1,constraint,hidden,,true,
idledger_firstwins,idledger,firstwins,false,R5,glm-5.2,2,hidden_stdlib_only,C2,constraint,hidden,,true,
idledger_firstwins,idledger,firstwins,false,R5,glm-5.2,2,hidden_insufficient_type,X1,error,hidden,,true,
idledger_firstwins,idledger,firstwins,false,R5,glm-5.2,2,hidden_value_error_type,X2,error,hidden,,true,
idledger_firstwins,idledger,firstwins,false,R5,glm-5.2,3,E1_public_import,R1,rule,visible,E1,true,
idledger_firstwins,idledger,firstwins,false,R5,glm-5.2,3,E1_initial_and_snapshot,R2,rule,visible,E1,true,
idledger_firstwins,idledger,firstwins,false,R5,glm-5.2,3,E1_apply_result,R3,rule,visible,E1,true,
idledger_firstwins,idledger,firstwins,false,R5,glm-5.2,3,E1_nonnegative_integer_balance,C1,constraint,visible,E1,true,
idledger_firstwins,idledger,firstwins,false,R5,glm-5.2,3,E1_end_to_end,D1,done_when,visible,E1,true,
idledger_firstwins,idledger,firstwins,false,R5,glm-5.2,3,E2_identical_idempotency,R4,rule,visible,E2,true,
idledger_firstwins,idledger,firstwins,false,R5,glm-5.2,3,E3_conflict_policy,R5,rule,visible,E3,true,
idledger_firstwins,idledger,firstwins,false,R5,glm-5.2,3,E4_insufficient_funds,R6,rule,visible,E4,true,
idledger_firstwins,idledger,firstwins,false,R5,glm-5.2,3,E4_insufficient_error,X1,error,visible,E4,true,
idledger_firstwins,idledger,firstwins,false,R5,glm-5.2,3,E5_invalid_atomicity,R7,rule,visible,E5,true,
idledger_firstwins,idledger,firstwins,false,R5,glm-5.2,3,E5_invalid_error,X2,error,visible,E5,true,
idledger_firstwins,idledger,firstwins,false,R5,glm-5.2,3,E6_concurrent_credits,R8,rule,visible,E6,true,
idledger_firstwins,idledger,firstwins,false,R5,glm-5.2,3,E7_stdlib_dependencies,C2,constraint,visible,E7,true,
idledger_firstwins,idledger,firstwins,false,R5,glm-5.2,3,hidden_public_symbols,R1,rule,hidden,,true,
idledger_firstwins,idledger,firstwins,false,R5,glm-5.2,3,hidden_initial_validation_copy,R2,rule,hidden,,false,"AssertionError: expected ValueError, no exception raised"
idledger_firstwins,idledger,firstwins,false,R5,glm-5.2,3,hidden_exact_command_result,R3,rule,hidden,,true,
idledger_firstwins,idledger,firstwins,false,R5,glm-5.2,3,hidden_duplicate_result_copy,R4,rule,hidden,,true,
idledger_firstwins,idledger,firstwins,false,R5,glm-5.2,3,hidden_conflict_policy,R5,rule,hidden,,true,
idledger_firstwins,idledger,firstwins,false,R5,glm-5.2,3,hidden_lastwins_rollback,R5,rule,hidden,,true,
idledger_firstwins,idledger,firstwins,false,R5,glm-5.2,3,hidden_failed_id_reusable,R6,rule,hidden,,true,
idledger_firstwins,idledger,firstwins,false,R5,glm-5.2,3,hidden_invalid_commands_atomic,R7,rule,hidden,,true,
idledger_firstwins,idledger,firstwins,false,R5,glm-5.2,3,hidden_concurrency,R8,rule,hidden,,true,
idledger_firstwins,idledger,firstwins,false,R5,glm-5.2,3,hidden_full_smoke,D1,done_when,hidden,,true,
idledger_firstwins,idledger,firstwins,false,R5,glm-5.2,3,hidden_no_negative_balance,C1,constraint,hidden,,true,
idledger_firstwins,idledger,firstwins,false,R5,glm-5.2,3,hidden_stdlib_only,C2,constraint,hidden,,true,
idledger_firstwins,idledger,firstwins,false,R5,glm-5.2,3,hidden_insufficient_type,X1,error,hidden,,true,
idledger_firstwins,idledger,firstwins,false,R5,glm-5.2,3,hidden_value_error_type,X2,error,hidden,,true,
idledger_firstwins,idledger,firstwins,false,R5,minimax-m3,1,E1_public_import,R1,rule,visible,E1,true,
idledger_firstwins,idledger,firstwins,false,R5,minimax-m3,1,E1_initial_and_snapshot,R2,rule,visible,E1,true,
idledger_firstwins,idledger,firstwins,false,R5,minimax-m3,1,E1_apply_result,R3,rule,visible,E1,true,
idledger_firstwins,idledger,firstwins,false,R5,minimax-m3,1,E1_nonnegative_integer_balance,C1,constraint,visible,E1,true,
idledger_firstwins,idledger,firstwins,false,R5,minimax-m3,1,E1_end_to_end,D1,done_when,visible,E1,true,
idledger_firstwins,idledger,firstwins,false,R5,minimax-m3,1,E2_identical_idempotency,R4,rule,visible,E2,true,
idledger_firstwins,idledger,firstwins,false,R5,minimax-m3,1,E3_conflict_policy,R5,rule,visible,E3,true,
idledger_firstwins,idledger,firstwins,false,R5,minimax-m3,1,E4_insufficient_funds,R6,rule,visible,E4,true,
idledger_firstwins,idledger,firstwins,false,R5,minimax-m3,1,E4_insufficient_error,X1,error,visible,E4,true,
idledger_firstwins,idledger,firstwins,false,R5,minimax-m3,1,E5_invalid_atomicity,R7,rule,visible,E5,true,
idledger_firstwins,idledger,firstwins,false,R5,minimax-m3,1,E5_invalid_error,X2,error,visible,E5,true,
idledger_firstwins,idledger,firstwins,false,R5,minimax-m3,1,E6_concurrent_credits,R8,rule,visible,E6,true,
idledger_firstwins,idledger,firstwins,false,R5,minimax-m3,1,E7_stdlib_dependencies,C2,constraint,visible,E7,true,
idledger_firstwins,idledger,firstwins,false,R5,minimax-m3,1,hidden_public_symbols,R1,rule,hidden,,true,
idledger_firstwins,idledger,firstwins,false,R5,minimax-m3,1,hidden_initial_validation_copy,R2,rule,hidden,,true,
idledger_firstwins,idledger,firstwins,false,R5,minimax-m3,1,hidden_exact_command_result,R3,rule,hidden,,true,
idledger_firstwins,idledger,firstwins,false,R5,minimax-m3,1,hidden_duplicate_result_copy,R4,rule,hidden,,true,
idledger_firstwins,idledger,firstwins,false,R5,minimax-m3,1,hidden_conflict_policy,R5,rule,hidden,,true,
idledger_firstwins,idledger,firstwins,false,R5,minimax-m3,1,hidden_lastwins_rollback,R5,rule,hidden,,true,
idledger_firstwins,idledger,firstwins,false,R5,minimax-m3,1,hidden_failed_id_reusable,R6,rule,hidden,,true,
idledger_firstwins,idledger,firstwins,false,R5,minimax-m3,1,hidden_invalid_commands_atomic,R7,rule,hidden,,true,
idledger_firstwins,idledger,firstwins,false,R5,minimax-m3,1,hidden_concurrency,R8,rule,hidden,,true,
idledger_firstwins,idledger,firstwins,false,R5,minimax-m3,1,hidden_full_smoke,D1,done_when,hidden,,true,
idledger_firstwins,idledger,firstwins,false,R5,minimax-m3,1,hidden_no_negative_balance,C1,constraint,hidden,,true,
idledger_firstwins,idledger,firstwins,false,R5,minimax-m3,1,hidden_stdlib_only,C2,constraint,hidden,,true,
idledger_firstwins,idledger,firstwins,false,R5,minimax-m3,1,hidden_insufficient_type,X1,error,hidden,,true,
idledger_firstwins,idledger,firstwins,false,R5,minimax-m3,1,hidden_value_error_type,X2,error,hidden,,true,
idledger_firstwins,idledger,firstwins,false,R5,minimax-m3,2,E1_public_import,R1,rule,visible,E1,true,
idledger_firstwins,idledger,firstwins,false,R5,minimax-m3,2,E1_initial_and_snapshot,R2,rule,visible,E1,true,
idledger_firstwins,idledger,firstwins,false,R5,minimax-m3,2,E1_apply_result,R3,rule,visible,E1,true,
idledger_firstwins,idledger,firstwins,false,R5,minimax-m3,2,E1_nonnegative_integer_balance,C1,constraint,visible,E1,true,
idledger_firstwins,idledger,firstwins,false,R5,minimax-m3,2,E1_end_to_end,D1,done_when,visible,E1,true,
idledger_firstwins,idledger,firstwins,false,R5,minimax-m3,2,E2_identical_idempotency,R4,rule,visible,E2,true,
idledger_firstwins,idledger,firstwins,false,R5,minimax-m3,2,E3_conflict_policy,R5,rule,visible,E3,true,
idledger_firstwins,idledger,firstwins,false,R5,minimax-m3,2,E4_insufficient_funds,R6,rule,visible,E4,true,
idledger_firstwins,idledger,firstwins,false,R5,minimax-m3,2,E4_insufficient_error,X1,error,visible,E4,true,
idledger_firstwins,idledger,firstwins,false,R5,minimax-m3,2,E5_invalid_atomicity,R7,rule,visible,E5,true,
idledger_firstwins,idledger,firstwins,false,R5,minimax-m3,2,E5_invalid_error,X2,error,visible,E5,true,
idledger_firstwins,idledger,firstwins,false,R5,minimax-m3,2,E6_concurrent_credits,R8,rule,visible,E6,true,
idledger_firstwins,idledger,firstwins,false,R5,minimax-m3,2,E7_stdlib_dependencies,C2,constraint,visible,E7,true,
idledger_firstwins,idledger,firstwins,false,R5,minimax-m3,2,hidden_public_symbols,R1,rule,hidden,,true,
idledger_firstwins,idledger,firstwins,false,R5,minimax-m3,2,hidden_initial_validation_copy,R2,rule,hidden,,true,
idledger_firstwins,idledger,firstwins,false,R5,minimax-m3,2,hidden_exact_command_result,R3,rule,hidden,,true,
idledger_firstwins,idledger,firstwins,false,R5,minimax-m3,2,hidden_duplicate_result_copy,R4,rule,hidden,,true,
idledger_firstwins,idledger,firstwins,false,R5,minimax-m3,2,hidden_conflict_policy,R5,rule,hidden,,true,
idledger_firstwins,idledger,firstwins,false,R5,minimax-m3,2,hidden_lastwins_rollback,R5,rule,hidden,,true,
idledger_firstwins,idledger,firstwins,false,R5,minimax-m3,2,hidden_failed_id_reusable,R6,rule,hidden,,true,
idledger_firstwins,idledger,firstwins,false,R5,minimax-m3,2,hidden_invalid_commands_atomic,R7,rule,hidden,,true,
idledger_firstwins,idledger,firstwins,false,R5,minimax-m3,2,hidden_concurrency,R8,rule,hidden,,true,
idledger_firstwins,idledger,firstwins,false,R5,minimax-m3,2,hidden_full_smoke,D1,done_when,hidden,,true,
idledger_firstwins,idledger,firstwins,false,R5,minimax-m3,2,hidden_no_negative_balance,C1,constraint,hidden,,true,
idledger_firstwins,idledger,firstwins,false,R5,minimax-m3,2,hidden_stdlib_only,C2,constraint,hidden,,true,
idledger_firstwins,idledger,firstwins,false,R5,minimax-m3,2,hidden_insufficient_type,X1,error,hidden,,true,
idledger_firstwins,idledger,firstwins,false,R5,minimax-m3,2,hidden_value_error_type,X2,error,hidden,,true,
idledger_firstwins,idledger,firstwins,false,R5,minimax-m3,3,E1_public_import,R1,rule,visible,E1,true,
idledger_firstwins,idledger,firstwins,false,R5,minimax-m3,3,E1_initial_and_snapshot,R2,rule,visible,E1,true,
idledger_firstwins,idledger,firstwins,false,R5,minimax-m3,3,E1_apply_result,R3,rule,visible,E1,true,
idledger_firstwins,idledger,firstwins,false,R5,minimax-m3,3,E1_nonnegative_integer_balance,C1,constraint,visible,E1,true,
idledger_firstwins,idledger,firstwins,false,R5,minimax-m3,3,E1_end_to_end,D1,done_when,visible,E1,true,
idledger_firstwins,idledger,firstwins,false,R5,minimax-m3,3,E2_identical_idempotency,R4,rule,visible,E2,false,"AssertionError: expected {'id': 'c1', 'account': 'a', 'balance': 60}, got {'id': 'c1', 'account': 'a', 'balance': -999}"
idledger_firstwins,idledger,firstwins,false,R5,minimax-m3,3,E3_conflict_policy,R5,rule,visible,E3,true,
idledger_firstwins,idledger,firstwins,false,R5,minimax-m3,3,E4_insufficient_funds,R6,rule,visible,E4,true,
idledger_firstwins,idledger,firstwins,false,R5,minimax-m3,3,E4_insufficient_error,X1,error,visible,E4,true,
idledger_firstwins,idledger,firstwins,false,R5,minimax-m3,3,E5_invalid_atomicity,R7,rule,visible,E5,true,
idledger_firstwins,idledger,firstwins,false,R5,minimax-m3,3,E5_invalid_error,X2,error,visible,E5,true,
idledger_firstwins,idledger,firstwins,false,R5,minimax-m3,3,E6_concurrent_credits,R8,rule,visible,E6,true,
idledger_firstwins,idledger,firstwins,false,R5,minimax-m3,3,E7_stdlib_dependencies,C2,constraint,visible,E7,true,
idledger_firstwins,idledger,firstwins,false,R5,minimax-m3,3,hidden_public_symbols,R1,rule,hidden,,true,
idledger_firstwins,idledger,firstwins,false,R5,minimax-m3,3,hidden_initial_validation_copy,R2,rule,hidden,,true,
idledger_firstwins,idledger,firstwins,false,R5,minimax-m3,3,hidden_exact_command_result,R3,rule,hidden,,true,
idledger_firstwins,idledger,firstwins,false,R5,minimax-m3,3,hidden_duplicate_result_copy,R4,rule,hidden,,false,"AssertionError: expected {'id': 'c1', 'account': 'a', 'balance': 60}, got {'id': 'c1', 'account': 'a', 'balance': -999}"
idledger_firstwins,idledger,firstwins,false,R5,minimax-m3,3,hidden_conflict_policy,R5,rule,hidden,,true,
idledger_firstwins,idledger,firstwins,false,R5,minimax-m3,3,hidden_lastwins_rollback,R5,rule,hidden,,true,
idledger_firstwins,idledger,firstwins,false,R5,minimax-m3,3,hidden_failed_id_reusable,R6,rule,hidden,,true,
idledger_firstwins,idledger,firstwins,false,R5,minimax-m3,3,hidden_invalid_commands_atomic,R7,rule,hidden,,true,
idledger_firstwins,idledger,firstwins,false,R5,minimax-m3,3,hidden_concurrency,R8,rule,hidden,,true,
idledger_firstwins,idledger,firstwins,false,R5,minimax-m3,3,hidden_full_smoke,D1,done_when,hidden,,true,
idledger_firstwins,idledger,firstwins,false,R5,minimax-m3,3,hidden_no_negative_balance,C1,constraint,hidden,,true,
idledger_firstwins,idledger,firstwins,false,R5,minimax-m3,3,hidden_stdlib_only,C2,constraint,hidden,,true,
idledger_firstwins,idledger,firstwins,false,R5,minimax-m3,3,hidden_insufficient_type,X1,error,hidden,,true,
idledger_firstwins,idledger,firstwins,false,R5,minimax-m3,3,hidden_value_error_type,X2,error,hidden,,true,
idledger_firstwins,idledger,firstwins,false,R5,qwen3.7-max,1,E1_public_import,R1,rule,visible,E1,true,
idledger_firstwins,idledger,firstwins,false,R5,qwen3.7-max,1,E1_initial_and_snapshot,R2,rule,visible,E1,true,
idledger_firstwins,idledger,firstwins,false,R5,qwen3.7-max,1,E1_apply_result,R3,rule,visible,E1,true,
idledger_firstwins,idledger,firstwins,false,R5,qwen3.7-max,1,E1_nonnegative_integer_balance,C1,constraint,visible,E1,true,
idledger_firstwins,idledger,firstwins,false,R5,qwen3.7-max,1,E1_end_to_end,D1,done_when,visible,E1,true,
idledger_firstwins,idledger,firstwins,false,R5,qwen3.7-max,1,E2_identical_idempotency,R4,rule,visible,E2,false,"AssertionError: expected {'id': 'c1', 'account': 'a', 'balance': 60}, got {'id': 'c1', 'account': 'a', 'balance': -999}"
idledger_firstwins,idledger,firstwins,false,R5,qwen3.7-max,1,E3_conflict_policy,R5,rule,visible,E3,true,
idledger_firstwins,idledger,firstwins,false,R5,qwen3.7-max,1,E4_insufficient_funds,R6,rule,visible,E4,true,
idledger_firstwins,idledger,firstwins,false,R5,qwen3.7-max,1,E4_insufficient_error,X1,error,visible,E4,true,
idledger_firstwins,idledger,firstwins,false,R5,qwen3.7-max,1,E5_invalid_atomicity,R7,rule,visible,E5,true,
idledger_firstwins,idledger,firstwins,false,R5,qwen3.7-max,1,E5_invalid_error,X2,error,visible,E5,true,
idledger_firstwins,idledger,firstwins,false,R5,qwen3.7-max,1,E6_concurrent_credits,R8,rule,visible,E6,true,
idledger_firstwins,idledger,firstwins,false,R5,qwen3.7-max,1,E7_stdlib_dependencies,C2,constraint,visible,E7,true,
idledger_firstwins,idledger,firstwins,false,R5,qwen3.7-max,1,hidden_public_symbols,R1,rule,hidden,,true,
idledger_firstwins,idledger,firstwins,false,R5,qwen3.7-max,1,hidden_initial_validation_copy,R2,rule,hidden,,true,
idledger_firstwins,idledger,firstwins,false,R5,qwen3.7-max,1,hidden_exact_command_result,R3,rule,hidden,,false,ValueError: Account 'new' does not exist
idledger_firstwins,idledger,firstwins,false,R5,qwen3.7-max,1,hidden_duplicate_result_copy,R4,rule,hidden,,false,"AssertionError: expected {'id': 'c1', 'account': 'a', 'balance': 60}, got {'id': 'c1', 'account': 'a', 'balance': -999}"
idledger_firstwins,idledger,firstwins,false,R5,qwen3.7-max,1,hidden_conflict_policy,R5,rule,hidden,,true,
idledger_firstwins,idledger,firstwins,false,R5,qwen3.7-max,1,hidden_lastwins_rollback,R5,rule,hidden,,true,
idledger_firstwins,idledger,firstwins,false,R5,qwen3.7-max,1,hidden_failed_id_reusable,R6,rule,hidden,,true,
idledger_firstwins,idledger,firstwins,false,R5,qwen3.7-max,1,hidden_invalid_commands_atomic,R7,rule,hidden,,true,
idledger_firstwins,idledger,firstwins,false,R5,qwen3.7-max,1,hidden_concurrency,R8,rule,hidden,,true,
idledger_firstwins,idledger,firstwins,false,R5,qwen3.7-max,1,hidden_full_smoke,D1,done_when,hidden,,false,ValueError: Account 'new' does not exist
idledger_firstwins,idledger,firstwins,false,R5,qwen3.7-max,1,hidden_no_negative_balance,C1,constraint,hidden,,true,
idledger_firstwins,idledger,firstwins,false,R5,qwen3.7-max,1,hidden_stdlib_only,C2,constraint,hidden,,true,
idledger_firstwins,idledger,firstwins,false,R5,qwen3.7-max,1,hidden_insufficient_type,X1,error,hidden,,true,
idledger_firstwins,idledger,firstwins,false,R5,qwen3.7-max,1,hidden_value_error_type,X2,error,hidden,,true,
idledger_firstwins,idledger,firstwins,false,R5,qwen3.7-max,2,E1_public_import,R1,rule,visible,E1,true,
idledger_firstwins,idledger,firstwins,false,R5,qwen3.7-max,2,E1_initial_and_snapshot,R2,rule,visible,E1,true,
idledger_firstwins,idledger,firstwins,false,R5,qwen3.7-max,2,E1_apply_result,R3,rule,visible,E1,true,
idledger_firstwins,idledger,firstwins,false,R5,qwen3.7-max,2,E1_nonnegative_integer_balance,C1,constraint,visible,E1,true,
idledger_firstwins,idledger,firstwins,false,R5,qwen3.7-max,2,E1_end_to_end,D1,done_when,visible,E1,true,
idledger_firstwins,idledger,firstwins,false,R5,qwen3.7-max,2,E2_identical_idempotency,R4,rule,visible,E2,false,"AssertionError: expected {'id': 'c1', 'account': 'a', 'balance': 60}, got {'id': 'c1', 'account': 'a', 'balance': -999}"
idledger_firstwins,idledger,firstwins,false,R5,qwen3.7-max,2,E3_conflict_policy,R5,rule,visible,E3,true,
idledger_firstwins,idledger,firstwins,false,R5,qwen3.7-max,2,E4_insufficient_funds,R6,rule,visible,E4,true,
idledger_firstwins,idledger,firstwins,false,R5,qwen3.7-max,2,E4_insufficient_error,X1,error,visible,E4,true,
idledger_firstwins,idledger,firstwins,false,R5,qwen3.7-max,2,E5_invalid_atomicity,R7,rule,visible,E5,true,
idledger_firstwins,idledger,firstwins,false,R5,qwen3.7-max,2,E5_invalid_error,X2,error,visible,E5,true,
idledger_firstwins,idledger,firstwins,false,R5,qwen3.7-max,2,E6_concurrent_credits,R8,rule,visible,E6,true,
idledger_firstwins,idledger,firstwins,false,R5,qwen3.7-max,2,E7_stdlib_dependencies,C2,constraint,visible,E7,true,
idledger_firstwins,idledger,firstwins,false,R5,qwen3.7-max,2,hidden_public_symbols,R1,rule,hidden,,true,
idledger_firstwins,idledger,firstwins,false,R5,qwen3.7-max,2,hidden_initial_validation_copy,R2,rule,hidden,,true,
idledger_firstwins,idledger,firstwins,false,R5,qwen3.7-max,2,hidden_exact_command_result,R3,rule,hidden,,false,ValueError: account 'new' does not exist
idledger_firstwins,idledger,firstwins,false,R5,qwen3.7-max,2,hidden_duplicate_result_copy,R4,rule,hidden,,false,"AssertionError: expected {'id': 'c1', 'account': 'a', 'balance': 60}, got {'id': 'c1', 'account': 'a', 'balance': -999}"
idledger_firstwins,idledger,firstwins,false,R5,qwen3.7-max,2,hidden_conflict_policy,R5,rule,hidden,,true,
idledger_firstwins,idledger,firstwins,false,R5,qwen3.7-max,2,hidden_lastwins_rollback,R5,rule,hidden,,true,
idledger_firstwins,idledger,firstwins,false,R5,qwen3.7-max,2,hidden_failed_id_reusable,R6,rule,hidden,,true,
idledger_firstwins,idledger,firstwins,false,R5,qwen3.7-max,2,hidden_invalid_commands_atomic,R7,rule,hidden,,true,
idledger_firstwins,idledger,firstwins,false,R5,qwen3.7-max,2,hidden_concurrency,R8,rule,hidden,,true,
idledger_firstwins,idledger,firstwins,false,R5,qwen3.7-max,2,hidden_full_smoke,D1,done_when,hidden,,false,ValueError: account 'new' does not exist
idledger_firstwins,idledger,firstwins,false,R5,qwen3.7-max,2,hidden_no_negative_balance,C1,constraint,hidden,,true,
idledger_firstwins,idledger,firstwins,false,R5,qwen3.7-max,2,hidden_stdlib_only,C2,constraint,hidden,,true,
idledger_firstwins,idledger,firstwins,false,R5,qwen3.7-max,2,hidden_insufficient_type,X1,error,hidden,,true,
idledger_firstwins,idledger,firstwins,false,R5,qwen3.7-max,2,hidden_value_error_type,X2,error,hidden,,true,
idledger_firstwins,idledger,firstwins,false,R5,qwen3.7-max,3,E1_public_import,R1,rule,visible,E1,true,
idledger_firstwins,idledger,firstwins,false,R5,qwen3.7-max,3,E1_initial_and_snapshot,R2,rule,visible,E1,true,
idledger_firstwins,idledger,firstwins,false,R5,qwen3.7-max,3,E1_apply_result,R3,rule,visible,E1,true,
idledger_firstwins,idledger,firstwins,false,R5,qwen3.7-max,3,E1_nonnegative_integer_balance,C1,constraint,visible,E1,true,
idledger_firstwins,idledger,firstwins,false,R5,qwen3.7-max,3,E1_end_to_end,D1,done_when,visible,E1,true,
idledger_firstwins,idledger,firstwins,false,R5,qwen3.7-max,3,E2_identical_idempotency,R4,rule,visible,E2,true,
idledger_firstwins,idledger,firstwins,false,R5,qwen3.7-max,3,E3_conflict_policy,R5,rule,visible,E3,true,
idledger_firstwins,idledger,firstwins,false,R5,qwen3.7-max,3,E4_insufficient_funds,R6,rule,visible,E4,true,
idledger_firstwins,idledger,firstwins,false,R5,qwen3.7-max,3,E4_insufficient_error,X1,error,visible,E4,true,
idledger_firstwins,idledger,firstwins,false,R5,qwen3.7-max,3,E5_invalid_atomicity,R7,rule,visible,E5,true,
idledger_firstwins,idledger,firstwins,false,R5,qwen3.7-max,3,E5_invalid_error,X2,error,visible,E5,true,
idledger_firstwins,idledger,firstwins,false,R5,qwen3.7-max,3,E6_concurrent_credits,R8,rule,visible,E6,true,
idledger_firstwins,idledger,firstwins,false,R5,qwen3.7-max,3,E7_stdlib_dependencies,C2,constraint,visible,E7,true,
idledger_firstwins,idledger,firstwins,false,R5,qwen3.7-max,3,hidden_public_symbols,R1,rule,hidden,,true,
idledger_firstwins,idledger,firstwins,false,R5,qwen3.7-max,3,hidden_initial_validation_copy,R2,rule,hidden,,true,
idledger_firstwins,idledger,firstwins,false,R5,qwen3.7-max,3,hidden_exact_command_result,R3,rule,hidden,,false,ValueError: account 'new' does not exist
idledger_firstwins,idledger,firstwins,false,R5,qwen3.7-max,3,hidden_duplicate_result_copy,R4,rule,hidden,,true,
idledger_firstwins,idledger,firstwins,false,R5,qwen3.7-max,3,hidden_conflict_policy,R5,rule,hidden,,true,
idledger_firstwins,idledger,firstwins,false,R5,qwen3.7-max,3,hidden_lastwins_rollback,R5,rule,hidden,,true,
idledger_firstwins,idledger,firstwins,false,R5,qwen3.7-max,3,hidden_failed_id_reusable,R6,rule,hidden,,true,
idledger_firstwins,idledger,firstwins,false,R5,qwen3.7-max,3,hidden_invalid_commands_atomic,R7,rule,hidden,,true,
idledger_firstwins,idledger,firstwins,false,R5,qwen3.7-max,3,hidden_concurrency,R8,rule,hidden,,true,
idledger_firstwins,idledger,firstwins,false,R5,qwen3.7-max,3,hidden_full_smoke,D1,done_when,hidden,,false,ValueError: account 'new' does not exist
idledger_firstwins,idledger,firstwins,false,R5,qwen3.7-max,3,hidden_no_negative_balance,C1,constraint,hidden,,true,
idledger_firstwins,idledger,firstwins,false,R5,qwen3.7-max,3,hidden_stdlib_only,C2,constraint,hidden,,true,
idledger_firstwins,idledger,firstwins,false,R5,qwen3.7-max,3,hidden_insufficient_type,X1,error,hidden,,true,
idledger_firstwins,idledger,firstwins,false,R5,qwen3.7-max,3,hidden_value_error_type,X2,error,hidden,,true,
idledger_lastwins,idledger,lastwins,false,R5,glm-5.2,2,E1_public_import,R1,rule,visible,E1,true,
idledger_lastwins,idledger,lastwins,false,R5,glm-5.2,2,E1_initial_and_snapshot,R2,rule,visible,E1,true,
idledger_lastwins,idledger,lastwins,false,R5,glm-5.2,2,E1_apply_result,R3,rule,visible,E1,true,
idledger_lastwins,idledger,lastwins,false,R5,glm-5.2,2,E1_nonnegative_integer_balance,C1,constraint,visible,E1,true,
idledger_lastwins,idledger,lastwins,false,R5,glm-5.2,2,E1_end_to_end,D1,done_when,visible,E1,true,
idledger_lastwins,idledger,lastwins,false,R5,glm-5.2,2,E2_identical_idempotency,R4,rule,visible,E2,true,
idledger_lastwins,idledger,lastwins,false,R5,glm-5.2,2,E3_conflict_policy,R5,rule,visible,E3,true,
idledger_lastwins,idledger,lastwins,false,R5,glm-5.2,2,E4_insufficient_funds,R6,rule,visible,E4,true,
idledger_lastwins,idledger,lastwins,false,R5,glm-5.2,2,E4_insufficient_error,X1,error,visible,E4,true,
idledger_lastwins,idledger,lastwins,false,R5,glm-5.2,2,E5_invalid_atomicity,R7,rule,visible,E5,true,
idledger_lastwins,idledger,lastwins,false,R5,glm-5.2,2,E5_invalid_error,X2,error,visible,E5,true,
idledger_lastwins,idledger,lastwins,false,R5,glm-5.2,2,E6_concurrent_credits,R8,rule,visible,E6,true,
idledger_lastwins,idledger,lastwins,false,R5,glm-5.2,2,E7_stdlib_dependencies,C2,constraint,visible,E7,true,
idledger_lastwins,idledger,lastwins,false,R5,glm-5.2,2,hidden_public_symbols,R1,rule,hidden,,true,
idledger_lastwins,idledger,lastwins,false,R5,glm-5.2,2,hidden_initial_validation_copy,R2,rule,hidden,,false,"AssertionError: expected ValueError, no exception raised"
idledger_lastwins,idledger,lastwins,false,R5,glm-5.2,2,hidden_exact_command_result,R3,rule,hidden,,true,
idledger_lastwins,idledger,lastwins,false,R5,glm-5.2,2,hidden_duplicate_result_copy,R4,rule,hidden,,true,
idledger_lastwins,idledger,lastwins,false,R5,glm-5.2,2,hidden_conflict_policy,R5,rule,hidden,,true,
idledger_lastwins,idledger,lastwins,false,R5,glm-5.2,2,hidden_lastwins_rollback,R5,rule,hidden,,true,
idledger_lastwins,idledger,lastwins,false,R5,glm-5.2,2,hidden_failed_id_reusable,R6,rule,hidden,,true,
idledger_lastwins,idledger,lastwins,false,R5,glm-5.2,2,hidden_invalid_commands_atomic,R7,rule,hidden,,true,
idledger_lastwins,idledger,lastwins,false,R5,glm-5.2,2,hidden_concurrency,R8,rule,hidden,,true,
idledger_lastwins,idledger,lastwins,false,R5,glm-5.2,2,hidden_full_smoke,D1,done_when,hidden,,true,
idledger_lastwins,idledger,lastwins,false,R5,glm-5.2,2,hidden_no_negative_balance,C1,constraint,hidden,,true,
idledger_lastwins,idledger,lastwins,false,R5,glm-5.2,2,hidden_stdlib_only,C2,constraint,hidden,,true,
idledger_lastwins,idledger,lastwins,false,R5,glm-5.2,2,hidden_insufficient_type,X1,error,hidden,,true,
idledger_lastwins,idledger,lastwins,false,R5,glm-5.2,2,hidden_value_error_type,X2,error,hidden,,true,
idledger_lastwins,idledger,lastwins,false,R5,glm-5.2,3,E1_public_import,R1,rule,visible,E1,true,
idledger_lastwins,idledger,lastwins,false,R5,glm-5.2,3,E1_initial_and_snapshot,R2,rule,visible,E1,true,
idledger_lastwins,idledger,lastwins,false,R5,glm-5.2,3,E1_apply_result,R3,rule,visible,E1,true,
idledger_lastwins,idledger,lastwins,false,R5,glm-5.2,3,E1_nonnegative_integer_balance,C1,constraint,visible,E1,true,
idledger_lastwins,idledger,lastwins,false,R5,glm-5.2,3,E1_end_to_end,D1,done_when,visible,E1,true,
idledger_lastwins,idledger,lastwins,false,R5,glm-5.2,3,E2_identical_idempotency,R4,rule,visible,E2,true,
idledger_lastwins,idledger,lastwins,false,R5,glm-5.2,3,E3_conflict_policy,R5,rule,visible,E3,true,
idledger_lastwins,idledger,lastwins,false,R5,glm-5.2,3,E4_insufficient_funds,R6,rule,visible,E4,true,
idledger_lastwins,idledger,lastwins,false,R5,glm-5.2,3,E4_insufficient_error,X1,error,visible,E4,true,
idledger_lastwins,idledger,lastwins,false,R5,glm-5.2,3,E5_invalid_atomicity,R7,rule,visible,E5,true,
idledger_lastwins,idledger,lastwins,false,R5,glm-5.2,3,E5_invalid_error,X2,error,visible,E5,true,
idledger_lastwins,idledger,lastwins,false,R5,glm-5.2,3,E6_concurrent_credits,R8,rule,visible,E6,true,
idledger_lastwins,idledger,lastwins,false,R5,glm-5.2,3,E7_stdlib_dependencies,C2,constraint,visible,E7,true,
idledger_lastwins,idledger,lastwins,false,R5,glm-5.2,3,hidden_public_symbols,R1,rule,hidden,,true,
idledger_lastwins,idledger,lastwins,false,R5,glm-5.2,3,hidden_initial_validation_copy,R2,rule,hidden,,true,
idledger_lastwins,idledger,lastwins,false,R5,glm-5.2,3,hidden_exact_command_result,R3,rule,hidden,,true,
idledger_lastwins,idledger,lastwins,false,R5,glm-5.2,3,hidden_duplicate_result_copy,R4,rule,hidden,,true,
idledger_lastwins,idledger,lastwins,false,R5,glm-5.2,3,hidden_conflict_policy,R5,rule,hidden,,true,
idledger_lastwins,idledger,lastwins,false,R5,glm-5.2,3,hidden_lastwins_rollback,R5,rule,hidden,,false,"AssertionError: expected InsufficientFunds, got CommandConflict"
idledger_lastwins,idledger,lastwins,false,R5,glm-5.2,3,hidden_failed_id_reusable,R6,rule,hidden,,true,
idledger_lastwins,idledger,lastwins,false,R5,glm-5.2,3,hidden_invalid_commands_atomic,R7,rule,hidden,,true,
idledger_lastwins,idledger,lastwins,false,R5,glm-5.2,3,hidden_concurrency,R8,rule,hidden,,true,
idledger_lastwins,idledger,lastwins,false,R5,glm-5.2,3,hidden_full_smoke,D1,done_when,hidden,,true,
idledger_lastwins,idledger,lastwins,false,R5,glm-5.2,3,hidden_no_negative_balance,C1,constraint,hidden,,true,
idledger_lastwins,idledger,lastwins,false,R5,glm-5.2,3,hidden_stdlib_only,C2,constraint,hidden,,true,
idledger_lastwins,idledger,lastwins,false,R5,glm-5.2,3,hidden_insufficient_type,X1,error,hidden,,true,
idledger_lastwins,idledger,lastwins,false,R5,glm-5.2,3,hidden_value_error_type,X2,error,hidden,,true,
idledger_lastwins,idledger,lastwins,false,R5,minimax-m3,1,E1_public_import,R1,rule,visible,E1,true,
idledger_lastwins,idledger,lastwins,false,R5,minimax-m3,1,E1_initial_and_snapshot,R2,rule,visible,E1,true,
idledger_lastwins,idledger,lastwins,false,R5,minimax-m3,1,E1_apply_result,R3,rule,visible,E1,true,
idledger_lastwins,idledger,lastwins,false,R5,minimax-m3,1,E1_nonnegative_integer_balance,C1,constraint,visible,E1,true,
idledger_lastwins,idledger,lastwins,false,R5,minimax-m3,1,E1_end_to_end,D1,done_when,visible,E1,true,
idledger_lastwins,idledger,lastwins,false,R5,minimax-m3,1,E2_identical_idempotency,R4,rule,visible,E2,true,
idledger_lastwins,idledger,lastwins,false,R5,minimax-m3,1,E3_conflict_policy,R5,rule,visible,E3,true,
idledger_lastwins,idledger,lastwins,false,R5,minimax-m3,1,E4_insufficient_funds,R6,rule,visible,E4,true,
idledger_lastwins,idledger,lastwins,false,R5,minimax-m3,1,E4_insufficient_error,X1,error,visible,E4,true,
idledger_lastwins,idledger,lastwins,false,R5,minimax-m3,1,E5_invalid_atomicity,R7,rule,visible,E5,true,
idledger_lastwins,idledger,lastwins,false,R5,minimax-m3,1,E5_invalid_error,X2,error,visible,E5,true,
idledger_lastwins,idledger,lastwins,false,R5,minimax-m3,1,E6_concurrent_credits,R8,rule,visible,E6,true,
idledger_lastwins,idledger,lastwins,false,R5,minimax-m3,1,E7_stdlib_dependencies,C2,constraint,visible,E7,true,
idledger_lastwins,idledger,lastwins,false,R5,minimax-m3,1,hidden_public_symbols,R1,rule,hidden,,true,
idledger_lastwins,idledger,lastwins,false,R5,minimax-m3,1,hidden_initial_validation_copy,R2,rule,hidden,,true,
idledger_lastwins,idledger,lastwins,false,R5,minimax-m3,1,hidden_exact_command_result,R3,rule,hidden,,true,
idledger_lastwins,idledger,lastwins,false,R5,minimax-m3,1,hidden_duplicate_result_copy,R4,rule,hidden,,true,
idledger_lastwins,idledger,lastwins,false,R5,minimax-m3,1,hidden_conflict_policy,R5,rule,hidden,,true,
idledger_lastwins,idledger,lastwins,false,R5,minimax-m3,1,hidden_lastwins_rollback,R5,rule,hidden,,true,
idledger_lastwins,idledger,lastwins,false,R5,minimax-m3,1,hidden_failed_id_reusable,R6,rule,hidden,,true,
idledger_lastwins,idledger,lastwins,false,R5,minimax-m3,1,hidden_invalid_commands_atomic,R7,rule,hidden,,true,
idledger_lastwins,idledger,lastwins,false,R5,minimax-m3,1,hidden_concurrency,R8,rule,hidden,,true,
idledger_lastwins,idledger,lastwins,false,R5,minimax-m3,1,hidden_full_smoke,D1,done_when,hidden,,true,
idledger_lastwins,idledger,lastwins,false,R5,minimax-m3,1,hidden_no_negative_balance,C1,constraint,hidden,,true,
idledger_lastwins,idledger,lastwins,false,R5,minimax-m3,1,hidden_stdlib_only,C2,constraint,hidden,,true,
idledger_lastwins,idledger,lastwins,false,R5,minimax-m3,1,hidden_insufficient_type,X1,error,hidden,,true,
idledger_lastwins,idledger,lastwins,false,R5,minimax-m3,1,hidden_value_error_type,X2,error,hidden,,true,
idledger_lastwins,idledger,lastwins,false,R5,minimax-m3,2,E1_public_import,R1,rule,visible,E1,true,
idledger_lastwins,idledger,lastwins,false,R5,minimax-m3,2,E1_initial_and_snapshot,R2,rule,visible,E1,true,
idledger_lastwins,idledger,lastwins,false,R5,minimax-m3,2,E1_apply_result,R3,rule,visible,E1,true,
idledger_lastwins,idledger,lastwins,false,R5,minimax-m3,2,E1_nonnegative_integer_balance,C1,constraint,visible,E1,true,
idledger_lastwins,idledger,lastwins,false,R5,minimax-m3,2,E1_end_to_end,D1,done_when,visible,E1,true,
idledger_lastwins,idledger,lastwins,false,R5,minimax-m3,2,E2_identical_idempotency,R4,rule,visible,E2,true,
idledger_lastwins,idledger,lastwins,false,R5,minimax-m3,2,E3_conflict_policy,R5,rule,visible,E3,true,
idledger_lastwins,idledger,lastwins,false,R5,minimax-m3,2,E4_insufficient_funds,R6,rule,visible,E4,true,
idledger_lastwins,idledger,lastwins,false,R5,minimax-m3,2,E4_insufficient_error,X1,error,visible,E4,true,
idledger_lastwins,idledger,lastwins,false,R5,minimax-m3,2,E5_invalid_atomicity,R7,rule,visible,E5,true,
idledger_lastwins,idledger,lastwins,false,R5,minimax-m3,2,E5_invalid_error,X2,error,visible,E5,true,
idledger_lastwins,idledger,lastwins,false,R5,minimax-m3,2,E6_concurrent_credits,R8,rule,visible,E6,true,
idledger_lastwins,idledger,lastwins,false,R5,minimax-m3,2,E7_stdlib_dependencies,C2,constraint,visible,E7,true,
idledger_lastwins,idledger,lastwins,false,R5,minimax-m3,2,hidden_public_symbols,R1,rule,hidden,,true,
idledger_lastwins,idledger,lastwins,false,R5,minimax-m3,2,hidden_initial_validation_copy,R2,rule,hidden,,true,
idledger_lastwins,idledger,lastwins,false,R5,minimax-m3,2,hidden_exact_command_result,R3,rule,hidden,,true,
idledger_lastwins,idledger,lastwins,false,R5,minimax-m3,2,hidden_duplicate_result_copy,R4,rule,hidden,,true,
idledger_lastwins,idledger,lastwins,false,R5,minimax-m3,2,hidden_conflict_policy,R5,rule,hidden,,true,
idledger_lastwins,idledger,lastwins,false,R5,minimax-m3,2,hidden_lastwins_rollback,R5,rule,hidden,,true,
idledger_lastwins,idledger,lastwins,false,R5,minimax-m3,2,hidden_failed_id_reusable,R6,rule,hidden,,true,
idledger_lastwins,idledger,lastwins,false,R5,minimax-m3,2,hidden_invalid_commands_atomic,R7,rule,hidden,,true,
idledger_lastwins,idledger,lastwins,false,R5,minimax-m3,2,hidden_concurrency,R8,rule,hidden,,true,
idledger_lastwins,idledger,lastwins,false,R5,minimax-m3,2,hidden_full_smoke,D1,done_when,hidden,,true,
idledger_lastwins,idledger,lastwins,false,R5,minimax-m3,2,hidden_no_negative_balance,C1,constraint,hidden,,true,
idledger_lastwins,idledger,lastwins,false,R5,minimax-m3,2,hidden_stdlib_only,C2,constraint,hidden,,true,
idledger_lastwins,idledger,lastwins,false,R5,minimax-m3,2,hidden_insufficient_type,X1,error,hidden,,true,
idledger_lastwins,idledger,lastwins,false,R5,minimax-m3,2,hidden_value_error_type,X2,error,hidden,,true,
idledger_lastwins,idledger,lastwins,false,R5,minimax-m3,3,E1_public_import,R1,rule,visible,E1,true,
idledger_lastwins,idledger,lastwins,false,R5,minimax-m3,3,E1_initial_and_snapshot,R2,rule,visible,E1,true,
idledger_lastwins,idledger,lastwins,false,R5,minimax-m3,3,E1_apply_result,R3,rule,visible,E1,true,
idledger_lastwins,idledger,lastwins,false,R5,minimax-m3,3,E1_nonnegative_integer_balance,C1,constraint,visible,E1,true,
idledger_lastwins,idledger,lastwins,false,R5,minimax-m3,3,E1_end_to_end,D1,done_when,visible,E1,true,
idledger_lastwins,idledger,lastwins,false,R5,minimax-m3,3,E2_identical_idempotency,R4,rule,visible,E2,true,
idledger_lastwins,idledger,lastwins,false,R5,minimax-m3,3,E3_conflict_policy,R5,rule,visible,E3,true,
idledger_lastwins,idledger,lastwins,false,R5,minimax-m3,3,E4_insufficient_funds,R6,rule,visible,E4,true,
idledger_lastwins,idledger,lastwins,false,R5,minimax-m3,3,E4_insufficient_error,X1,error,visible,E4,true,
idledger_lastwins,idledger,lastwins,false,R5,minimax-m3,3,E5_invalid_atomicity,R7,rule,visible,E5,true,
idledger_lastwins,idledger,lastwins,false,R5,minimax-m3,3,E5_invalid_error,X2,error,visible,E5,true,
idledger_lastwins,idledger,lastwins,false,R5,minimax-m3,3,E6_concurrent_credits,R8,rule,visible,E6,true,
idledger_lastwins,idledger,lastwins,false,R5,minimax-m3,3,E7_stdlib_dependencies,C2,constraint,visible,E7,true,
idledger_lastwins,idledger,lastwins,false,R5,minimax-m3,3,hidden_public_symbols,R1,rule,hidden,,true,
idledger_lastwins,idledger,lastwins,false,R5,minimax-m3,3,hidden_initial_validation_copy,R2,rule,hidden,,true,
idledger_lastwins,idledger,lastwins,false,R5,minimax-m3,3,hidden_exact_command_result,R3,rule,hidden,,true,
idledger_lastwins,idledger,lastwins,false,R5,minimax-m3,3,hidden_duplicate_result_copy,R4,rule,hidden,,true,
idledger_lastwins,idledger,lastwins,false,R5,minimax-m3,3,hidden_conflict_policy,R5,rule,hidden,,true,
idledger_lastwins,idledger,lastwins,false,R5,minimax-m3,3,hidden_lastwins_rollback,R5,rule,hidden,,false,"AssertionError: expected InsufficientFunds, got CommandConflict"
idledger_lastwins,idledger,lastwins,false,R5,minimax-m3,3,hidden_failed_id_reusable,R6,rule,hidden,,true,
idledger_lastwins,idledger,lastwins,false,R5,minimax-m3,3,hidden_invalid_commands_atomic,R7,rule,hidden,,true,
idledger_lastwins,idledger,lastwins,false,R5,minimax-m3,3,hidden_concurrency,R8,rule,hidden,,true,
idledger_lastwins,idledger,lastwins,false,R5,minimax-m3,3,hidden_full_smoke,D1,done_when,hidden,,true,
idledger_lastwins,idledger,lastwins,false,R5,minimax-m3,3,hidden_no_negative_balance,C1,constraint,hidden,,true,
idledger_lastwins,idledger,lastwins,false,R5,minimax-m3,3,hidden_stdlib_only,C2,constraint,hidden,,true,
idledger_lastwins,idledger,lastwins,false,R5,minimax-m3,3,hidden_insufficient_type,X1,error,hidden,,true,
idledger_lastwins,idledger,lastwins,false,R5,minimax-m3,3,hidden_value_error_type,X2,error,hidden,,true,
idledger_lastwins,idledger,lastwins,false,R5,qwen3.7-max,1,E1_public_import,R1,rule,visible,E1,true,
idledger_lastwins,idledger,lastwins,false,R5,qwen3.7-max,1,E1_initial_and_snapshot,R2,rule,visible,E1,true,
idledger_lastwins,idledger,lastwins,false,R5,qwen3.7-max,1,E1_apply_result,R3,rule,visible,E1,true,
idledger_lastwins,idledger,lastwins,false,R5,qwen3.7-max,1,E1_nonnegative_integer_balance,C1,constraint,visible,E1,true,
idledger_lastwins,idledger,lastwins,false,R5,qwen3.7-max,1,E1_end_to_end,D1,done_when,visible,E1,true,
idledger_lastwins,idledger,lastwins,false,R5,qwen3.7-max,1,E2_identical_idempotency,R4,rule,visible,E2,true,
idledger_lastwins,idledger,lastwins,false,R5,qwen3.7-max,1,E3_conflict_policy,R5,rule,visible,E3,true,
idledger_lastwins,idledger,lastwins,false,R5,qwen3.7-max,1,E4_insufficient_funds,R6,rule,visible,E4,true,
idledger_lastwins,idledger,lastwins,false,R5,qwen3.7-max,1,E4_insufficient_error,X1,error,visible,E4,true,
idledger_lastwins,idledger,lastwins,false,R5,qwen3.7-max,1,E5_invalid_atomicity,R7,rule,visible,E5,true,
idledger_lastwins,idledger,lastwins,false,R5,qwen3.7-max,1,E5_invalid_error,X2,error,visible,E5,true,
idledger_lastwins,idledger,lastwins,false,R5,qwen3.7-max,1,E6_concurrent_credits,R8,rule,visible,E6,true,
idledger_lastwins,idledger,lastwins,false,R5,qwen3.7-max,1,E7_stdlib_dependencies,C2,constraint,visible,E7,true,
idledger_lastwins,idledger,lastwins,false,R5,qwen3.7-max,1,hidden_public_symbols,R1,rule,hidden,,true,
idledger_lastwins,idledger,lastwins,false,R5,qwen3.7-max,1,hidden_initial_validation_copy,R2,rule,hidden,,true,
idledger_lastwins,idledger,lastwins,false,R5,qwen3.7-max,1,hidden_exact_command_result,R3,rule,hidden,,false,ValueError: account 'new' does not exist in the ledger
idledger_lastwins,idledger,lastwins,false,R5,qwen3.7-max,1,hidden_duplicate_result_copy,R4,rule,hidden,,true,
idledger_lastwins,idledger,lastwins,false,R5,qwen3.7-max,1,hidden_conflict_policy,R5,rule,hidden,,true,
idledger_lastwins,idledger,lastwins,false,R5,qwen3.7-max,1,hidden_lastwins_rollback,R5,rule,hidden,,false,"AssertionError: expected InsufficientFunds, got CommandConflict"
idledger_lastwins,idledger,lastwins,false,R5,qwen3.7-max,1,hidden_failed_id_reusable,R6,rule,hidden,,true,
idledger_lastwins,idledger,lastwins,false,R5,qwen3.7-max,1,hidden_invalid_commands_atomic,R7,rule,hidden,,true,
idledger_lastwins,idledger,lastwins,false,R5,qwen3.7-max,1,hidden_concurrency,R8,rule,hidden,,true,
idledger_lastwins,idledger,lastwins,false,R5,qwen3.7-max,1,hidden_full_smoke,D1,done_when,hidden,,false,ValueError: account 'new' does not exist in the ledger
idledger_lastwins,idledger,lastwins,false,R5,qwen3.7-max,1,hidden_no_negative_balance,C1,constraint,hidden,,true,
idledger_lastwins,idledger,lastwins,false,R5,qwen3.7-max,1,hidden_stdlib_only,C2,constraint,hidden,,true,
idledger_lastwins,idledger,lastwins,false,R5,qwen3.7-max,1,hidden_insufficient_type,X1,error,hidden,,true,
idledger_lastwins,idledger,lastwins,false,R5,qwen3.7-max,1,hidden_value_error_type,X2,error,hidden,,true,
idledger_lastwins,idledger,lastwins,false,R5,qwen3.7-max,2,E1_public_import,R1,rule,visible,E1,true,
idledger_lastwins,idledger,lastwins,false,R5,qwen3.7-max,2,E1_initial_and_snapshot,R2,rule,visible,E1,true,
idledger_lastwins,idledger,lastwins,false,R5,qwen3.7-max,2,E1_apply_result,R3,rule,visible,E1,true,
idledger_lastwins,idledger,lastwins,false,R5,qwen3.7-max,2,E1_nonnegative_integer_balance,C1,constraint,visible,E1,true,
idledger_lastwins,idledger,lastwins,false,R5,qwen3.7-max,2,E1_end_to_end,D1,done_when,visible,E1,true,
idledger_lastwins,idledger,lastwins,false,R5,qwen3.7-max,2,E2_identical_idempotency,R4,rule,visible,E2,true,
idledger_lastwins,idledger,lastwins,false,R5,qwen3.7-max,2,E3_conflict_policy,R5,rule,visible,E3,true,
idledger_lastwins,idledger,lastwins,false,R5,qwen3.7-max,2,E4_insufficient_funds,R6,rule,visible,E4,true,
idledger_lastwins,idledger,lastwins,false,R5,qwen3.7-max,2,E4_insufficient_error,X1,error,visible,E4,true,
idledger_lastwins,idledger,lastwins,false,R5,qwen3.7-max,2,E5_invalid_atomicity,R7,rule,visible,E5,true,
idledger_lastwins,idledger,lastwins,false,R5,qwen3.7-max,2,E5_invalid_error,X2,error,visible,E5,true,
idledger_lastwins,idledger,lastwins,false,R5,qwen3.7-max,2,E6_concurrent_credits,R8,rule,visible,E6,true,
idledger_lastwins,idledger,lastwins,false,R5,qwen3.7-max,2,E7_stdlib_dependencies,C2,constraint,visible,E7,true,
idledger_lastwins,idledger,lastwins,false,R5,qwen3.7-max,2,hidden_public_symbols,R1,rule,hidden,,true,
idledger_lastwins,idledger,lastwins,false,R5,qwen3.7-max,2,hidden_initial_validation_copy,R2,rule,hidden,,true,
idledger_lastwins,idledger,lastwins,false,R5,qwen3.7-max,2,hidden_exact_command_result,R3,rule,hidden,,true,
idledger_lastwins,idledger,lastwins,false,R5,qwen3.7-max,2,hidden_duplicate_result_copy,R4,rule,hidden,,true,
idledger_lastwins,idledger,lastwins,false,R5,qwen3.7-max,2,hidden_conflict_policy,R5,rule,hidden,,true,
idledger_lastwins,idledger,lastwins,false,R5,qwen3.7-max,2,hidden_lastwins_rollback,R5,rule,hidden,,true,
idledger_lastwins,idledger,lastwins,false,R5,qwen3.7-max,2,hidden_failed_id_reusable,R6,rule,hidden,,true,
idledger_lastwins,idledger,lastwins,false,R5,qwen3.7-max,2,hidden_invalid_commands_atomic,R7,rule,hidden,,true,
idledger_lastwins,idledger,lastwins,false,R5,qwen3.7-max,2,hidden_concurrency,R8,rule,hidden,,true,
idledger_lastwins,idledger,lastwins,false,R5,qwen3.7-max,2,hidden_full_smoke,D1,done_when,hidden,,true,
idledger_lastwins,idledger,lastwins,false,R5,qwen3.7-max,2,hidden_no_negative_balance,C1,constraint,hidden,,true,
idledger_lastwins,idledger,lastwins,false,R5,qwen3.7-max,2,hidden_stdlib_only,C2,constraint,hidden,,true,
idledger_lastwins,idledger,lastwins,false,R5,qwen3.7-max,2,hidden_insufficient_type,X1,error,hidden,,true,
idledger_lastwins,idledger,lastwins,false,R5,qwen3.7-max,2,hidden_value_error_type,X2,error,hidden,,true,
idledger_lastwins,idledger,lastwins,false,R5,qwen3.7-max,3,E1_public_import,R1,rule,visible,E1,true,
idledger_lastwins,idledger,lastwins,false,R5,qwen3.7-max,3,E1_initial_and_snapshot,R2,rule,visible,E1,true,
idledger_lastwins,idledger,lastwins,false,R5,qwen3.7-max,3,E1_apply_result,R3,rule,visible,E1,true,
idledger_lastwins,idledger,lastwins,false,R5,qwen3.7-max,3,E1_nonnegative_integer_balance,C1,constraint,visible,E1,true,
idledger_lastwins,idledger,lastwins,false,R5,qwen3.7-max,3,E1_end_to_end,D1,done_when,visible,E1,true,
idledger_lastwins,idledger,lastwins,false,R5,qwen3.7-max,3,E2_identical_idempotency,R4,rule,visible,E2,true,
idledger_lastwins,idledger,lastwins,false,R5,qwen3.7-max,3,E3_conflict_policy,R5,rule,visible,E3,true,
idledger_lastwins,idledger,lastwins,false,R5,qwen3.7-max,3,E4_insufficient_funds,R6,rule,visible,E4,true,
idledger_lastwins,idledger,lastwins,false,R5,qwen3.7-max,3,E4_insufficient_error,X1,error,visible,E4,true,
idledger_lastwins,idledger,lastwins,false,R5,qwen3.7-max,3,E5_invalid_atomicity,R7,rule,visible,E5,true,
idledger_lastwins,idledger,lastwins,false,R5,qwen3.7-max,3,E5_invalid_error,X2,error,visible,E5,true,
idledger_lastwins,idledger,lastwins,false,R5,qwen3.7-max,3,E6_concurrent_credits,R8,rule,visible,E6,true,
idledger_lastwins,idledger,lastwins,false,R5,qwen3.7-max,3,E7_stdlib_dependencies,C2,constraint,visible,E7,true,
idledger_lastwins,idledger,lastwins,false,R5,qwen3.7-max,3,hidden_public_symbols,R1,rule,hidden,,true,
idledger_lastwins,idledger,lastwins,false,R5,qwen3.7-max,3,hidden_initial_validation_copy,R2,rule,hidden,,true,
idledger_lastwins,idledger,lastwins,false,R5,qwen3.7-max,3,hidden_exact_command_result,R3,rule,hidden,,false,ValueError: unknown account: 'new'
idledger_lastwins,idledger,lastwins,false,R5,qwen3.7-max,3,hidden_duplicate_result_copy,R4,rule,hidden,,true,
idledger_lastwins,idledger,lastwins,false,R5,qwen3.7-max,3,hidden_conflict_policy,R5,rule,hidden,,true,
idledger_lastwins,idledger,lastwins,false,R5,qwen3.7-max,3,hidden_lastwins_rollback,R5,rule,hidden,,true,
idledger_lastwins,idledger,lastwins,false,R5,qwen3.7-max,3,hidden_failed_id_reusable,R6,rule,hidden,,true,
idledger_lastwins,idledger,lastwins,false,R5,qwen3.7-max,3,hidden_invalid_commands_atomic,R7,rule,hidden,,true,
idledger_lastwins,idledger,lastwins,false,R5,qwen3.7-max,3,hidden_concurrency,R8,rule,hidden,,true,
idledger_lastwins,idledger,lastwins,false,R5,qwen3.7-max,3,hidden_full_smoke,D1,done_when,hidden,,false,ValueError: unknown account: 'new'
idledger_lastwins,idledger,lastwins,false,R5,qwen3.7-max,3,hidden_no_negative_balance,C1,constraint,hidden,,true,
idledger_lastwins,idledger,lastwins,false,R5,qwen3.7-max,3,hidden_stdlib_only,C2,constraint,hidden,,true,
idledger_lastwins,idledger,lastwins,false,R5,qwen3.7-max,3,hidden_insufficient_type,X1,error,hidden,,true,
idledger_lastwins,idledger,lastwins,false,R5,qwen3.7-max,3,hidden_value_error_type,X2,error,hidden,,true,
tokenquota_base,tokenquota,base,true,R4,glm-5.2,1,E1_public_import,R1,rule,visible,E1,true,
tokenquota_base,tokenquota,base,true,R4,glm-5.2,1,E1_consumption,R2,rule,visible,E1,true,
tokenquota_base,tokenquota,base,true,R4,glm-5.2,1,E1_end_to_end,D1,done_when,visible,E1,true,
tokenquota_base,tokenquota,base,true,R4,glm-5.2,1,E2_elapsed_refill,R3,rule,visible,E2,true,
tokenquota_base,tokenquota,base,true,R4,glm-5.2,1,E2_rounding_policy,R4,rule,visible,E2,true,
tokenquota_base,tokenquota,base,true,R4,glm-5.2,1,E2_available_value,R5,rule,visible,E2,true,
tokenquota_base,tokenquota,base,true,R4,glm-5.2,1,E3_capacity_backward_clock,R3,rule,visible,E3,true,
tokenquota_base,tokenquota,base,true,R4,glm-5.2,1,E4_invalid_values,R6,rule,visible,E4,false,"AssertionError: expected ValueError, no exception raised"
tokenquota_base,tokenquota,base,true,R4,glm-5.2,1,E4_value_error,X1,error,visible,E4,false,"AssertionError: expected ValueError, no exception raised"
tokenquota_base,tokenquota,base,true,R4,glm-5.2,1,E5_thread_safety,R7,rule,visible,E5,true,
tokenquota_base,tokenquota,base,true,R4,glm-5.2,1,E6_supplied_clock,C1,constraint,visible,E6,false,"AssertionError: expected 1.0, got 6"
tokenquota_base,tokenquota,base,true,R4,glm-5.2,1,E6_clock_refill,R3,rule,visible,E6,false,"AssertionError: expected 1.0, got 6"
tokenquota_base,tokenquota,base,true,R4,glm-5.2,1,hidden_initial_full,R1,rule,hidden,,true,
tokenquota_base,tokenquota,base,true,R4,glm-5.2,1,hidden_failed_allow_no_consume,R2,rule,hidden,,true,
tokenquota_base,tokenquota,base,true,R4,glm-5.2,1,hidden_elapsed_capacity_clock,R3,rule,hidden,,true,
tokenquota_base,tokenquota,base,true,R4,glm-5.2,1,hidden_fractional_policy,R4,rule,hidden,,true,
tokenquota_base,tokenquota,base,true,R4,glm-5.2,1,hidden_available_no_consume,R5,rule,hidden,,true,
tokenquota_base,tokenquota,base,true,R4,glm-5.2,1,hidden_constructor_and_amount_validation,R6,rule,hidden,,false,"AssertionError: expected ValueError, no exception raised"
tokenquota_base,tokenquota,base,true,R4,glm-5.2,1,hidden_concurrent_limit,R7,rule,hidden,,true,
tokenquota_base,tokenquota,base,true,R4,glm-5.2,1,hidden_full_smoke,D1,done_when,hidden,,true,
tokenquota_base,tokenquota,base,true,R4,glm-5.2,1,hidden_clock_and_stdlib,C1,constraint,hidden,,false,"AssertionError: expected 1.0, got 6"
tokenquota_base,tokenquota,base,true,R4,glm-5.2,1,hidden_invalid_atomicity,X1,error,hidden,,false,"AssertionError: expected ValueError, no exception raised"
tokenquota_base,tokenquota,base,true,R4,glm-5.2,2,E1_public_import,R1,rule,visible,E1,true,
tokenquota_base,tokenquota,base,true,R4,glm-5.2,2,E1_consumption,R2,rule,visible,E1,true,
tokenquota_base,tokenquota,base,true,R4,glm-5.2,2,E1_end_to_end,D1,done_when,visible,E1,true,
tokenquota_base,tokenquota,base,true,R4,glm-5.2,2,E2_elapsed_refill,R3,rule,visible,E2,true,
tokenquota_base,tokenquota,base,true,R4,glm-5.2,2,E2_rounding_policy,R4,rule,visible,E2,true,
tokenquota_base,tokenquota,base,true,R4,glm-5.2,2,E2_available_value,R5,rule,visible,E2,true,
tokenquota_base,tokenquota,base,true,R4,glm-5.2,2,E3_capacity_backward_clock,R3,rule,visible,E3,true,
tokenquota_base,tokenquota,base,true,R4,glm-5.2,2,E4_invalid_values,R6,rule,visible,E4,false,"AssertionError: expected ValueError, no exception raised"
tokenquota_base,tokenquota,base,true,R4,glm-5.2,2,E4_value_error,X1,error,visible,E4,false,"AssertionError: expected ValueError, no exception raised"
tokenquota_base,tokenquota,base,true,R4,glm-5.2,2,E5_thread_safety,R7,rule,visible,E5,true,
tokenquota_base,tokenquota,base,true,R4,glm-5.2,2,E6_supplied_clock,C1,constraint,visible,E6,false,"AssertionError: expected 1.0, got 6"
tokenquota_base,tokenquota,base,true,R4,glm-5.2,2,E6_clock_refill,R3,rule,visible,E6,false,"AssertionError: expected 1.0, got 6"
tokenquota_base,tokenquota,base,true,R4,glm-5.2,2,hidden_initial_full,R1,rule,hidden,,true,
tokenquota_base,tokenquota,base,true,R4,glm-5.2,2,hidden_failed_allow_no_consume,R2,rule,hidden,,true,
tokenquota_base,tokenquota,base,true,R4,glm-5.2,2,hidden_elapsed_capacity_clock,R3,rule,hidden,,true,
tokenquota_base,tokenquota,base,true,R4,glm-5.2,2,hidden_fractional_policy,R4,rule,hidden,,true,
tokenquota_base,tokenquota,base,true,R4,glm-5.2,2,hidden_available_no_consume,R5,rule,hidden,,true,
tokenquota_base,tokenquota,base,true,R4,glm-5.2,2,hidden_constructor_and_amount_validation,R6,rule,hidden,,false,"AssertionError: expected ValueError, no exception raised"
tokenquota_base,tokenquota,base,true,R4,glm-5.2,2,hidden_concurrent_limit,R7,rule,hidden,,true,
tokenquota_base,tokenquota,base,true,R4,glm-5.2,2,hidden_full_smoke,D1,done_when,hidden,,true,
tokenquota_base,tokenquota,base,true,R4,glm-5.2,2,hidden_clock_and_stdlib,C1,constraint,hidden,,false,"AssertionError: expected 1.0, got 6"
tokenquota_base,tokenquota,base,true,R4,glm-5.2,2,hidden_invalid_atomicity,X1,error,hidden,,false,"AssertionError: expected ValueError, no exception raised"
tokenquota_base,tokenquota,base,true,R4,glm-5.2,3,E1_public_import,R1,rule,visible,E1,true,
tokenquota_base,tokenquota,base,true,R4,glm-5.2,3,E1_consumption,R2,rule,visible,E1,true,
tokenquota_base,tokenquota,base,true,R4,glm-5.2,3,E1_end_to_end,D1,done_when,visible,E1,true,
tokenquota_base,tokenquota,base,true,R4,glm-5.2,3,E2_elapsed_refill,R3,rule,visible,E2,true,
tokenquota_base,tokenquota,base,true,R4,glm-5.2,3,E2_rounding_policy,R4,rule,visible,E2,true,
tokenquota_base,tokenquota,base,true,R4,glm-5.2,3,E2_available_value,R5,rule,visible,E2,true,
tokenquota_base,tokenquota,base,true,R4,glm-5.2,3,E3_capacity_backward_clock,R3,rule,visible,E3,true,
tokenquota_base,tokenquota,base,true,R4,glm-5.2,3,E4_invalid_values,R6,rule,visible,E4,false,"AssertionError: expected ValueError, no exception raised"
tokenquota_base,tokenquota,base,true,R4,glm-5.2,3,E4_value_error,X1,error,visible,E4,false,"AssertionError: expected ValueError, no exception raised"
tokenquota_base,tokenquota,base,true,R4,glm-5.2,3,E5_thread_safety,R7,rule,visible,E5,true,
tokenquota_base,tokenquota,base,true,R4,glm-5.2,3,E6_supplied_clock,C1,constraint,visible,E6,false,"AssertionError: expected 1.0, got 6"
tokenquota_base,tokenquota,base,true,R4,glm-5.2,3,E6_clock_refill,R3,rule,visible,E6,false,"AssertionError: expected 1.0, got 6"
tokenquota_base,tokenquota,base,true,R4,glm-5.2,3,hidden_initial_full,R1,rule,hidden,,true,
tokenquota_base,tokenquota,base,true,R4,glm-5.2,3,hidden_failed_allow_no_consume,R2,rule,hidden,,true,
tokenquota_base,tokenquota,base,true,R4,glm-5.2,3,hidden_elapsed_capacity_clock,R3,rule,hidden,,true,
tokenquota_base,tokenquota,base,true,R4,glm-5.2,3,hidden_fractional_policy,R4,rule,hidden,,true,
tokenquota_base,tokenquota,base,true,R4,glm-5.2,3,hidden_available_no_consume,R5,rule,hidden,,true,
tokenquota_base,tokenquota,base,true,R4,glm-5.2,3,hidden_constructor_and_amount_validation,R6,rule,hidden,,false,"AssertionError: expected ValueError, no exception raised"
tokenquota_base,tokenquota,base,true,R4,glm-5.2,3,hidden_concurrent_limit,R7,rule,hidden,,true,
tokenquota_base,tokenquota,base,true,R4,glm-5.2,3,hidden_full_smoke,D1,done_when,hidden,,true,
tokenquota_base,tokenquota,base,true,R4,glm-5.2,3,hidden_clock_and_stdlib,C1,constraint,hidden,,false,"AssertionError: expected 1.0, got 6"
tokenquota_base,tokenquota,base,true,R4,glm-5.2,3,hidden_invalid_atomicity,X1,error,hidden,,false,"AssertionError: expected ValueError, no exception raised"
tokenquota_base,tokenquota,base,true,R4,minimax-m3,1,E1_public_import,R1,rule,visible,E1,true,
tokenquota_base,tokenquota,base,true,R4,minimax-m3,1,E1_consumption,R2,rule,visible,E1,true,
tokenquota_base,tokenquota,base,true,R4,minimax-m3,1,E1_end_to_end,D1,done_when,visible,E1,true,
tokenquota_base,tokenquota,base,true,R4,minimax-m3,1,E2_elapsed_refill,R3,rule,visible,E2,true,
tokenquota_base,tokenquota,base,true,R4,minimax-m3,1,E2_rounding_policy,R4,rule,visible,E2,true,
tokenquota_base,tokenquota,base,true,R4,minimax-m3,1,E2_available_value,R5,rule,visible,E2,true,
tokenquota_base,tokenquota,base,true,R4,minimax-m3,1,E3_capacity_backward_clock,R3,rule,visible,E3,true,
tokenquota_base,tokenquota,base,true,R4,minimax-m3,1,E4_invalid_values,R6,rule,visible,E4,false,"AssertionError: expected ValueError, no exception raised"
tokenquota_base,tokenquota,base,true,R4,minimax-m3,1,E4_value_error,X1,error,visible,E4,false,"AssertionError: expected ValueError, no exception raised"
tokenquota_base,tokenquota,base,true,R4,minimax-m3,1,E5_thread_safety,R7,rule,visible,E5,true,
tokenquota_base,tokenquota,base,true,R4,minimax-m3,1,E6_supplied_clock,C1,constraint,visible,E6,true,
tokenquota_base,tokenquota,base,true,R4,minimax-m3,1,E6_clock_refill,R3,rule,visible,E6,true,
tokenquota_base,tokenquota,base,true,R4,minimax-m3,1,hidden_initial_full,R1,rule,hidden,,true,
tokenquota_base,tokenquota,base,true,R4,minimax-m3,1,hidden_failed_allow_no_consume,R2,rule,hidden,,true,
tokenquota_base,tokenquota,base,true,R4,minimax-m3,1,hidden_elapsed_capacity_clock,R3,rule,hidden,,true,
tokenquota_base,tokenquota,base,true,R4,minimax-m3,1,hidden_fractional_policy,R4,rule,hidden,,true,
tokenquota_base,tokenquota,base,true,R4,minimax-m3,1,hidden_available_no_consume,R5,rule,hidden,,true,
tokenquota_base,tokenquota,base,true,R4,minimax-m3,1,hidden_constructor_and_amount_validation,R6,rule,hidden,,false,"AssertionError: expected ValueError, no exception raised"
tokenquota_base,tokenquota,base,true,R4,minimax-m3,1,hidden_concurrent_limit,R7,rule,hidden,,true,
tokenquota_base,tokenquota,base,true,R4,minimax-m3,1,hidden_full_smoke,D1,done_when,hidden,,true,
tokenquota_base,tokenquota,base,true,R4,minimax-m3,1,hidden_clock_and_stdlib,C1,constraint,hidden,,true,
tokenquota_base,tokenquota,base,true,R4,minimax-m3,1,hidden_invalid_atomicity,X1,error,hidden,,false,"AssertionError: expected ValueError, no exception raised"
tokenquota_base,tokenquota,base,true,R4,minimax-m3,2,E1_public_import,R1,rule,visible,E1,true,
tokenquota_base,tokenquota,base,true,R4,minimax-m3,2,E1_consumption,R2,rule,visible,E1,true,
tokenquota_base,tokenquota,base,true,R4,minimax-m3,2,E1_end_to_end,D1,done_when,visible,E1,true,
tokenquota_base,tokenquota,base,true,R4,minimax-m3,2,E2_elapsed_refill,R3,rule,visible,E2,true,
tokenquota_base,tokenquota,base,true,R4,minimax-m3,2,E2_rounding_policy,R4,rule,visible,E2,true,
tokenquota_base,tokenquota,base,true,R4,minimax-m3,2,E2_available_value,R5,rule,visible,E2,true,
tokenquota_base,tokenquota,base,true,R4,minimax-m3,2,E3_capacity_backward_clock,R3,rule,visible,E3,true,
tokenquota_base,tokenquota,base,true,R4,minimax-m3,2,E4_invalid_values,R6,rule,visible,E4,false,"AssertionError: expected ValueError, no exception raised"
tokenquota_base,tokenquota,base,true,R4,minimax-m3,2,E4_value_error,X1,error,visible,E4,false,"AssertionError: expected ValueError, no exception raised"
tokenquota_base,tokenquota,base,true,R4,minimax-m3,2,E5_thread_safety,R7,rule,visible,E5,true,
tokenquota_base,tokenquota,base,true,R4,minimax-m3,2,E6_supplied_clock,C1,constraint,visible,E6,false,"AssertionError: expected 1.0, got 6.0"
tokenquota_base,tokenquota,base,true,R4,minimax-m3,2,E6_clock_refill,R3,rule,visible,E6,false,"AssertionError: expected 1.0, got 6.0"
tokenquota_base,tokenquota,base,true,R4,minimax-m3,2,hidden_initial_full,R1,rule,hidden,,true,
tokenquota_base,tokenquota,base,true,R4,minimax-m3,2,hidden_failed_allow_no_consume,R2,rule,hidden,,true,
tokenquota_base,tokenquota,base,true,R4,minimax-m3,2,hidden_elapsed_capacity_clock,R3,rule,hidden,,true,
tokenquota_base,tokenquota,base,true,R4,minimax-m3,2,hidden_fractional_policy,R4,rule,hidden,,true,
tokenquota_base,tokenquota,base,true,R4,minimax-m3,2,hidden_available_no_consume,R5,rule,hidden,,true,
tokenquota_base,tokenquota,base,true,R4,minimax-m3,2,hidden_constructor_and_amount_validation,R6,rule,hidden,,false,"AssertionError: expected ValueError, no exception raised"
tokenquota_base,tokenquota,base,true,R4,minimax-m3,2,hidden_concurrent_limit,R7,rule,hidden,,true,
tokenquota_base,tokenquota,base,true,R4,minimax-m3,2,hidden_full_smoke,D1,done_when,hidden,,true,
tokenquota_base,tokenquota,base,true,R4,minimax-m3,2,hidden_clock_and_stdlib,C1,constraint,hidden,,false,"AssertionError: expected 1.0, got 6.0"
tokenquota_base,tokenquota,base,true,R4,minimax-m3,2,hidden_invalid_atomicity,X1,error,hidden,,false,"AssertionError: expected ValueError, no exception raised"
tokenquota_base,tokenquota,base,true,R4,minimax-m3,3,E1_public_import,R1,rule,visible,E1,true,
tokenquota_base,tokenquota,base,true,R4,minimax-m3,3,E1_consumption,R2,rule,visible,E1,true,
tokenquota_base,tokenquota,base,true,R4,minimax-m3,3,E1_end_to_end,D1,done_when,visible,E1,true,
tokenquota_base,tokenquota,base,true,R4,minimax-m3,3,E2_elapsed_refill,R3,rule,visible,E2,true,
tokenquota_base,tokenquota,base,true,R4,minimax-m3,3,E2_rounding_policy,R4,rule,visible,E2,true,
tokenquota_base,tokenquota,base,true,R4,minimax-m3,3,E2_available_value,R5,rule,visible,E2,true,
tokenquota_base,tokenquota,base,true,R4,minimax-m3,3,E3_capacity_backward_clock,R3,rule,visible,E3,true,
tokenquota_base,tokenquota,base,true,R4,minimax-m3,3,E4_invalid_values,R6,rule,visible,E4,false,"AssertionError: expected ValueError, no exception raised"
tokenquota_base,tokenquota,base,true,R4,minimax-m3,3,E4_value_error,X1,error,visible,E4,false,"AssertionError: expected ValueError, no exception raised"
tokenquota_base,tokenquota,base,true,R4,minimax-m3,3,E5_thread_safety,R7,rule,visible,E5,true,
tokenquota_base,tokenquota,base,true,R4,minimax-m3,3,E6_supplied_clock,C1,constraint,visible,E6,true,
tokenquota_base,tokenquota,base,true,R4,minimax-m3,3,E6_clock_refill,R3,rule,visible,E6,true,
tokenquota_base,tokenquota,base,true,R4,minimax-m3,3,hidden_initial_full,R1,rule,hidden,,true,
tokenquota_base,tokenquota,base,true,R4,minimax-m3,3,hidden_failed_allow_no_consume,R2,rule,hidden,,true,
tokenquota_base,tokenquota,base,true,R4,minimax-m3,3,hidden_elapsed_capacity_clock,R3,rule,hidden,,true,
tokenquota_base,tokenquota,base,true,R4,minimax-m3,3,hidden_fractional_policy,R4,rule,hidden,,true,
tokenquota_base,tokenquota,base,true,R4,minimax-m3,3,hidden_available_no_consume,R5,rule,hidden,,true,
tokenquota_base,tokenquota,base,true,R4,minimax-m3,3,hidden_constructor_and_amount_validation,R6,rule,hidden,,false,"AssertionError: expected ValueError, no exception raised"
tokenquota_base,tokenquota,base,true,R4,minimax-m3,3,hidden_concurrent_limit,R7,rule,hidden,,true,
tokenquota_base,tokenquota,base,true,R4,minimax-m3,3,hidden_full_smoke,D1,done_when,hidden,,true,
tokenquota_base,tokenquota,base,true,R4,minimax-m3,3,hidden_clock_and_stdlib,C1,constraint,hidden,,true,
tokenquota_base,tokenquota,base,true,R4,minimax-m3,3,hidden_invalid_atomicity,X1,error,hidden,,false,"AssertionError: expected ValueError, no exception raised"
tokenquota_base,tokenquota,base,true,R4,qwen3.7-max,1,E1_public_import,R1,rule,visible,E1,true,
tokenquota_base,tokenquota,base,true,R4,qwen3.7-max,1,E1_consumption,R2,rule,visible,E1,true,
tokenquota_base,tokenquota,base,true,R4,qwen3.7-max,1,E1_end_to_end,D1,done_when,visible,E1,true,
tokenquota_base,tokenquota,base,true,R4,qwen3.7-max,1,E2_elapsed_refill,R3,rule,visible,E2,true,
tokenquota_base,tokenquota,base,true,R4,qwen3.7-max,1,E2_rounding_policy,R4,rule,visible,E2,true,
tokenquota_base,tokenquota,base,true,R4,qwen3.7-max,1,E2_available_value,R5,rule,visible,E2,true,
tokenquota_base,tokenquota,base,true,R4,qwen3.7-max,1,E3_capacity_backward_clock,R3,rule,visible,E3,true,
tokenquota_base,tokenquota,base,true,R4,qwen3.7-max,1,E4_invalid_values,R6,rule,visible,E4,false,"AssertionError: expected ValueError, no exception raised"
tokenquota_base,tokenquota,base,true,R4,qwen3.7-max,1,E4_value_error,X1,error,visible,E4,false,"AssertionError: expected ValueError, no exception raised"
tokenquota_base,tokenquota,base,true,R4,qwen3.7-max,1,E5_thread_safety,R7,rule,visible,E5,true,
tokenquota_base,tokenquota,base,true,R4,qwen3.7-max,1,E6_supplied_clock,C1,constraint,visible,E6,false,"AssertionError: expected 1.0, got 6.0"
tokenquota_base,tokenquota,base,true,R4,qwen3.7-max,1,E6_clock_refill,R3,rule,visible,E6,false,"AssertionError: expected 1.0, got 6.0"
tokenquota_base,tokenquota,base,true,R4,qwen3.7-max,1,hidden_initial_full,R1,rule,hidden,,true,
tokenquota_base,tokenquota,base,true,R4,qwen3.7-max,1,hidden_failed_allow_no_consume,R2,rule,hidden,,true,
tokenquota_base,tokenquota,base,true,R4,qwen3.7-max,1,hidden_elapsed_capacity_clock,R3,rule,hidden,,true,
tokenquota_base,tokenquota,base,true,R4,qwen3.7-max,1,hidden_fractional_policy,R4,rule,hidden,,true,
tokenquota_base,tokenquota,base,true,R4,qwen3.7-max,1,hidden_available_no_consume,R5,rule,hidden,,true,
tokenquota_base,tokenquota,base,true,R4,qwen3.7-max,1,hidden_constructor_and_amount_validation,R6,rule,hidden,,false,"AssertionError: expected ValueError, no exception raised"
tokenquota_base,tokenquota,base,true,R4,qwen3.7-max,1,hidden_concurrent_limit,R7,rule,hidden,,true,
tokenquota_base,tokenquota,base,true,R4,qwen3.7-max,1,hidden_full_smoke,D1,done_when,hidden,,true,
tokenquota_base,tokenquota,base,true,R4,qwen3.7-max,1,hidden_clock_and_stdlib,C1,constraint,hidden,,false,"AssertionError: expected 1.0, got 6.0"
tokenquota_base,tokenquota,base,true,R4,qwen3.7-max,1,hidden_invalid_atomicity,X1,error,hidden,,false,"AssertionError: expected ValueError, no exception raised"
tokenquota_base,tokenquota,base,true,R4,qwen3.7-max,2,E1_public_import,R1,rule,visible,E1,true,
tokenquota_base,tokenquota,base,true,R4,qwen3.7-max,2,E1_consumption,R2,rule,visible,E1,true,
tokenquota_base,tokenquota,base,true,R4,qwen3.7-max,2,E1_end_to_end,D1,done_when,visible,E1,true,
tokenquota_base,tokenquota,base,true,R4,qwen3.7-max,2,E2_elapsed_refill,R3,rule,visible,E2,true,
tokenquota_base,tokenquota,base,true,R4,qwen3.7-max,2,E2_rounding_policy,R4,rule,visible,E2,true,
tokenquota_base,tokenquota,base,true,R4,qwen3.7-max,2,E2_available_value,R5,rule,visible,E2,true,
tokenquota_base,tokenquota,base,true,R4,qwen3.7-max,2,E3_capacity_backward_clock,R3,rule,visible,E3,true,
tokenquota_base,tokenquota,base,true,R4,qwen3.7-max,2,E4_invalid_values,R6,rule,visible,E4,false,"AssertionError: expected ValueError, no exception raised"
tokenquota_base,tokenquota,base,true,R4,qwen3.7-max,2,E4_value_error,X1,error,visible,E4,false,"AssertionError: expected ValueError, no exception raised"
tokenquota_base,tokenquota,base,true,R4,qwen3.7-max,2,E5_thread_safety,R7,rule,visible,E5,true,
tokenquota_base,tokenquota,base,true,R4,qwen3.7-max,2,E6_supplied_clock,C1,constraint,visible,E6,false,"AssertionError: expected 1.0, got 6"
tokenquota_base,tokenquota,base,true,R4,qwen3.7-max,2,E6_clock_refill,R3,rule,visible,E6,false,"AssertionError: expected 1.0, got 6"
tokenquota_base,tokenquota,base,true,R4,qwen3.7-max,2,hidden_initial_full,R1,rule,hidden,,true,
tokenquota_base,tokenquota,base,true,R4,qwen3.7-max,2,hidden_failed_allow_no_consume,R2,rule,hidden,,true,
tokenquota_base,tokenquota,base,true,R4,qwen3.7-max,2,hidden_elapsed_capacity_clock,R3,rule,hidden,,true,
tokenquota_base,tokenquota,base,true,R4,qwen3.7-max,2,hidden_fractional_policy,R4,rule,hidden,,true,
tokenquota_base,tokenquota,base,true,R4,qwen3.7-max,2,hidden_available_no_consume,R5,rule,hidden,,true,
tokenquota_base,tokenquota,base,true,R4,qwen3.7-max,2,hidden_constructor_and_amount_validation,R6,rule,hidden,,false,"AssertionError: expected ValueError, no exception raised"
tokenquota_base,tokenquota,base,true,R4,qwen3.7-max,2,hidden_concurrent_limit,R7,rule,hidden,,true,
tokenquota_base,tokenquota,base,true,R4,qwen3.7-max,2,hidden_full_smoke,D1,done_when,hidden,,true,
tokenquota_base,tokenquota,base,true,R4,qwen3.7-max,2,hidden_clock_and_stdlib,C1,constraint,hidden,,false,"AssertionError: expected 1.0, got 6"
tokenquota_base,tokenquota,base,true,R4,qwen3.7-max,2,hidden_invalid_atomicity,X1,error,hidden,,false,"AssertionError: expected ValueError, no exception raised"
tokenquota_base,tokenquota,base,true,R4,qwen3.7-max,3,E1_public_import,R1,rule,visible,E1,true,
tokenquota_base,tokenquota,base,true,R4,qwen3.7-max,3,E1_consumption,R2,rule,visible,E1,true,
tokenquota_base,tokenquota,base,true,R4,qwen3.7-max,3,E1_end_to_end,D1,done_when,visible,E1,true,
tokenquota_base,tokenquota,base,true,R4,qwen3.7-max,3,E2_elapsed_refill,R3,rule,visible,E2,true,
tokenquota_base,tokenquota,base,true,R4,qwen3.7-max,3,E2_rounding_policy,R4,rule,visible,E2,true,
tokenquota_base,tokenquota,base,true,R4,qwen3.7-max,3,E2_available_value,R5,rule,visible,E2,true,
tokenquota_base,tokenquota,base,true,R4,qwen3.7-max,3,E3_capacity_backward_clock,R3,rule,visible,E3,true,
tokenquota_base,tokenquota,base,true,R4,qwen3.7-max,3,E4_invalid_values,R6,rule,visible,E4,false,"AssertionError: expected ValueError, no exception raised"
tokenquota_base,tokenquota,base,true,R4,qwen3.7-max,3,E4_value_error,X1,error,visible,E4,false,"AssertionError: expected ValueError, no exception raised"
tokenquota_base,tokenquota,base,true,R4,qwen3.7-max,3,E5_thread_safety,R7,rule,visible,E5,true,
tokenquota_base,tokenquota,base,true,R4,qwen3.7-max,3,E6_supplied_clock,C1,constraint,visible,E6,true,
tokenquota_base,tokenquota,base,true,R4,qwen3.7-max,3,E6_clock_refill,R3,rule,visible,E6,true,
tokenquota_base,tokenquota,base,true,R4,qwen3.7-max,3,hidden_initial_full,R1,rule,hidden,,true,
tokenquota_base,tokenquota,base,true,R4,qwen3.7-max,3,hidden_failed_allow_no_consume,R2,rule,hidden,,true,
tokenquota_base,tokenquota,base,true,R4,qwen3.7-max,3,hidden_elapsed_capacity_clock,R3,rule,hidden,,true,
tokenquota_base,tokenquota,base,true,R4,qwen3.7-max,3,hidden_fractional_policy,R4,rule,hidden,,true,
tokenquota_base,tokenquota,base,true,R4,qwen3.7-max,3,hidden_available_no_consume,R5,rule,hidden,,true,
tokenquota_base,tokenquota,base,true,R4,qwen3.7-max,3,hidden_constructor_and_amount_validation,R6,rule,hidden,,false,"AssertionError: expected ValueError, no exception raised"
tokenquota_base,tokenquota,base,true,R4,qwen3.7-max,3,hidden_concurrent_limit,R7,rule,hidden,,true,
tokenquota_base,tokenquota,base,true,R4,qwen3.7-max,3,hidden_full_smoke,D1,done_when,hidden,,true,
tokenquota_base,tokenquota,base,true,R4,qwen3.7-max,3,hidden_clock_and_stdlib,C1,constraint,hidden,,true,
tokenquota_base,tokenquota,base,true,R4,qwen3.7-max,3,hidden_invalid_atomicity,X1,error,hidden,,false,"AssertionError: expected ValueError, no exception raised"
tokenquota_ceiling,tokenquota,ceiling,false,R4,glm-5.2,1,E1_public_import,R1,rule,visible,E1,true,
tokenquota_ceiling,tokenquota,ceiling,false,R4,glm-5.2,1,E1_consumption,R2,rule,visible,E1,true,
tokenquota_ceiling,tokenquota,ceiling,false,R4,glm-5.2,1,E1_end_to_end,D1,done_when,visible,E1,true,
tokenquota_ceiling,tokenquota,ceiling,false,R4,glm-5.2,1,E2_elapsed_refill,R3,rule,visible,E2,true,
tokenquota_ceiling,tokenquota,ceiling,false,R4,glm-5.2,1,E2_rounding_policy,R4,rule,visible,E2,true,
tokenquota_ceiling,tokenquota,ceiling,false,R4,glm-5.2,1,E2_available_value,R5,rule,visible,E2,true,
tokenquota_ceiling,tokenquota,ceiling,false,R4,glm-5.2,1,E3_capacity_backward_clock,R3,rule,visible,E3,true,
tokenquota_ceiling,tokenquota,ceiling,false,R4,glm-5.2,1,E4_invalid_values,R6,rule,visible,E4,false,"AssertionError: expected ValueError, no exception raised"
tokenquota_ceiling,tokenquota,ceiling,false,R4,glm-5.2,1,E4_value_error,X1,error,visible,E4,false,"AssertionError: expected ValueError, no exception raised"
tokenquota_ceiling,tokenquota,ceiling,false,R4,glm-5.2,1,E5_thread_safety,R7,rule,visible,E5,true,
tokenquota_ceiling,tokenquota,ceiling,false,R4,glm-5.2,1,E6_supplied_clock,C1,constraint,visible,E6,false,"AssertionError: expected 1.0, got 6"
tokenquota_ceiling,tokenquota,ceiling,false,R4,glm-5.2,1,E6_clock_refill,R3,rule,visible,E6,false,"AssertionError: expected 1.0, got 6"
tokenquota_ceiling,tokenquota,ceiling,false,R4,glm-5.2,1,hidden_initial_full,R1,rule,hidden,,true,
tokenquota_ceiling,tokenquota,ceiling,false,R4,glm-5.2,1,hidden_failed_allow_no_consume,R2,rule,hidden,,true,
tokenquota_ceiling,tokenquota,ceiling,false,R4,glm-5.2,1,hidden_elapsed_capacity_clock,R3,rule,hidden,,true,
tokenquota_ceiling,tokenquota,ceiling,false,R4,glm-5.2,1,hidden_fractional_policy,R4,rule,hidden,,true,
tokenquota_ceiling,tokenquota,ceiling,false,R4,glm-5.2,1,hidden_available_no_consume,R5,rule,hidden,,true,
tokenquota_ceiling,tokenquota,ceiling,false,R4,glm-5.2,1,hidden_constructor_and_amount_validation,R6,rule,hidden,,false,"AssertionError: expected ValueError, no exception raised"
tokenquota_ceiling,tokenquota,ceiling,false,R4,glm-5.2,1,hidden_concurrent_limit,R7,rule,hidden,,true,
tokenquota_ceiling,tokenquota,ceiling,false,R4,glm-5.2,1,hidden_full_smoke,D1,done_when,hidden,,true,
tokenquota_ceiling,tokenquota,ceiling,false,R4,glm-5.2,1,hidden_clock_and_stdlib,C1,constraint,hidden,,false,"AssertionError: expected 1.0, got 6"
tokenquota_ceiling,tokenquota,ceiling,false,R4,glm-5.2,1,hidden_invalid_atomicity,X1,error,hidden,,false,"AssertionError: expected ValueError, no exception raised"
tokenquota_ceiling,tokenquota,ceiling,false,R4,glm-5.2,2,E1_public_import,R1,rule,visible,E1,true,
tokenquota_ceiling,tokenquota,ceiling,false,R4,glm-5.2,2,E1_consumption,R2,rule,visible,E1,true,
tokenquota_ceiling,tokenquota,ceiling,false,R4,glm-5.2,2,E1_end_to_end,D1,done_when,visible,E1,true,
tokenquota_ceiling,tokenquota,ceiling,false,R4,glm-5.2,2,E2_elapsed_refill,R3,rule,visible,E2,true,
tokenquota_ceiling,tokenquota,ceiling,false,R4,glm-5.2,2,E2_rounding_policy,R4,rule,visible,E2,true,
tokenquota_ceiling,tokenquota,ceiling,false,R4,glm-5.2,2,E2_available_value,R5,rule,visible,E2,true,
tokenquota_ceiling,tokenquota,ceiling,false,R4,glm-5.2,2,E3_capacity_backward_clock,R3,rule,visible,E3,true,
tokenquota_ceiling,tokenquota,ceiling,false,R4,glm-5.2,2,E4_invalid_values,R6,rule,visible,E4,false,"AssertionError: expected ValueError, no exception raised"
tokenquota_ceiling,tokenquota,ceiling,false,R4,glm-5.2,2,E4_value_error,X1,error,visible,E4,false,"AssertionError: expected ValueError, no exception raised"
tokenquota_ceiling,tokenquota,ceiling,false,R4,glm-5.2,2,E5_thread_safety,R7,rule,visible,E5,true,
tokenquota_ceiling,tokenquota,ceiling,false,R4,glm-5.2,2,E6_supplied_clock,C1,constraint,visible,E6,true,
tokenquota_ceiling,tokenquota,ceiling,false,R4,glm-5.2,2,E6_clock_refill,R3,rule,visible,E6,true,
tokenquota_ceiling,tokenquota,ceiling,false,R4,glm-5.2,2,hidden_initial_full,R1,rule,hidden,,true,
tokenquota_ceiling,tokenquota,ceiling,false,R4,glm-5.2,2,hidden_failed_allow_no_consume,R2,rule,hidden,,true,
tokenquota_ceiling,tokenquota,ceiling,false,R4,glm-5.2,2,hidden_elapsed_capacity_clock,R3,rule,hidden,,true,
tokenquota_ceiling,tokenquota,ceiling,false,R4,glm-5.2,2,hidden_fractional_policy,R4,rule,hidden,,true,
tokenquota_ceiling,tokenquota,ceiling,false,R4,glm-5.2,2,hidden_available_no_consume,R5,rule,hidden,,true,
tokenquota_ceiling,tokenquota,ceiling,false,R4,glm-5.2,2,hidden_constructor_and_amount_validation,R6,rule,hidden,,false,"AssertionError: expected ValueError, no exception raised"
tokenquota_ceiling,tokenquota,ceiling,false,R4,glm-5.2,2,hidden_concurrent_limit,R7,rule,hidden,,true,
tokenquota_ceiling,tokenquota,ceiling,false,R4,glm-5.2,2,hidden_full_smoke,D1,done_when,hidden,,true,
tokenquota_ceiling,tokenquota,ceiling,false,R4,glm-5.2,2,hidden_clock_and_stdlib,C1,constraint,hidden,,true,
tokenquota_ceiling,tokenquota,ceiling,false,R4,glm-5.2,2,hidden_invalid_atomicity,X1,error,hidden,,false,"AssertionError: expected ValueError, no exception raised"
tokenquota_ceiling,tokenquota,ceiling,false,R4,glm-5.2,3,E1_public_import,R1,rule,visible,E1,true,
tokenquota_ceiling,tokenquota,ceiling,false,R4,glm-5.2,3,E1_consumption,R2,rule,visible,E1,true,
tokenquota_ceiling,tokenquota,ceiling,false,R4,glm-5.2,3,E1_end_to_end,D1,done_when,visible,E1,true,
tokenquota_ceiling,tokenquota,ceiling,false,R4,glm-5.2,3,E2_elapsed_refill,R3,rule,visible,E2,true,
tokenquota_ceiling,tokenquota,ceiling,false,R4,glm-5.2,3,E2_rounding_policy,R4,rule,visible,E2,true,
tokenquota_ceiling,tokenquota,ceiling,false,R4,glm-5.2,3,E2_available_value,R5,rule,visible,E2,true,
tokenquota_ceiling,tokenquota,ceiling,false,R4,glm-5.2,3,E3_capacity_backward_clock,R3,rule,visible,E3,true,
tokenquota_ceiling,tokenquota,ceiling,false,R4,glm-5.2,3,E4_invalid_values,R6,rule,visible,E4,false,"AssertionError: expected ValueError, no exception raised"
tokenquota_ceiling,tokenquota,ceiling,false,R4,glm-5.2,3,E4_value_error,X1,error,visible,E4,false,"AssertionError: expected ValueError, no exception raised"
tokenquota_ceiling,tokenquota,ceiling,false,R4,glm-5.2,3,E5_thread_safety,R7,rule,visible,E5,true,
tokenquota_ceiling,tokenquota,ceiling,false,R4,glm-5.2,3,E6_supplied_clock,C1,constraint,visible,E6,false,"AssertionError: expected 1.0, got 6"
tokenquota_ceiling,tokenquota,ceiling,false,R4,glm-5.2,3,E6_clock_refill,R3,rule,visible,E6,false,"AssertionError: expected 1.0, got 6"
tokenquota_ceiling,tokenquota,ceiling,false,R4,glm-5.2,3,hidden_initial_full,R1,rule,hidden,,true,
tokenquota_ceiling,tokenquota,ceiling,false,R4,glm-5.2,3,hidden_failed_allow_no_consume,R2,rule,hidden,,true,
tokenquota_ceiling,tokenquota,ceiling,false,R4,glm-5.2,3,hidden_elapsed_capacity_clock,R3,rule,hidden,,true,
tokenquota_ceiling,tokenquota,ceiling,false,R4,glm-5.2,3,hidden_fractional_policy,R4,rule,hidden,,true,
tokenquota_ceiling,tokenquota,ceiling,false,R4,glm-5.2,3,hidden_available_no_consume,R5,rule,hidden,,true,
tokenquota_ceiling,tokenquota,ceiling,false,R4,glm-5.2,3,hidden_constructor_and_amount_validation,R6,rule,hidden,,false,"AssertionError: expected ValueError, no exception raised"
tokenquota_ceiling,tokenquota,ceiling,false,R4,glm-5.2,3,hidden_concurrent_limit,R7,rule,hidden,,true,
tokenquota_ceiling,tokenquota,ceiling,false,R4,glm-5.2,3,hidden_full_smoke,D1,done_when,hidden,,true,
tokenquota_ceiling,tokenquota,ceiling,false,R4,glm-5.2,3,hidden_clock_and_stdlib,C1,constraint,hidden,,false,"AssertionError: expected 1.0, got 6"
tokenquota_ceiling,tokenquota,ceiling,false,R4,glm-5.2,3,hidden_invalid_atomicity,X1,error,hidden,,false,"AssertionError: expected ValueError, no exception raised"
tokenquota_ceiling,tokenquota,ceiling,false,R4,minimax-m3,1,E1_public_import,R1,rule,visible,E1,true,
tokenquota_ceiling,tokenquota,ceiling,false,R4,minimax-m3,1,E1_consumption,R2,rule,visible,E1,true,
tokenquota_ceiling,tokenquota,ceiling,false,R4,minimax-m3,1,E1_end_to_end,D1,done_when,visible,E1,true,
tokenquota_ceiling,tokenquota,ceiling,false,R4,minimax-m3,1,E2_elapsed_refill,R3,rule,visible,E2,true,
tokenquota_ceiling,tokenquota,ceiling,false,R4,minimax-m3,1,E2_rounding_policy,R4,rule,visible,E2,true,
tokenquota_ceiling,tokenquota,ceiling,false,R4,minimax-m3,1,E2_available_value,R5,rule,visible,E2,true,
tokenquota_ceiling,tokenquota,ceiling,false,R4,minimax-m3,1,E3_capacity_backward_clock,R3,rule,visible,E3,true,
tokenquota_ceiling,tokenquota,ceiling,false,R4,minimax-m3,1,E4_invalid_values,R6,rule,visible,E4,false,"AssertionError: expected ValueError, no exception raised"
tokenquota_ceiling,tokenquota,ceiling,false,R4,minimax-m3,1,E4_value_error,X1,error,visible,E4,false,"AssertionError: expected ValueError, no exception raised"
tokenquota_ceiling,tokenquota,ceiling,false,R4,minimax-m3,1,E5_thread_safety,R7,rule,visible,E5,true,
tokenquota_ceiling,tokenquota,ceiling,false,R4,minimax-m3,1,E6_supplied_clock,C1,constraint,visible,E6,false,"AssertionError: expected 1.0, got 6"
tokenquota_ceiling,tokenquota,ceiling,false,R4,minimax-m3,1,E6_clock_refill,R3,rule,visible,E6,false,"AssertionError: expected 1.0, got 6"
tokenquota_ceiling,tokenquota,ceiling,false,R4,minimax-m3,1,hidden_initial_full,R1,rule,hidden,,true,
tokenquota_ceiling,tokenquota,ceiling,false,R4,minimax-m3,1,hidden_failed_allow_no_consume,R2,rule,hidden,,true,
tokenquota_ceiling,tokenquota,ceiling,false,R4,minimax-m3,1,hidden_elapsed_capacity_clock,R3,rule,hidden,,true,
tokenquota_ceiling,tokenquota,ceiling,false,R4,minimax-m3,1,hidden_fractional_policy,R4,rule,hidden,,true,
tokenquota_ceiling,tokenquota,ceiling,false,R4,minimax-m3,1,hidden_available_no_consume,R5,rule,hidden,,true,
tokenquota_ceiling,tokenquota,ceiling,false,R4,minimax-m3,1,hidden_constructor_and_amount_validation,R6,rule,hidden,,false,"AssertionError: expected ValueError, no exception raised"
tokenquota_ceiling,tokenquota,ceiling,false,R4,minimax-m3,1,hidden_concurrent_limit,R7,rule,hidden,,true,
tokenquota_ceiling,tokenquota,ceiling,false,R4,minimax-m3,1,hidden_full_smoke,D1,done_when,hidden,,true,
tokenquota_ceiling,tokenquota,ceiling,false,R4,minimax-m3,1,hidden_clock_and_stdlib,C1,constraint,hidden,,false,"AssertionError: expected 1.0, got 6"
tokenquota_ceiling,tokenquota,ceiling,false,R4,minimax-m3,1,hidden_invalid_atomicity,X1,error,hidden,,false,"AssertionError: expected ValueError, no exception raised"
tokenquota_ceiling,tokenquota,ceiling,false,R4,minimax-m3,2,E1_public_import,R1,rule,visible,E1,true,
tokenquota_ceiling,tokenquota,ceiling,false,R4,minimax-m3,2,E1_consumption,R2,rule,visible,E1,true,
tokenquota_ceiling,tokenquota,ceiling,false,R4,minimax-m3,2,E1_end_to_end,D1,done_when,visible,E1,true,
tokenquota_ceiling,tokenquota,ceiling,false,R4,minimax-m3,2,E2_elapsed_refill,R3,rule,visible,E2,true,
tokenquota_ceiling,tokenquota,ceiling,false,R4,minimax-m3,2,E2_rounding_policy,R4,rule,visible,E2,true,
tokenquota_ceiling,tokenquota,ceiling,false,R4,minimax-m3,2,E2_available_value,R5,rule,visible,E2,true,
tokenquota_ceiling,tokenquota,ceiling,false,R4,minimax-m3,2,E3_capacity_backward_clock,R3,rule,visible,E3,true,
tokenquota_ceiling,tokenquota,ceiling,false,R4,minimax-m3,2,E4_invalid_values,R6,rule,visible,E4,false,"AssertionError: expected ValueError, no exception raised"
tokenquota_ceiling,tokenquota,ceiling,false,R4,minimax-m3,2,E4_value_error,X1,error,visible,E4,false,"AssertionError: expected ValueError, no exception raised"
tokenquota_ceiling,tokenquota,ceiling,false,R4,minimax-m3,2,E5_thread_safety,R7,rule,visible,E5,true,
tokenquota_ceiling,tokenquota,ceiling,false,R4,minimax-m3,2,E6_supplied_clock,C1,constraint,visible,E6,true,
tokenquota_ceiling,tokenquota,ceiling,false,R4,minimax-m3,2,E6_clock_refill,R3,rule,visible,E6,true,
tokenquota_ceiling,tokenquota,ceiling,false,R4,minimax-m3,2,hidden_initial_full,R1,rule,hidden,,true,
tokenquota_ceiling,tokenquota,ceiling,false,R4,minimax-m3,2,hidden_failed_allow_no_consume,R2,rule,hidden,,true,
tokenquota_ceiling,tokenquota,ceiling,false,R4,minimax-m3,2,hidden_elapsed_capacity_clock,R3,rule,hidden,,true,
tokenquota_ceiling,tokenquota,ceiling,false,R4,minimax-m3,2,hidden_fractional_policy,R4,rule,hidden,,true,
tokenquota_ceiling,tokenquota,ceiling,false,R4,minimax-m3,2,hidden_available_no_consume,R5,rule,hidden,,true,
tokenquota_ceiling,tokenquota,ceiling,false,R4,minimax-m3,2,hidden_constructor_and_amount_validation,R6,rule,hidden,,false,"AssertionError: expected ValueError, no exception raised"
tokenquota_ceiling,tokenquota,ceiling,false,R4,minimax-m3,2,hidden_concurrent_limit,R7,rule,hidden,,true,
tokenquota_ceiling,tokenquota,ceiling,false,R4,minimax-m3,2,hidden_full_smoke,D1,done_when,hidden,,true,
tokenquota_ceiling,tokenquota,ceiling,false,R4,minimax-m3,2,hidden_clock_and_stdlib,C1,constraint,hidden,,true,
tokenquota_ceiling,tokenquota,ceiling,false,R4,minimax-m3,2,hidden_invalid_atomicity,X1,error,hidden,,false,"AssertionError: expected ValueError, no exception raised"
tokenquota_ceiling,tokenquota,ceiling,false,R4,minimax-m3,3,E1_public_import,R1,rule,visible,E1,true,
tokenquota_ceiling,tokenquota,ceiling,false,R4,minimax-m3,3,E1_consumption,R2,rule,visible,E1,true,
tokenquota_ceiling,tokenquota,ceiling,false,R4,minimax-m3,3,E1_end_to_end,D1,done_when,visible,E1,true,
tokenquota_ceiling,tokenquota,ceiling,false,R4,minimax-m3,3,E2_elapsed_refill,R3,rule,visible,E2,true,
tokenquota_ceiling,tokenquota,ceiling,false,R4,minimax-m3,3,E2_rounding_policy,R4,rule,visible,E2,true,
tokenquota_ceiling,tokenquota,ceiling,false,R4,minimax-m3,3,E2_available_value,R5,rule,visible,E2,true,
tokenquota_ceiling,tokenquota,ceiling,false,R4,minimax-m3,3,E3_capacity_backward_clock,R3,rule,visible,E3,true,
tokenquota_ceiling,tokenquota,ceiling,false,R4,minimax-m3,3,E4_invalid_values,R6,rule,visible,E4,false,"AssertionError: expected ValueError, no exception raised"
tokenquota_ceiling,tokenquota,ceiling,false,R4,minimax-m3,3,E4_value_error,X1,error,visible,E4,false,"AssertionError: expected ValueError, no exception raised"
tokenquota_ceiling,tokenquota,ceiling,false,R4,minimax-m3,3,E5_thread_safety,R7,rule,visible,E5,true,
tokenquota_ceiling,tokenquota,ceiling,false,R4,minimax-m3,3,E6_supplied_clock,C1,constraint,visible,E6,true,
tokenquota_ceiling,tokenquota,ceiling,false,R4,minimax-m3,3,E6_clock_refill,R3,rule,visible,E6,true,
tokenquota_ceiling,tokenquota,ceiling,false,R4,minimax-m3,3,hidden_initial_full,R1,rule,hidden,,true,
tokenquota_ceiling,tokenquota,ceiling,false,R4,minimax-m3,3,hidden_failed_allow_no_consume,R2,rule,hidden,,true,
tokenquota_ceiling,tokenquota,ceiling,false,R4,minimax-m3,3,hidden_elapsed_capacity_clock,R3,rule,hidden,,true,
tokenquota_ceiling,tokenquota,ceiling,false,R4,minimax-m3,3,hidden_fractional_policy,R4,rule,hidden,,true,
tokenquota_ceiling,tokenquota,ceiling,false,R4,minimax-m3,3,hidden_available_no_consume,R5,rule,hidden,,true,
tokenquota_ceiling,tokenquota,ceiling,false,R4,minimax-m3,3,hidden_constructor_and_amount_validation,R6,rule,hidden,,false,"AssertionError: expected ValueError, no exception raised"
tokenquota_ceiling,tokenquota,ceiling,false,R4,minimax-m3,3,hidden_concurrent_limit,R7,rule,hidden,,true,
tokenquota_ceiling,tokenquota,ceiling,false,R4,minimax-m3,3,hidden_full_smoke,D1,done_when,hidden,,true,
tokenquota_ceiling,tokenquota,ceiling,false,R4,minimax-m3,3,hidden_clock_and_stdlib,C1,constraint,hidden,,true,
tokenquota_ceiling,tokenquota,ceiling,false,R4,minimax-m3,3,hidden_invalid_atomicity,X1,error,hidden,,false,"AssertionError: expected ValueError, no exception raised"
tokenquota_ceiling,tokenquota,ceiling,false,R4,qwen3.7-max,1,E1_public_import,R1,rule,visible,E1,true,
tokenquota_ceiling,tokenquota,ceiling,false,R4,qwen3.7-max,1,E1_consumption,R2,rule,visible,E1,true,
tokenquota_ceiling,tokenquota,ceiling,false,R4,qwen3.7-max,1,E1_end_to_end,D1,done_when,visible,E1,true,
tokenquota_ceiling,tokenquota,ceiling,false,R4,qwen3.7-max,1,E2_elapsed_refill,R3,rule,visible,E2,true,
tokenquota_ceiling,tokenquota,ceiling,false,R4,qwen3.7-max,1,E2_rounding_policy,R4,rule,visible,E2,true,
tokenquota_ceiling,tokenquota,ceiling,false,R4,qwen3.7-max,1,E2_available_value,R5,rule,visible,E2,true,
tokenquota_ceiling,tokenquota,ceiling,false,R4,qwen3.7-max,1,E3_capacity_backward_clock,R3,rule,visible,E3,true,
tokenquota_ceiling,tokenquota,ceiling,false,R4,qwen3.7-max,1,E4_invalid_values,R6,rule,visible,E4,false,"AssertionError: expected ValueError, no exception raised"
tokenquota_ceiling,tokenquota,ceiling,false,R4,qwen3.7-max,1,E4_value_error,X1,error,visible,E4,false,"AssertionError: expected ValueError, no exception raised"
tokenquota_ceiling,tokenquota,ceiling,false,R4,qwen3.7-max,1,E5_thread_safety,R7,rule,visible,E5,true,
tokenquota_ceiling,tokenquota,ceiling,false,R4,qwen3.7-max,1,E6_supplied_clock,C1,constraint,visible,E6,true,
tokenquota_ceiling,tokenquota,ceiling,false,R4,qwen3.7-max,1,E6_clock_refill,R3,rule,visible,E6,true,
tokenquota_ceiling,tokenquota,ceiling,false,R4,qwen3.7-max,1,hidden_initial_full,R1,rule,hidden,,true,
tokenquota_ceiling,tokenquota,ceiling,false,R4,qwen3.7-max,1,hidden_failed_allow_no_consume,R2,rule,hidden,,true,
tokenquota_ceiling,tokenquota,ceiling,false,R4,qwen3.7-max,1,hidden_elapsed_capacity_clock,R3,rule,hidden,,true,
tokenquota_ceiling,tokenquota,ceiling,false,R4,qwen3.7-max,1,hidden_fractional_policy,R4,rule,hidden,,true,
tokenquota_ceiling,tokenquota,ceiling,false,R4,qwen3.7-max,1,hidden_available_no_consume,R5,rule,hidden,,true,
tokenquota_ceiling,tokenquota,ceiling,false,R4,qwen3.7-max,1,hidden_constructor_and_amount_validation,R6,rule,hidden,,false,"AssertionError: expected ValueError, no exception raised"
tokenquota_ceiling,tokenquota,ceiling,false,R4,qwen3.7-max,1,hidden_concurrent_limit,R7,rule,hidden,,true,
tokenquota_ceiling,tokenquota,ceiling,false,R4,qwen3.7-max,1,hidden_full_smoke,D1,done_when,hidden,,true,
tokenquota_ceiling,tokenquota,ceiling,false,R4,qwen3.7-max,1,hidden_clock_and_stdlib,C1,constraint,hidden,,true,
tokenquota_ceiling,tokenquota,ceiling,false,R4,qwen3.7-max,1,hidden_invalid_atomicity,X1,error,hidden,,false,"AssertionError: expected ValueError, no exception raised"
tokenquota_ceiling,tokenquota,ceiling,false,R4,qwen3.7-max,2,E1_public_import,R1,rule,visible,E1,true,
tokenquota_ceiling,tokenquota,ceiling,false,R4,qwen3.7-max,2,E1_consumption,R2,rule,visible,E1,true,
tokenquota_ceiling,tokenquota,ceiling,false,R4,qwen3.7-max,2,E1_end_to_end,D1,done_when,visible,E1,true,
tokenquota_ceiling,tokenquota,ceiling,false,R4,qwen3.7-max,2,E2_elapsed_refill,R3,rule,visible,E2,true,
tokenquota_ceiling,tokenquota,ceiling,false,R4,qwen3.7-max,2,E2_rounding_policy,R4,rule,visible,E2,true,
tokenquota_ceiling,tokenquota,ceiling,false,R4,qwen3.7-max,2,E2_available_value,R5,rule,visible,E2,true,
tokenquota_ceiling,tokenquota,ceiling,false,R4,qwen3.7-max,2,E3_capacity_backward_clock,R3,rule,visible,E3,true,
tokenquota_ceiling,tokenquota,ceiling,false,R4,qwen3.7-max,2,E4_invalid_values,R6,rule,visible,E4,false,"AssertionError: expected ValueError, no exception raised"
tokenquota_ceiling,tokenquota,ceiling,false,R4,qwen3.7-max,2,E4_value_error,X1,error,visible,E4,false,"AssertionError: expected ValueError, no exception raised"
tokenquota_ceiling,tokenquota,ceiling,false,R4,qwen3.7-max,2,E5_thread_safety,R7,rule,visible,E5,true,
tokenquota_ceiling,tokenquota,ceiling,false,R4,qwen3.7-max,2,E6_supplied_clock,C1,constraint,visible,E6,true,
tokenquota_ceiling,tokenquota,ceiling,false,R4,qwen3.7-max,2,E6_clock_refill,R3,rule,visible,E6,true,
tokenquota_ceiling,tokenquota,ceiling,false,R4,qwen3.7-max,2,hidden_initial_full,R1,rule,hidden,,true,
tokenquota_ceiling,tokenquota,ceiling,false,R4,qwen3.7-max,2,hidden_failed_allow_no_consume,R2,rule,hidden,,true,
tokenquota_ceiling,tokenquota,ceiling,false,R4,qwen3.7-max,2,hidden_elapsed_capacity_clock,R3,rule,hidden,,true,
tokenquota_ceiling,tokenquota,ceiling,false,R4,qwen3.7-max,2,hidden_fractional_policy,R4,rule,hidden,,true,
tokenquota_ceiling,tokenquota,ceiling,false,R4,qwen3.7-max,2,hidden_available_no_consume,R5,rule,hidden,,true,
tokenquota_ceiling,tokenquota,ceiling,false,R4,qwen3.7-max,2,hidden_constructor_and_amount_validation,R6,rule,hidden,,false,"AssertionError: expected ValueError, no exception raised"
tokenquota_ceiling,tokenquota,ceiling,false,R4,qwen3.7-max,2,hidden_concurrent_limit,R7,rule,hidden,,true,
tokenquota_ceiling,tokenquota,ceiling,false,R4,qwen3.7-max,2,hidden_full_smoke,D1,done_when,hidden,,true,
tokenquota_ceiling,tokenquota,ceiling,false,R4,qwen3.7-max,2,hidden_clock_and_stdlib,C1,constraint,hidden,,true,
tokenquota_ceiling,tokenquota,ceiling,false,R4,qwen3.7-max,2,hidden_invalid_atomicity,X1,error,hidden,,false,"AssertionError: expected ValueError, no exception raised"
tokenquota_ceiling,tokenquota,ceiling,false,R4,qwen3.7-max,3,E1_public_import,R1,rule,visible,E1,true,
tokenquota_ceiling,tokenquota,ceiling,false,R4,qwen3.7-max,3,E1_consumption,R2,rule,visible,E1,true,
tokenquota_ceiling,tokenquota,ceiling,false,R4,qwen3.7-max,3,E1_end_to_end,D1,done_when,visible,E1,true,
tokenquota_ceiling,tokenquota,ceiling,false,R4,qwen3.7-max,3,E2_elapsed_refill,R3,rule,visible,E2,true,
tokenquota_ceiling,tokenquota,ceiling,false,R4,qwen3.7-max,3,E2_rounding_policy,R4,rule,visible,E2,true,
tokenquota_ceiling,tokenquota,ceiling,false,R4,qwen3.7-max,3,E2_available_value,R5,rule,visible,E2,true,
tokenquota_ceiling,tokenquota,ceiling,false,R4,qwen3.7-max,3,E3_capacity_backward_clock,R3,rule,visible,E3,true,
tokenquota_ceiling,tokenquota,ceiling,false,R4,qwen3.7-max,3,E4_invalid_values,R6,rule,visible,E4,false,"AssertionError: expected ValueError, no exception raised"
tokenquota_ceiling,tokenquota,ceiling,false,R4,qwen3.7-max,3,E4_value_error,X1,error,visible,E4,false,"AssertionError: expected ValueError, no exception raised"
tokenquota_ceiling,tokenquota,ceiling,false,R4,qwen3.7-max,3,E5_thread_safety,R7,rule,visible,E5,true,
tokenquota_ceiling,tokenquota,ceiling,false,R4,qwen3.7-max,3,E6_supplied_clock,C1,constraint,visible,E6,true,
tokenquota_ceiling,tokenquota,ceiling,false,R4,qwen3.7-max,3,E6_clock_refill,R3,rule,visible,E6,true,
tokenquota_ceiling,tokenquota,ceiling,false,R4,qwen3.7-max,3,hidden_initial_full,R1,rule,hidden,,true,
tokenquota_ceiling,tokenquota,ceiling,false,R4,qwen3.7-max,3,hidden_failed_allow_no_consume,R2,rule,hidden,,true,
tokenquota_ceiling,tokenquota,ceiling,false,R4,qwen3.7-max,3,hidden_elapsed_capacity_clock,R3,rule,hidden,,true,
tokenquota_ceiling,tokenquota,ceiling,false,R4,qwen3.7-max,3,hidden_fractional_policy,R4,rule,hidden,,true,
tokenquota_ceiling,tokenquota,ceiling,false,R4,qwen3.7-max,3,hidden_available_no_consume,R5,rule,hidden,,true,
tokenquota_ceiling,tokenquota,ceiling,false,R4,qwen3.7-max,3,hidden_constructor_and_amount_validation,R6,rule,hidden,,false,"AssertionError: expected ValueError, no exception raised"
tokenquota_ceiling,tokenquota,ceiling,false,R4,qwen3.7-max,3,hidden_concurrent_limit,R7,rule,hidden,,true,
tokenquota_ceiling,tokenquota,ceiling,false,R4,qwen3.7-max,3,hidden_full_smoke,D1,done_when,hidden,,true,
tokenquota_ceiling,tokenquota,ceiling,false,R4,qwen3.7-max,3,hidden_clock_and_stdlib,C1,constraint,hidden,,true,
tokenquota_ceiling,tokenquota,ceiling,false,R4,qwen3.7-max,3,hidden_invalid_atomicity,X1,error,hidden,,false,"AssertionError: expected ValueError, no exception raised"
tokenquota_floor,tokenquota,floor,false,R4,glm-5.2,1,E1_public_import,R1,rule,visible,E1,true,
tokenquota_floor,tokenquota,floor,false,R4,glm-5.2,1,E1_consumption,R2,rule,visible,E1,true,
tokenquota_floor,tokenquota,floor,false,R4,glm-5.2,1,E1_end_to_end,D1,done_when,visible,E1,true,
tokenquota_floor,tokenquota,floor,false,R4,glm-5.2,1,E2_elapsed_refill,R3,rule,visible,E2,true,
tokenquota_floor,tokenquota,floor,false,R4,glm-5.2,1,E2_rounding_policy,R4,rule,visible,E2,true,
tokenquota_floor,tokenquota,floor,false,R4,glm-5.2,1,E2_available_value,R5,rule,visible,E2,true,
tokenquota_floor,tokenquota,floor,false,R4,glm-5.2,1,E3_capacity_backward_clock,R3,rule,visible,E3,true,
tokenquota_floor,tokenquota,floor,false,R4,glm-5.2,1,E4_invalid_values,R6,rule,visible,E4,false,"AssertionError: expected ValueError, no exception raised"
tokenquota_floor,tokenquota,floor,false,R4,glm-5.2,1,E4_value_error,X1,error,visible,E4,false,"AssertionError: expected ValueError, no exception raised"
tokenquota_floor,tokenquota,floor,false,R4,glm-5.2,1,E5_thread_safety,R7,rule,visible,E5,true,
tokenquota_floor,tokenquota,floor,false,R4,glm-5.2,1,E6_supplied_clock,C1,constraint,visible,E6,true,
tokenquota_floor,tokenquota,floor,false,R4,glm-5.2,1,E6_clock_refill,R3,rule,visible,E6,true,
tokenquota_floor,tokenquota,floor,false,R4,glm-5.2,1,hidden_initial_full,R1,rule,hidden,,true,
tokenquota_floor,tokenquota,floor,false,R4,glm-5.2,1,hidden_failed_allow_no_consume,R2,rule,hidden,,true,
tokenquota_floor,tokenquota,floor,false,R4,glm-5.2,1,hidden_elapsed_capacity_clock,R3,rule,hidden,,true,
tokenquota_floor,tokenquota,floor,false,R4,glm-5.2,1,hidden_fractional_policy,R4,rule,hidden,,true,
tokenquota_floor,tokenquota,floor,false,R4,glm-5.2,1,hidden_available_no_consume,R5,rule,hidden,,true,
tokenquota_floor,tokenquota,floor,false,R4,glm-5.2,1,hidden_constructor_and_amount_validation,R6,rule,hidden,,false,"AssertionError: expected ValueError, no exception raised"
tokenquota_floor,tokenquota,floor,false,R4,glm-5.2,1,hidden_concurrent_limit,R7,rule,hidden,,true,
tokenquota_floor,tokenquota,floor,false,R4,glm-5.2,1,hidden_full_smoke,D1,done_when,hidden,,true,
tokenquota_floor,tokenquota,floor,false,R4,glm-5.2,1,hidden_clock_and_stdlib,C1,constraint,hidden,,true,
tokenquota_floor,tokenquota,floor,false,R4,glm-5.2,1,hidden_invalid_atomicity,X1,error,hidden,,false,"AssertionError: expected ValueError, no exception raised"
tokenquota_floor,tokenquota,floor,false,R4,glm-5.2,2,E1_public_import,R1,rule,visible,E1,true,
tokenquota_floor,tokenquota,floor,false,R4,glm-5.2,2,E1_consumption,R2,rule,visible,E1,true,
tokenquota_floor,tokenquota,floor,false,R4,glm-5.2,2,E1_end_to_end,D1,done_when,visible,E1,true,
tokenquota_floor,tokenquota,floor,false,R4,glm-5.2,2,E2_elapsed_refill,R3,rule,visible,E2,true,
tokenquota_floor,tokenquota,floor,false,R4,glm-5.2,2,E2_rounding_policy,R4,rule,visible,E2,true,
tokenquota_floor,tokenquota,floor,false,R4,glm-5.2,2,E2_available_value,R5,rule,visible,E2,true,
tokenquota_floor,tokenquota,floor,false,R4,glm-5.2,2,E3_capacity_backward_clock,R3,rule,visible,E3,true,
tokenquota_floor,tokenquota,floor,false,R4,glm-5.2,2,E4_invalid_values,R6,rule,visible,E4,false,"AssertionError: expected ValueError, no exception raised"
tokenquota_floor,tokenquota,floor,false,R4,glm-5.2,2,E4_value_error,X1,error,visible,E4,false,"AssertionError: expected ValueError, no exception raised"
tokenquota_floor,tokenquota,floor,false,R4,glm-5.2,2,E5_thread_safety,R7,rule,visible,E5,true,
tokenquota_floor,tokenquota,floor,false,R4,glm-5.2,2,E6_supplied_clock,C1,constraint,visible,E6,true,
tokenquota_floor,tokenquota,floor,false,R4,glm-5.2,2,E6_clock_refill,R3,rule,visible,E6,true,
tokenquota_floor,tokenquota,floor,false,R4,glm-5.2,2,hidden_initial_full,R1,rule,hidden,,false,"AssertionError: expected 2.5, got 2"
tokenquota_floor,tokenquota,floor,false,R4,glm-5.2,2,hidden_failed_allow_no_consume,R2,rule,hidden,,false,"AssertionError: expected 2.5, got 2"
tokenquota_floor,tokenquota,floor,false,R4,glm-5.2,2,hidden_elapsed_capacity_clock,R3,rule,hidden,,true,
tokenquota_floor,tokenquota,floor,false,R4,glm-5.2,2,hidden_fractional_policy,R4,rule,hidden,,true,
tokenquota_floor,tokenquota,floor,false,R4,glm-5.2,2,hidden_available_no_consume,R5,rule,hidden,,true,
tokenquota_floor,tokenquota,floor,false,R4,glm-5.2,2,hidden_constructor_and_amount_validation,R6,rule,hidden,,false,"AssertionError: expected ValueError, no exception raised"
tokenquota_floor,tokenquota,floor,false,R4,glm-5.2,2,hidden_concurrent_limit,R7,rule,hidden,,true,
tokenquota_floor,tokenquota,floor,false,R4,glm-5.2,2,hidden_full_smoke,D1,done_when,hidden,,true,
tokenquota_floor,tokenquota,floor,false,R4,glm-5.2,2,hidden_clock_and_stdlib,C1,constraint,hidden,,true,
tokenquota_floor,tokenquota,floor,false,R4,glm-5.2,2,hidden_invalid_atomicity,X1,error,hidden,,false,"AssertionError: expected ValueError, no exception raised"
tokenquota_floor,tokenquota,floor,false,R4,glm-5.2,3,E1_public_import,R1,rule,visible,E1,true,
tokenquota_floor,tokenquota,floor,false,R4,glm-5.2,3,E1_consumption,R2,rule,visible,E1,true,
tokenquota_floor,tokenquota,floor,false,R4,glm-5.2,3,E1_end_to_end,D1,done_when,visible,E1,true,
tokenquota_floor,tokenquota,floor,false,R4,glm-5.2,3,E2_elapsed_refill,R3,rule,visible,E2,true,
tokenquota_floor,tokenquota,floor,false,R4,glm-5.2,3,E2_rounding_policy,R4,rule,visible,E2,true,
tokenquota_floor,tokenquota,floor,false,R4,glm-5.2,3,E2_available_value,R5,rule,visible,E2,true,
tokenquota_floor,tokenquota,floor,false,R4,glm-5.2,3,E3_capacity_backward_clock,R3,rule,visible,E3,true,
tokenquota_floor,tokenquota,floor,false,R4,glm-5.2,3,E4_invalid_values,R6,rule,visible,E4,false,"AssertionError: expected ValueError, no exception raised"
tokenquota_floor,tokenquota,floor,false,R4,glm-5.2,3,E4_value_error,X1,error,visible,E4,false,"AssertionError: expected ValueError, no exception raised"
tokenquota_floor,tokenquota,floor,false,R4,glm-5.2,3,E5_thread_safety,R7,rule,visible,E5,true,
tokenquota_floor,tokenquota,floor,false,R4,glm-5.2,3,E6_supplied_clock,C1,constraint,visible,E6,false,"AssertionError: expected 1.0, got 6"
tokenquota_floor,tokenquota,floor,false,R4,glm-5.2,3,E6_clock_refill,R3,rule,visible,E6,false,"AssertionError: expected 1.0, got 6"
tokenquota_floor,tokenquota,floor,false,R4,glm-5.2,3,hidden_initial_full,R1,rule,hidden,,true,
tokenquota_floor,tokenquota,floor,false,R4,glm-5.2,3,hidden_failed_allow_no_consume,R2,rule,hidden,,true,
tokenquota_floor,tokenquota,floor,false,R4,glm-5.2,3,hidden_elapsed_capacity_clock,R3,rule,hidden,,true,
tokenquota_floor,tokenquota,floor,false,R4,glm-5.2,3,hidden_fractional_policy,R4,rule,hidden,,true,
tokenquota_floor,tokenquota,floor,false,R4,glm-5.2,3,hidden_available_no_consume,R5,rule,hidden,,true,
tokenquota_floor,tokenquota,floor,false,R4,glm-5.2,3,hidden_constructor_and_amount_validation,R6,rule,hidden,,false,"AssertionError: expected ValueError, no exception raised"
tokenquota_floor,tokenquota,floor,false,R4,glm-5.2,3,hidden_concurrent_limit,R7,rule,hidden,,true,
tokenquota_floor,tokenquota,floor,false,R4,glm-5.2,3,hidden_full_smoke,D1,done_when,hidden,,true,
tokenquota_floor,tokenquota,floor,false,R4,glm-5.2,3,hidden_clock_and_stdlib,C1,constraint,hidden,,false,"AssertionError: expected 1.0, got 6"
tokenquota_floor,tokenquota,floor,false,R4,glm-5.2,3,hidden_invalid_atomicity,X1,error,hidden,,false,"AssertionError: expected ValueError, no exception raised"
tokenquota_floor,tokenquota,floor,false,R4,minimax-m3,1,E1_public_import,R1,rule,visible,E1,true,
tokenquota_floor,tokenquota,floor,false,R4,minimax-m3,1,E1_consumption,R2,rule,visible,E1,false,AttributeError: 'FakeClock' object has no attribute 'now'
tokenquota_floor,tokenquota,floor,false,R4,minimax-m3,1,E1_end_to_end,D1,done_when,visible,E1,false,AttributeError: 'FakeClock' object has no attribute 'now'
tokenquota_floor,tokenquota,floor,false,R4,minimax-m3,1,E2_elapsed_refill,R3,rule,visible,E2,false,AttributeError: 'FakeClock' object has no attribute 'now'
tokenquota_floor,tokenquota,floor,false,R4,minimax-m3,1,E2_rounding_policy,R4,rule,visible,E2,false,AttributeError: 'FakeClock' object has no attribute 'now'
tokenquota_floor,tokenquota,floor,false,R4,minimax-m3,1,E2_available_value,R5,rule,visible,E2,false,AttributeError: 'FakeClock' object has no attribute 'now'
tokenquota_floor,tokenquota,floor,false,R4,minimax-m3,1,E3_capacity_backward_clock,R3,rule,visible,E3,false,AttributeError: 'FakeClock' object has no attribute 'now'
tokenquota_floor,tokenquota,floor,false,R4,minimax-m3,1,E4_invalid_values,R6,rule,visible,E4,false,AttributeError: 'FakeClock' object has no attribute 'now'
tokenquota_floor,tokenquota,floor,false,R4,minimax-m3,1,E4_value_error,X1,error,visible,E4,false,AttributeError: 'FakeClock' object has no attribute 'now'
tokenquota_floor,tokenquota,floor,false,R4,minimax-m3,1,E5_thread_safety,R7,rule,visible,E5,false,AttributeError: 'FakeClock' object has no attribute 'now'
tokenquota_floor,tokenquota,floor,false,R4,minimax-m3,1,E6_supplied_clock,C1,constraint,visible,E6,false,AttributeError: 'FakeClock' object has no attribute 'now'
tokenquota_floor,tokenquota,floor,false,R4,minimax-m3,1,E6_clock_refill,R3,rule,visible,E6,false,AttributeError: 'FakeClock' object has no attribute 'now'
tokenquota_floor,tokenquota,floor,false,R4,minimax-m3,1,hidden_initial_full,R1,rule,hidden,,false,AttributeError: 'FakeClock' object has no attribute 'now'
tokenquota_floor,tokenquota,floor,false,R4,minimax-m3,1,hidden_failed_allow_no_consume,R2,rule,hidden,,false,AttributeError: 'FakeClock' object has no attribute 'now'
tokenquota_floor,tokenquota,floor,false,R4,minimax-m3,1,hidden_elapsed_capacity_clock,R3,rule,hidden,,false,AttributeError: 'FakeClock' object has no attribute 'now'
tokenquota_floor,tokenquota,floor,false,R4,minimax-m3,1,hidden_fractional_policy,R4,rule,hidden,,false,AttributeError: 'FakeClock' object has no attribute 'now'
tokenquota_floor,tokenquota,floor,false,R4,minimax-m3,1,hidden_available_no_consume,R5,rule,hidden,,false,AttributeError: 'FakeClock' object has no attribute 'now'
tokenquota_floor,tokenquota,floor,false,R4,minimax-m3,1,hidden_constructor_and_amount_validation,R6,rule,hidden,,false,AttributeError: 'FakeClock' object has no attribute 'now'
tokenquota_floor,tokenquota,floor,false,R4,minimax-m3,1,hidden_concurrent_limit,R7,rule,hidden,,false,AttributeError: 'FakeClock' object has no attribute 'now'
tokenquota_floor,tokenquota,floor,false,R4,minimax-m3,1,hidden_full_smoke,D1,done_when,hidden,,false,AttributeError: 'FakeClock' object has no attribute 'now'
tokenquota_floor,tokenquota,floor,false,R4,minimax-m3,1,hidden_clock_and_stdlib,C1,constraint,hidden,,false,AttributeError: 'FakeClock' object has no attribute 'now'
tokenquota_floor,tokenquota,floor,false,R4,minimax-m3,1,hidden_invalid_atomicity,X1,error,hidden,,false,AttributeError: 'FakeClock' object has no attribute 'now'
tokenquota_floor,tokenquota,floor,false,R4,minimax-m3,2,E1_public_import,R1,rule,visible,E1,true,
tokenquota_floor,tokenquota,floor,false,R4,minimax-m3,2,E1_consumption,R2,rule,visible,E1,true,
tokenquota_floor,tokenquota,floor,false,R4,minimax-m3,2,E1_end_to_end,D1,done_when,visible,E1,true,
tokenquota_floor,tokenquota,floor,false,R4,minimax-m3,2,E2_elapsed_refill,R3,rule,visible,E2,true,
tokenquota_floor,tokenquota,floor,false,R4,minimax-m3,2,E2_rounding_policy,R4,rule,visible,E2,true,
tokenquota_floor,tokenquota,floor,false,R4,minimax-m3,2,E2_available_value,R5,rule,visible,E2,true,
tokenquota_floor,tokenquota,floor,false,R4,minimax-m3,2,E3_capacity_backward_clock,R3,rule,visible,E3,true,
tokenquota_floor,tokenquota,floor,false,R4,minimax-m3,2,E4_invalid_values,R6,rule,visible,E4,false,"AssertionError: expected ValueError, no exception raised"
tokenquota_floor,tokenquota,floor,false,R4,minimax-m3,2,E4_value_error,X1,error,visible,E4,false,"AssertionError: expected ValueError, no exception raised"
tokenquota_floor,tokenquota,floor,false,R4,minimax-m3,2,E5_thread_safety,R7,rule,visible,E5,true,
tokenquota_floor,tokenquota,floor,false,R4,minimax-m3,2,E6_supplied_clock,C1,constraint,visible,E6,true,
tokenquota_floor,tokenquota,floor,false,R4,minimax-m3,2,E6_clock_refill,R3,rule,visible,E6,true,
tokenquota_floor,tokenquota,floor,false,R4,minimax-m3,2,hidden_initial_full,R1,rule,hidden,,true,
tokenquota_floor,tokenquota,floor,false,R4,minimax-m3,2,hidden_failed_allow_no_consume,R2,rule,hidden,,true,
tokenquota_floor,tokenquota,floor,false,R4,minimax-m3,2,hidden_elapsed_capacity_clock,R3,rule,hidden,,true,
tokenquota_floor,tokenquota,floor,false,R4,minimax-m3,2,hidden_fractional_policy,R4,rule,hidden,,true,
tokenquota_floor,tokenquota,floor,false,R4,minimax-m3,2,hidden_available_no_consume,R5,rule,hidden,,true,
tokenquota_floor,tokenquota,floor,false,R4,minimax-m3,2,hidden_constructor_and_amount_validation,R6,rule,hidden,,false,"AssertionError: expected ValueError, no exception raised"
tokenquota_floor,tokenquota,floor,false,R4,minimax-m3,2,hidden_concurrent_limit,R7,rule,hidden,,true,
tokenquota_floor,tokenquota,floor,false,R4,minimax-m3,2,hidden_full_smoke,D1,done_when,hidden,,true,
tokenquota_floor,tokenquota,floor,false,R4,minimax-m3,2,hidden_clock_and_stdlib,C1,constraint,hidden,,true,
tokenquota_floor,tokenquota,floor,false,R4,minimax-m3,2,hidden_invalid_atomicity,X1,error,hidden,,false,"AssertionError: expected ValueError, no exception raised"
tokenquota_floor,tokenquota,floor,false,R4,minimax-m3,3,E1_public_import,R1,rule,visible,E1,true,
tokenquota_floor,tokenquota,floor,false,R4,minimax-m3,3,E1_consumption,R2,rule,visible,E1,true,
tokenquota_floor,tokenquota,floor,false,R4,minimax-m3,3,E1_end_to_end,D1,done_when,visible,E1,true,
tokenquota_floor,tokenquota,floor,false,R4,minimax-m3,3,E2_elapsed_refill,R3,rule,visible,E2,true,
tokenquota_floor,tokenquota,floor,false,R4,minimax-m3,3,E2_rounding_policy,R4,rule,visible,E2,true,
tokenquota_floor,tokenquota,floor,false,R4,minimax-m3,3,E2_available_value,R5,rule,visible,E2,true,
tokenquota_floor,tokenquota,floor,false,R4,minimax-m3,3,E3_capacity_backward_clock,R3,rule,visible,E3,true,
tokenquota_floor,tokenquota,floor,false,R4,minimax-m3,3,E4_invalid_values,R6,rule,visible,E4,false,"AssertionError: expected ValueError, no exception raised"
tokenquota_floor,tokenquota,floor,false,R4,minimax-m3,3,E4_value_error,X1,error,visible,E4,false,"AssertionError: expected ValueError, no exception raised"
tokenquota_floor,tokenquota,floor,false,R4,minimax-m3,3,E5_thread_safety,R7,rule,visible,E5,true,
tokenquota_floor,tokenquota,floor,false,R4,minimax-m3,3,E6_supplied_clock,C1,constraint,visible,E6,true,
tokenquota_floor,tokenquota,floor,false,R4,minimax-m3,3,E6_clock_refill,R3,rule,visible,E6,true,
tokenquota_floor,tokenquota,floor,false,R4,minimax-m3,3,hidden_initial_full,R1,rule,hidden,,true,
tokenquota_floor,tokenquota,floor,false,R4,minimax-m3,3,hidden_failed_allow_no_consume,R2,rule,hidden,,true,
tokenquota_floor,tokenquota,floor,false,R4,minimax-m3,3,hidden_elapsed_capacity_clock,R3,rule,hidden,,true,
tokenquota_floor,tokenquota,floor,false,R4,minimax-m3,3,hidden_fractional_policy,R4,rule,hidden,,true,
tokenquota_floor,tokenquota,floor,false,R4,minimax-m3,3,hidden_available_no_consume,R5,rule,hidden,,true,
tokenquota_floor,tokenquota,floor,false,R4,minimax-m3,3,hidden_constructor_and_amount_validation,R6,rule,hidden,,false,"AssertionError: expected ValueError, no exception raised"
tokenquota_floor,tokenquota,floor,false,R4,minimax-m3,3,hidden_concurrent_limit,R7,rule,hidden,,true,
tokenquota_floor,tokenquota,floor,false,R4,minimax-m3,3,hidden_full_smoke,D1,done_when,hidden,,true,
tokenquota_floor,tokenquota,floor,false,R4,minimax-m3,3,hidden_clock_and_stdlib,C1,constraint,hidden,,true,
tokenquota_floor,tokenquota,floor,false,R4,minimax-m3,3,hidden_invalid_atomicity,X1,error,hidden,,false,"AssertionError: expected ValueError, no exception raised"
tokenquota_floor,tokenquota,floor,false,R4,qwen3.7-max,1,E1_public_import,R1,rule,visible,E1,true,
tokenquota_floor,tokenquota,floor,false,R4,qwen3.7-max,1,E1_consumption,R2,rule,visible,E1,true,
tokenquota_floor,tokenquota,floor,false,R4,qwen3.7-max,1,E1_end_to_end,D1,done_when,visible,E1,true,
tokenquota_floor,tokenquota,floor,false,R4,qwen3.7-max,1,E2_elapsed_refill,R3,rule,visible,E2,true,
tokenquota_floor,tokenquota,floor,false,R4,qwen3.7-max,1,E2_rounding_policy,R4,rule,visible,E2,true,
tokenquota_floor,tokenquota,floor,false,R4,qwen3.7-max,1,E2_available_value,R5,rule,visible,E2,true,
tokenquota_floor,tokenquota,floor,false,R4,qwen3.7-max,1,E3_capacity_backward_clock,R3,rule,visible,E3,true,
tokenquota_floor,tokenquota,floor,false,R4,qwen3.7-max,1,E4_invalid_values,R6,rule,visible,E4,false,"AssertionError: expected ValueError, no exception raised"
tokenquota_floor,tokenquota,floor,false,R4,qwen3.7-max,1,E4_value_error,X1,error,visible,E4,false,"AssertionError: expected ValueError, no exception raised"
tokenquota_floor,tokenquota,floor,false,R4,qwen3.7-max,1,E5_thread_safety,R7,rule,visible,E5,true,
tokenquota_floor,tokenquota,floor,false,R4,qwen3.7-max,1,E6_supplied_clock,C1,constraint,visible,E6,false,"AssertionError: expected 1.0, got 6"
tokenquota_floor,tokenquota,floor,false,R4,qwen3.7-max,1,E6_clock_refill,R3,rule,visible,E6,false,"AssertionError: expected 1.0, got 6"
tokenquota_floor,tokenquota,floor,false,R4,qwen3.7-max,1,hidden_initial_full,R1,rule,hidden,,false,"AssertionError: expected 2.5, got 2"
tokenquota_floor,tokenquota,floor,false,R4,qwen3.7-max,1,hidden_failed_allow_no_consume,R2,rule,hidden,,false,"AssertionError: expected 2.5, got 2"
tokenquota_floor,tokenquota,floor,false,R4,qwen3.7-max,1,hidden_elapsed_capacity_clock,R3,rule,hidden,,true,
tokenquota_floor,tokenquota,floor,false,R4,qwen3.7-max,1,hidden_fractional_policy,R4,rule,hidden,,true,
tokenquota_floor,tokenquota,floor,false,R4,qwen3.7-max,1,hidden_available_no_consume,R5,rule,hidden,,true,
tokenquota_floor,tokenquota,floor,false,R4,qwen3.7-max,1,hidden_constructor_and_amount_validation,R6,rule,hidden,,false,"AssertionError: expected ValueError, no exception raised"
tokenquota_floor,tokenquota,floor,false,R4,qwen3.7-max,1,hidden_concurrent_limit,R7,rule,hidden,,true,
tokenquota_floor,tokenquota,floor,false,R4,qwen3.7-max,1,hidden_full_smoke,D1,done_when,hidden,,true,
tokenquota_floor,tokenquota,floor,false,R4,qwen3.7-max,1,hidden_clock_and_stdlib,C1,constraint,hidden,,false,"AssertionError: expected 1.0, got 6"
tokenquota_floor,tokenquota,floor,false,R4,qwen3.7-max,1,hidden_invalid_atomicity,X1,error,hidden,,false,"AssertionError: expected ValueError, no exception raised"
tokenquota_floor,tokenquota,floor,false,R4,qwen3.7-max,2,E1_public_import,R1,rule,visible,E1,true,
tokenquota_floor,tokenquota,floor,false,R4,qwen3.7-max,2,E1_consumption,R2,rule,visible,E1,true,
tokenquota_floor,tokenquota,floor,false,R4,qwen3.7-max,2,E1_end_to_end,D1,done_when,visible,E1,true,
tokenquota_floor,tokenquota,floor,false,R4,qwen3.7-max,2,E2_elapsed_refill,R3,rule,visible,E2,true,
tokenquota_floor,tokenquota,floor,false,R4,qwen3.7-max,2,E2_rounding_policy,R4,rule,visible,E2,true,
tokenquota_floor,tokenquota,floor,false,R4,qwen3.7-max,2,E2_available_value,R5,rule,visible,E2,true,
tokenquota_floor,tokenquota,floor,false,R4,qwen3.7-max,2,E3_capacity_backward_clock,R3,rule,visible,E3,true,
tokenquota_floor,tokenquota,floor,false,R4,qwen3.7-max,2,E4_invalid_values,R6,rule,visible,E4,false,"AssertionError: expected ValueError, no exception raised"
tokenquota_floor,tokenquota,floor,false,R4,qwen3.7-max,2,E4_value_error,X1,error,visible,E4,false,"AssertionError: expected ValueError, no exception raised"
tokenquota_floor,tokenquota,floor,false,R4,qwen3.7-max,2,E5_thread_safety,R7,rule,visible,E5,true,
tokenquota_floor,tokenquota,floor,false,R4,qwen3.7-max,2,E6_supplied_clock,C1,constraint,visible,E6,true,
tokenquota_floor,tokenquota,floor,false,R4,qwen3.7-max,2,E6_clock_refill,R3,rule,visible,E6,true,
tokenquota_floor,tokenquota,floor,false,R4,qwen3.7-max,2,hidden_initial_full,R1,rule,hidden,,true,
tokenquota_floor,tokenquota,floor,false,R4,qwen3.7-max,2,hidden_failed_allow_no_consume,R2,rule,hidden,,true,
tokenquota_floor,tokenquota,floor,false,R4,qwen3.7-max,2,hidden_elapsed_capacity_clock,R3,rule,hidden,,true,
tokenquota_floor,tokenquota,floor,false,R4,qwen3.7-max,2,hidden_fractional_policy,R4,rule,hidden,,true,
tokenquota_floor,tokenquota,floor,false,R4,qwen3.7-max,2,hidden_available_no_consume,R5,rule,hidden,,true,
tokenquota_floor,tokenquota,floor,false,R4,qwen3.7-max,2,hidden_constructor_and_amount_validation,R6,rule,hidden,,false,"AssertionError: expected ValueError, no exception raised"
tokenquota_floor,tokenquota,floor,false,R4,qwen3.7-max,2,hidden_concurrent_limit,R7,rule,hidden,,true,
tokenquota_floor,tokenquota,floor,false,R4,qwen3.7-max,2,hidden_full_smoke,D1,done_when,hidden,,true,
tokenquota_floor,tokenquota,floor,false,R4,qwen3.7-max,2,hidden_clock_and_stdlib,C1,constraint,hidden,,true,
tokenquota_floor,tokenquota,floor,false,R4,qwen3.7-max,2,hidden_invalid_atomicity,X1,error,hidden,,false,"AssertionError: expected ValueError, no exception raised"
tokenquota_floor,tokenquota,floor,false,R4,qwen3.7-max,3,E1_public_import,R1,rule,visible,E1,true,
tokenquota_floor,tokenquota,floor,false,R4,qwen3.7-max,3,E1_consumption,R2,rule,visible,E1,true,
tokenquota_floor,tokenquota,floor,false,R4,qwen3.7-max,3,E1_end_to_end,D1,done_when,visible,E1,true,
tokenquota_floor,tokenquota,floor,false,R4,qwen3.7-max,3,E2_elapsed_refill,R3,rule,visible,E2,true,
tokenquota_floor,tokenquota,floor,false,R4,qwen3.7-max,3,E2_rounding_policy,R4,rule,visible,E2,true,
tokenquota_floor,tokenquota,floor,false,R4,qwen3.7-max,3,E2_available_value,R5,rule,visible,E2,true,
tokenquota_floor,tokenquota,floor,false,R4,qwen3.7-max,3,E3_capacity_backward_clock,R3,rule,visible,E3,true,
tokenquota_floor,tokenquota,floor,false,R4,qwen3.7-max,3,E4_invalid_values,R6,rule,visible,E4,false,"AssertionError: expected ValueError, no exception raised"
tokenquota_floor,tokenquota,floor,false,R4,qwen3.7-max,3,E4_value_error,X1,error,visible,E4,false,"AssertionError: expected ValueError, no exception raised"
tokenquota_floor,tokenquota,floor,false,R4,qwen3.7-max,3,E5_thread_safety,R7,rule,visible,E5,true,
tokenquota_floor,tokenquota,floor,false,R4,qwen3.7-max,3,E6_supplied_clock,C1,constraint,visible,E6,true,
tokenquota_floor,tokenquota,floor,false,R4,qwen3.7-max,3,E6_clock_refill,R3,rule,visible,E6,true,
tokenquota_floor,tokenquota,floor,false,R4,qwen3.7-max,3,hidden_initial_full,R1,rule,hidden,,true,
tokenquota_floor,tokenquota,floor,false,R4,qwen3.7-max,3,hidden_failed_allow_no_consume,R2,rule,hidden,,true,
tokenquota_floor,tokenquota,floor,false,R4,qwen3.7-max,3,hidden_elapsed_capacity_clock,R3,rule,hidden,,true,
tokenquota_floor,tokenquota,floor,false,R4,qwen3.7-max,3,hidden_fractional_policy,R4,rule,hidden,,true,
tokenquota_floor,tokenquota,floor,false,R4,qwen3.7-max,3,hidden_available_no_consume,R5,rule,hidden,,true,
tokenquota_floor,tokenquota,floor,false,R4,qwen3.7-max,3,hidden_constructor_and_amount_validation,R6,rule,hidden,,false,"AssertionError: expected ValueError, no exception raised"
tokenquota_floor,tokenquota,floor,false,R4,qwen3.7-max,3,hidden_concurrent_limit,R7,rule,hidden,,true,
tokenquota_floor,tokenquota,floor,false,R4,qwen3.7-max,3,hidden_full_smoke,D1,done_when,hidden,,true,
tokenquota_floor,tokenquota,floor,false,R4,qwen3.7-max,3,hidden_clock_and_stdlib,C1,constraint,hidden,,true,
tokenquota_floor,tokenquota,floor,false,R4,qwen3.7-max,3,hidden_invalid_atomicity,X1,error,hidden,,false,"AssertionError: expected ValueError, no exception raised"
wirecodec_base,wirecodec,base,true,R6,glm-5.2,1,E1_public_import,R1,rule,visible,E1,true,
wirecodec_base,wirecodec,base,true,R6,glm-5.2,1,E1_encode_validation,R2,rule,visible,E1,true,
wirecodec_base,wirecodec,base,true,R6,glm-5.2,1,E1_canonical_v2,R3,rule,visible,E1,true,
wirecodec_base,wirecodec,base,true,R6,glm-5.2,1,E1_evolved_encoding,V1,baseline_evolve,visible,E1,true,
wirecodec_base,wirecodec,base,true,R6,glm-5.2,1,E1_preserved_imports,P2,baseline_preserve,visible,E1,true,
wirecodec_base,wirecodec,base,true,R6,glm-5.2,1,E1_end_to_end,D1,done_when,visible,E1,true,
wirecodec_base,wirecodec,base,true,R6,glm-5.2,1,E2_decode_v1,R4,rule,visible,E2,true,
wirecodec_base,wirecodec,base,true,R6,glm-5.2,1,E2_preserve_v1,P1,baseline_preserve,visible,E2,true,
wirecodec_base,wirecodec,base,true,R6,glm-5.2,1,E3_v2_canonical,R3,rule,visible,E3,true,
wirecodec_base,wirecodec,base,true,R6,glm-5.2,1,E3_decode_v2,R4,rule,visible,E3,true,
wirecodec_base,wirecodec,base,true,R6,glm-5.2,1,E3_validate_checksum,R5,rule,visible,E3,true,
wirecodec_base,wirecodec,base,true,R6,glm-5.2,1,E3_evolved_decode,V2,baseline_evolve,visible,E3,true,
wirecodec_base,wirecodec,base,true,R6,glm-5.2,1,E4_unknown_fields,R6,rule,visible,E4,true,
wirecodec_base,wirecodec,base,true,R6,glm-5.2,1,E5_checksum_mismatch,R5,rule,visible,E5,true,
wirecodec_base,wirecodec,base,true,R6,glm-5.2,1,E5_codec_error,X2,error,visible,E5,true,
wirecodec_base,wirecodec,base,true,R6,glm-5.2,1,E6_encode_repeatability,R2,rule,visible,E6,false,AssertionError: Unicode was escaped
wirecodec_base,wirecodec,base,true,R6,glm-5.2,1,E6_deterministic_bytes,R7,rule,visible,E6,false,AssertionError: Unicode was escaped
wirecodec_base,wirecodec,base,true,R6,glm-5.2,1,E7_invalid_encode,R2,rule,visible,E7,true,
wirecodec_base,wirecodec,base,true,R6,glm-5.2,1,E7_value_error,X1,error,visible,E7,true,
wirecodec_base,wirecodec,base,true,R6,glm-5.2,1,E8_stdlib_sha256,C1,constraint,visible,E8,true,
wirecodec_base,wirecodec,base,true,R6,glm-5.2,1,hidden_public_symbols,R1,rule,hidden,,false,AssertionError: check returned false
wirecodec_base,wirecodec,base,true,R6,glm-5.2,1,hidden_encode_input_contract,R2,rule,hidden,,true,
wirecodec_base,wirecodec,base,true,R6,glm-5.2,1,hidden_canonical_checksum,R3,rule,hidden,,true,
wirecodec_base,wirecodec,base,true,R6,glm-5.2,1,hidden_explicit_v1,R4,rule,hidden,,true,
wirecodec_base,wirecodec,base,true,R6,glm-5.2,1,hidden_v2_checksum_rejection,R5,rule,hidden,,true,
wirecodec_base,wirecodec,base,true,R6,glm-5.2,1,hidden_unknown_v1,R6,rule,hidden,,true,
wirecodec_base,wirecodec,base,true,R6,glm-5.2,1,hidden_unknown_v2,R6,rule,hidden,,true,
wirecodec_base,wirecodec,base,true,R6,glm-5.2,1,hidden_empty_extras_omitted,R6,rule,hidden,,true,
wirecodec_base,wirecodec,base,true,R6,glm-5.2,1,hidden_unicode_repeatability,R7,rule,hidden,,false,AssertionError: Unicode was escaped
wirecodec_base,wirecodec,base,true,R6,glm-5.2,1,hidden_full_smoke,D1,done_when,hidden,,true,
wirecodec_base,wirecodec,base,true,R6,glm-5.2,1,hidden_stdlib_and_sha256,C1,constraint,hidden,,true,
wirecodec_base,wirecodec,base,true,R6,glm-5.2,1,hidden_v1_compatibility,P1,baseline_preserve,hidden,,true,
wirecodec_base,wirecodec,base,true,R6,glm-5.2,1,hidden_import_stability,P2,baseline_preserve,hidden,,true,
wirecodec_base,wirecodec,base,true,R6,glm-5.2,1,hidden_v2_encode,V1,baseline_evolve,hidden,,true,
wirecodec_base,wirecodec,base,true,R6,glm-5.2,1,hidden_v2_decode,V2,baseline_evolve,hidden,,true,
wirecodec_base,wirecodec,base,true,R6,glm-5.2,1,hidden_value_error,X1,error,hidden,,true,
wirecodec_base,wirecodec,base,true,R6,glm-5.2,1,hidden_codec_errors,X2,error,hidden,,true,
wirecodec_base,wirecodec,base,true,R6,glm-5.2,2,E1_public_import,R1,rule,visible,E1,true,
wirecodec_base,wirecodec,base,true,R6,glm-5.2,2,E1_encode_validation,R2,rule,visible,E1,true,
wirecodec_base,wirecodec,base,true,R6,glm-5.2,2,E1_canonical_v2,R3,rule,visible,E1,true,
wirecodec_base,wirecodec,base,true,R6,glm-5.2,2,E1_evolved_encoding,V1,baseline_evolve,visible,E1,true,
wirecodec_base,wirecodec,base,true,R6,glm-5.2,2,E1_preserved_imports,P2,baseline_preserve,visible,E1,true,
wirecodec_base,wirecodec,base,true,R6,glm-5.2,2,E1_end_to_end,D1,done_when,visible,E1,true,
wirecodec_base,wirecodec,base,true,R6,glm-5.2,2,E2_decode_v1,R4,rule,visible,E2,true,
wirecodec_base,wirecodec,base,true,R6,glm-5.2,2,E2_preserve_v1,P1,baseline_preserve,visible,E2,true,
wirecodec_base,wirecodec,base,true,R6,glm-5.2,2,E3_v2_canonical,R3,rule,visible,E3,true,
wirecodec_base,wirecodec,base,true,R6,glm-5.2,2,E3_decode_v2,R4,rule,visible,E3,true,
wirecodec_base,wirecodec,base,true,R6,glm-5.2,2,E3_validate_checksum,R5,rule,visible,E3,true,
wirecodec_base,wirecodec,base,true,R6,glm-5.2,2,E3_evolved_decode,V2,baseline_evolve,visible,E3,true,
wirecodec_base,wirecodec,base,true,R6,glm-5.2,2,E4_unknown_fields,R6,rule,visible,E4,true,
wirecodec_base,wirecodec,base,true,R6,glm-5.2,2,E5_checksum_mismatch,R5,rule,visible,E5,true,
wirecodec_base,wirecodec,base,true,R6,glm-5.2,2,E5_codec_error,X2,error,visible,E5,true,
wirecodec_base,wirecodec,base,true,R6,glm-5.2,2,E6_encode_repeatability,R2,rule,visible,E6,false,AssertionError: Unicode was escaped
wirecodec_base,wirecodec,base,true,R6,glm-5.2,2,E6_deterministic_bytes,R7,rule,visible,E6,false,AssertionError: Unicode was escaped
wirecodec_base,wirecodec,base,true,R6,glm-5.2,2,E7_invalid_encode,R2,rule,visible,E7,true,
wirecodec_base,wirecodec,base,true,R6,glm-5.2,2,E7_value_error,X1,error,visible,E7,true,
wirecodec_base,wirecodec,base,true,R6,glm-5.2,2,E8_stdlib_sha256,C1,constraint,visible,E8,true,
wirecodec_base,wirecodec,base,true,R6,glm-5.2,2,hidden_public_symbols,R1,rule,hidden,,false,AssertionError: check returned false
wirecodec_base,wirecodec,base,true,R6,glm-5.2,2,hidden_encode_input_contract,R2,rule,hidden,,true,
wirecodec_base,wirecodec,base,true,R6,glm-5.2,2,hidden_canonical_checksum,R3,rule,hidden,,true,
wirecodec_base,wirecodec,base,true,R6,glm-5.2,2,hidden_explicit_v1,R4,rule,hidden,,true,
wirecodec_base,wirecodec,base,true,R6,glm-5.2,2,hidden_v2_checksum_rejection,R5,rule,hidden,,true,
wirecodec_base,wirecodec,base,true,R6,glm-5.2,2,hidden_unknown_v1,R6,rule,hidden,,true,
wirecodec_base,wirecodec,base,true,R6,glm-5.2,2,hidden_unknown_v2,R6,rule,hidden,,true,
wirecodec_base,wirecodec,base,true,R6,glm-5.2,2,hidden_empty_extras_omitted,R6,rule,hidden,,true,
wirecodec_base,wirecodec,base,true,R6,glm-5.2,2,hidden_unicode_repeatability,R7,rule,hidden,,false,AssertionError: Unicode was escaped
wirecodec_base,wirecodec,base,true,R6,glm-5.2,2,hidden_full_smoke,D1,done_when,hidden,,true,
wirecodec_base,wirecodec,base,true,R6,glm-5.2,2,hidden_stdlib_and_sha256,C1,constraint,hidden,,true,
wirecodec_base,wirecodec,base,true,R6,glm-5.2,2,hidden_v1_compatibility,P1,baseline_preserve,hidden,,true,
wirecodec_base,wirecodec,base,true,R6,glm-5.2,2,hidden_import_stability,P2,baseline_preserve,hidden,,true,
wirecodec_base,wirecodec,base,true,R6,glm-5.2,2,hidden_v2_encode,V1,baseline_evolve,hidden,,true,
wirecodec_base,wirecodec,base,true,R6,glm-5.2,2,hidden_v2_decode,V2,baseline_evolve,hidden,,true,
wirecodec_base,wirecodec,base,true,R6,glm-5.2,2,hidden_value_error,X1,error,hidden,,true,
wirecodec_base,wirecodec,base,true,R6,glm-5.2,2,hidden_codec_errors,X2,error,hidden,,true,
wirecodec_base,wirecodec,base,true,R6,glm-5.2,3,E1_public_import,R1,rule,visible,E1,true,
wirecodec_base,wirecodec,base,true,R6,glm-5.2,3,E1_encode_validation,R2,rule,visible,E1,true,
wirecodec_base,wirecodec,base,true,R6,glm-5.2,3,E1_canonical_v2,R3,rule,visible,E1,true,
wirecodec_base,wirecodec,base,true,R6,glm-5.2,3,E1_evolved_encoding,V1,baseline_evolve,visible,E1,true,
wirecodec_base,wirecodec,base,true,R6,glm-5.2,3,E1_preserved_imports,P2,baseline_preserve,visible,E1,true,
wirecodec_base,wirecodec,base,true,R6,glm-5.2,3,E1_end_to_end,D1,done_when,visible,E1,true,
wirecodec_base,wirecodec,base,true,R6,glm-5.2,3,E2_decode_v1,R4,rule,visible,E2,true,
wirecodec_base,wirecodec,base,true,R6,glm-5.2,3,E2_preserve_v1,P1,baseline_preserve,visible,E2,true,
wirecodec_base,wirecodec,base,true,R6,glm-5.2,3,E3_v2_canonical,R3,rule,visible,E3,true,
wirecodec_base,wirecodec,base,true,R6,glm-5.2,3,E3_decode_v2,R4,rule,visible,E3,true,
wirecodec_base,wirecodec,base,true,R6,glm-5.2,3,E3_validate_checksum,R5,rule,visible,E3,true,
wirecodec_base,wirecodec,base,true,R6,glm-5.2,3,E3_evolved_decode,V2,baseline_evolve,visible,E3,true,
wirecodec_base,wirecodec,base,true,R6,glm-5.2,3,E4_unknown_fields,R6,rule,visible,E4,true,
wirecodec_base,wirecodec,base,true,R6,glm-5.2,3,E5_checksum_mismatch,R5,rule,visible,E5,true,
wirecodec_base,wirecodec,base,true,R6,glm-5.2,3,E5_codec_error,X2,error,visible,E5,true,
wirecodec_base,wirecodec,base,true,R6,glm-5.2,3,E6_encode_repeatability,R2,rule,visible,E6,false,AssertionError: Unicode was escaped
wirecodec_base,wirecodec,base,true,R6,glm-5.2,3,E6_deterministic_bytes,R7,rule,visible,E6,false,AssertionError: Unicode was escaped
wirecodec_base,wirecodec,base,true,R6,glm-5.2,3,E7_invalid_encode,R2,rule,visible,E7,false,"AssertionError: expected ValueError, no exception raised"
wirecodec_base,wirecodec,base,true,R6,glm-5.2,3,E7_value_error,X1,error,visible,E7,false,"AssertionError: expected ValueError, no exception raised"
wirecodec_base,wirecodec,base,true,R6,glm-5.2,3,E8_stdlib_sha256,C1,constraint,visible,E8,true,
wirecodec_base,wirecodec,base,true,R6,glm-5.2,3,hidden_public_symbols,R1,rule,hidden,,false,AssertionError: check returned false
wirecodec_base,wirecodec,base,true,R6,glm-5.2,3,hidden_encode_input_contract,R2,rule,hidden,,false,"AssertionError: expected ValueError, no exception raised"
wirecodec_base,wirecodec,base,true,R6,glm-5.2,3,hidden_canonical_checksum,R3,rule,hidden,,true,
wirecodec_base,wirecodec,base,true,R6,glm-5.2,3,hidden_explicit_v1,R4,rule,hidden,,true,
wirecodec_base,wirecodec,base,true,R6,glm-5.2,3,hidden_v2_checksum_rejection,R5,rule,hidden,,true,
wirecodec_base,wirecodec,base,true,R6,glm-5.2,3,hidden_unknown_v1,R6,rule,hidden,,true,
wirecodec_base,wirecodec,base,true,R6,glm-5.2,3,hidden_unknown_v2,R6,rule,hidden,,true,
wirecodec_base,wirecodec,base,true,R6,glm-5.2,3,hidden_empty_extras_omitted,R6,rule,hidden,,true,
wirecodec_base,wirecodec,base,true,R6,glm-5.2,3,hidden_unicode_repeatability,R7,rule,hidden,,false,AssertionError: Unicode was escaped
wirecodec_base,wirecodec,base,true,R6,glm-5.2,3,hidden_full_smoke,D1,done_when,hidden,,true,
wirecodec_base,wirecodec,base,true,R6,glm-5.2,3,hidden_stdlib_and_sha256,C1,constraint,hidden,,true,
wirecodec_base,wirecodec,base,true,R6,glm-5.2,3,hidden_v1_compatibility,P1,baseline_preserve,hidden,,true,
wirecodec_base,wirecodec,base,true,R6,glm-5.2,3,hidden_import_stability,P2,baseline_preserve,hidden,,true,
wirecodec_base,wirecodec,base,true,R6,glm-5.2,3,hidden_v2_encode,V1,baseline_evolve,hidden,,true,
wirecodec_base,wirecodec,base,true,R6,glm-5.2,3,hidden_v2_decode,V2,baseline_evolve,hidden,,true,
wirecodec_base,wirecodec,base,true,R6,glm-5.2,3,hidden_value_error,X1,error,hidden,,false,"AssertionError: expected ValueError, no exception raised"
wirecodec_base,wirecodec,base,true,R6,glm-5.2,3,hidden_codec_errors,X2,error,hidden,,true,
wirecodec_base,wirecodec,base,true,R6,minimax-m3,1,E1_public_import,R1,rule,visible,E1,true,
wirecodec_base,wirecodec,base,true,R6,minimax-m3,1,E1_encode_validation,R2,rule,visible,E1,true,
wirecodec_base,wirecodec,base,true,R6,minimax-m3,1,E1_canonical_v2,R3,rule,visible,E1,true,
wirecodec_base,wirecodec,base,true,R6,minimax-m3,1,E1_evolved_encoding,V1,baseline_evolve,visible,E1,true,
wirecodec_base,wirecodec,base,true,R6,minimax-m3,1,E1_preserved_imports,P2,baseline_preserve,visible,E1,true,
wirecodec_base,wirecodec,base,true,R6,minimax-m3,1,E1_end_to_end,D1,done_when,visible,E1,true,
wirecodec_base,wirecodec,base,true,R6,minimax-m3,1,E2_decode_v1,R4,rule,visible,E2,true,
wirecodec_base,wirecodec,base,true,R6,minimax-m3,1,E2_preserve_v1,P1,baseline_preserve,visible,E2,true,
wirecodec_base,wirecodec,base,true,R6,minimax-m3,1,E3_v2_canonical,R3,rule,visible,E3,true,
wirecodec_base,wirecodec,base,true,R6,minimax-m3,1,E3_decode_v2,R4,rule,visible,E3,true,
wirecodec_base,wirecodec,base,true,R6,minimax-m3,1,E3_validate_checksum,R5,rule,visible,E3,true,
wirecodec_base,wirecodec,base,true,R6,minimax-m3,1,E3_evolved_decode,V2,baseline_evolve,visible,E3,true,
wirecodec_base,wirecodec,base,true,R6,minimax-m3,1,E4_unknown_fields,R6,rule,visible,E4,true,
wirecodec_base,wirecodec,base,true,R6,minimax-m3,1,E5_checksum_mismatch,R5,rule,visible,E5,true,
wirecodec_base,wirecodec,base,true,R6,minimax-m3,1,E5_codec_error,X2,error,visible,E5,true,
wirecodec_base,wirecodec,base,true,R6,minimax-m3,1,E6_encode_repeatability,R2,rule,visible,E6,false,AssertionError: Unicode was escaped
wirecodec_base,wirecodec,base,true,R6,minimax-m3,1,E6_deterministic_bytes,R7,rule,visible,E6,false,AssertionError: Unicode was escaped
wirecodec_base,wirecodec,base,true,R6,minimax-m3,1,E7_invalid_encode,R2,rule,visible,E7,false,"AssertionError: expected ValueError, no exception raised"
wirecodec_base,wirecodec,base,true,R6,minimax-m3,1,E7_value_error,X1,error,visible,E7,false,"AssertionError: expected ValueError, no exception raised"
wirecodec_base,wirecodec,base,true,R6,minimax-m3,1,E8_stdlib_sha256,C1,constraint,visible,E8,true,
wirecodec_base,wirecodec,base,true,R6,minimax-m3,1,hidden_public_symbols,R1,rule,hidden,,false,AssertionError: check returned false
wirecodec_base,wirecodec,base,true,R6,minimax-m3,1,hidden_encode_input_contract,R2,rule,hidden,,false,"AssertionError: expected ValueError, no exception raised"
wirecodec_base,wirecodec,base,true,R6,minimax-m3,1,hidden_canonical_checksum,R3,rule,hidden,,true,
wirecodec_base,wirecodec,base,true,R6,minimax-m3,1,hidden_explicit_v1,R4,rule,hidden,,true,
wirecodec_base,wirecodec,base,true,R6,minimax-m3,1,hidden_v2_checksum_rejection,R5,rule,hidden,,true,
wirecodec_base,wirecodec,base,true,R6,minimax-m3,1,hidden_unknown_v1,R6,rule,hidden,,true,
wirecodec_base,wirecodec,base,true,R6,minimax-m3,1,hidden_unknown_v2,R6,rule,hidden,,true,
wirecodec_base,wirecodec,base,true,R6,minimax-m3,1,hidden_empty_extras_omitted,R6,rule,hidden,,true,
wirecodec_base,wirecodec,base,true,R6,minimax-m3,1,hidden_unicode_repeatability,R7,rule,hidden,,false,AssertionError: Unicode was escaped
wirecodec_base,wirecodec,base,true,R6,minimax-m3,1,hidden_full_smoke,D1,done_when,hidden,,true,
wirecodec_base,wirecodec,base,true,R6,minimax-m3,1,hidden_stdlib_and_sha256,C1,constraint,hidden,,true,
wirecodec_base,wirecodec,base,true,R6,minimax-m3,1,hidden_v1_compatibility,P1,baseline_preserve,hidden,,true,
wirecodec_base,wirecodec,base,true,R6,minimax-m3,1,hidden_import_stability,P2,baseline_preserve,hidden,,true,
wirecodec_base,wirecodec,base,true,R6,minimax-m3,1,hidden_v2_encode,V1,baseline_evolve,hidden,,true,
wirecodec_base,wirecodec,base,true,R6,minimax-m3,1,hidden_v2_decode,V2,baseline_evolve,hidden,,true,
wirecodec_base,wirecodec,base,true,R6,minimax-m3,1,hidden_value_error,X1,error,hidden,,false,"AssertionError: expected ValueError, no exception raised"
wirecodec_base,wirecodec,base,true,R6,minimax-m3,1,hidden_codec_errors,X2,error,hidden,,true,
wirecodec_base,wirecodec,base,true,R6,minimax-m3,2,E1_public_import,R1,rule,visible,E1,true,
wirecodec_base,wirecodec,base,true,R6,minimax-m3,2,E1_encode_validation,R2,rule,visible,E1,true,
wirecodec_base,wirecodec,base,true,R6,minimax-m3,2,E1_canonical_v2,R3,rule,visible,E1,true,
wirecodec_base,wirecodec,base,true,R6,minimax-m3,2,E1_evolved_encoding,V1,baseline_evolve,visible,E1,true,
wirecodec_base,wirecodec,base,true,R6,minimax-m3,2,E1_preserved_imports,P2,baseline_preserve,visible,E1,true,
wirecodec_base,wirecodec,base,true,R6,minimax-m3,2,E1_end_to_end,D1,done_when,visible,E1,true,
wirecodec_base,wirecodec,base,true,R6,minimax-m3,2,E2_decode_v1,R4,rule,visible,E2,true,
wirecodec_base,wirecodec,base,true,R6,minimax-m3,2,E2_preserve_v1,P1,baseline_preserve,visible,E2,true,
wirecodec_base,wirecodec,base,true,R6,minimax-m3,2,E3_v2_canonical,R3,rule,visible,E3,true,
wirecodec_base,wirecodec,base,true,R6,minimax-m3,2,E3_decode_v2,R4,rule,visible,E3,true,
wirecodec_base,wirecodec,base,true,R6,minimax-m3,2,E3_validate_checksum,R5,rule,visible,E3,true,
wirecodec_base,wirecodec,base,true,R6,minimax-m3,2,E3_evolved_decode,V2,baseline_evolve,visible,E3,true,
wirecodec_base,wirecodec,base,true,R6,minimax-m3,2,E4_unknown_fields,R6,rule,visible,E4,true,
wirecodec_base,wirecodec,base,true,R6,minimax-m3,2,E5_checksum_mismatch,R5,rule,visible,E5,true,
wirecodec_base,wirecodec,base,true,R6,minimax-m3,2,E5_codec_error,X2,error,visible,E5,true,
wirecodec_base,wirecodec,base,true,R6,minimax-m3,2,E6_encode_repeatability,R2,rule,visible,E6,false,AssertionError: Unicode was escaped
wirecodec_base,wirecodec,base,true,R6,minimax-m3,2,E6_deterministic_bytes,R7,rule,visible,E6,false,AssertionError: Unicode was escaped
wirecodec_base,wirecodec,base,true,R6,minimax-m3,2,E7_invalid_encode,R2,rule,visible,E7,false,"AssertionError: expected ValueError, no exception raised"
wirecodec_base,wirecodec,base,true,R6,minimax-m3,2,E7_value_error,X1,error,visible,E7,false,"AssertionError: expected ValueError, no exception raised"
wirecodec_base,wirecodec,base,true,R6,minimax-m3,2,E8_stdlib_sha256,C1,constraint,visible,E8,true,
wirecodec_base,wirecodec,base,true,R6,minimax-m3,2,hidden_public_symbols,R1,rule,hidden,,false,AssertionError: check returned false
wirecodec_base,wirecodec,base,true,R6,minimax-m3,2,hidden_encode_input_contract,R2,rule,hidden,,false,"AssertionError: expected ValueError, no exception raised"
wirecodec_base,wirecodec,base,true,R6,minimax-m3,2,hidden_canonical_checksum,R3,rule,hidden,,true,
wirecodec_base,wirecodec,base,true,R6,minimax-m3,2,hidden_explicit_v1,R4,rule,hidden,,true,
wirecodec_base,wirecodec,base,true,R6,minimax-m3,2,hidden_v2_checksum_rejection,R5,rule,hidden,,true,
wirecodec_base,wirecodec,base,true,R6,minimax-m3,2,hidden_unknown_v1,R6,rule,hidden,,true,
wirecodec_base,wirecodec,base,true,R6,minimax-m3,2,hidden_unknown_v2,R6,rule,hidden,,true,
wirecodec_base,wirecodec,base,true,R6,minimax-m3,2,hidden_empty_extras_omitted,R6,rule,hidden,,true,
wirecodec_base,wirecodec,base,true,R6,minimax-m3,2,hidden_unicode_repeatability,R7,rule,hidden,,false,AssertionError: Unicode was escaped
wirecodec_base,wirecodec,base,true,R6,minimax-m3,2,hidden_full_smoke,D1,done_when,hidden,,true,
wirecodec_base,wirecodec,base,true,R6,minimax-m3,2,hidden_stdlib_and_sha256,C1,constraint,hidden,,true,
wirecodec_base,wirecodec,base,true,R6,minimax-m3,2,hidden_v1_compatibility,P1,baseline_preserve,hidden,,true,
wirecodec_base,wirecodec,base,true,R6,minimax-m3,2,hidden_import_stability,P2,baseline_preserve,hidden,,true,
wirecodec_base,wirecodec,base,true,R6,minimax-m3,2,hidden_v2_encode,V1,baseline_evolve,hidden,,true,
wirecodec_base,wirecodec,base,true,R6,minimax-m3,2,hidden_v2_decode,V2,baseline_evolve,hidden,,true,
wirecodec_base,wirecodec,base,true,R6,minimax-m3,2,hidden_value_error,X1,error,hidden,,false,"AssertionError: expected ValueError, no exception raised"
wirecodec_base,wirecodec,base,true,R6,minimax-m3,2,hidden_codec_errors,X2,error,hidden,,true,
wirecodec_base,wirecodec,base,true,R6,minimax-m3,3,E1_public_import,R1,rule,visible,E1,true,
wirecodec_base,wirecodec,base,true,R6,minimax-m3,3,E1_encode_validation,R2,rule,visible,E1,true,
wirecodec_base,wirecodec,base,true,R6,minimax-m3,3,E1_canonical_v2,R3,rule,visible,E1,true,
wirecodec_base,wirecodec,base,true,R6,minimax-m3,3,E1_evolved_encoding,V1,baseline_evolve,visible,E1,true,
wirecodec_base,wirecodec,base,true,R6,minimax-m3,3,E1_preserved_imports,P2,baseline_preserve,visible,E1,true,
wirecodec_base,wirecodec,base,true,R6,minimax-m3,3,E1_end_to_end,D1,done_when,visible,E1,true,
wirecodec_base,wirecodec,base,true,R6,minimax-m3,3,E2_decode_v1,R4,rule,visible,E2,true,
wirecodec_base,wirecodec,base,true,R6,minimax-m3,3,E2_preserve_v1,P1,baseline_preserve,visible,E2,true,
wirecodec_base,wirecodec,base,true,R6,minimax-m3,3,E3_v2_canonical,R3,rule,visible,E3,true,
wirecodec_base,wirecodec,base,true,R6,minimax-m3,3,E3_decode_v2,R4,rule,visible,E3,true,
wirecodec_base,wirecodec,base,true,R6,minimax-m3,3,E3_validate_checksum,R5,rule,visible,E3,true,
wirecodec_base,wirecodec,base,true,R6,minimax-m3,3,E3_evolved_decode,V2,baseline_evolve,visible,E3,true,
wirecodec_base,wirecodec,base,true,R6,minimax-m3,3,E4_unknown_fields,R6,rule,visible,E4,true,
wirecodec_base,wirecodec,base,true,R6,minimax-m3,3,E5_checksum_mismatch,R5,rule,visible,E5,true,
wirecodec_base,wirecodec,base,true,R6,minimax-m3,3,E5_codec_error,X2,error,visible,E5,true,
wirecodec_base,wirecodec,base,true,R6,minimax-m3,3,E6_encode_repeatability,R2,rule,visible,E6,false,AssertionError: Unicode was escaped
wirecodec_base,wirecodec,base,true,R6,minimax-m3,3,E6_deterministic_bytes,R7,rule,visible,E6,false,AssertionError: Unicode was escaped
wirecodec_base,wirecodec,base,true,R6,minimax-m3,3,E7_invalid_encode,R2,rule,visible,E7,false,"AssertionError: expected ValueError, no exception raised"
wirecodec_base,wirecodec,base,true,R6,minimax-m3,3,E7_value_error,X1,error,visible,E7,false,"AssertionError: expected ValueError, no exception raised"
wirecodec_base,wirecodec,base,true,R6,minimax-m3,3,E8_stdlib_sha256,C1,constraint,visible,E8,true,
wirecodec_base,wirecodec,base,true,R6,minimax-m3,3,hidden_public_symbols,R1,rule,hidden,,false,AssertionError: check returned false
wirecodec_base,wirecodec,base,true,R6,minimax-m3,3,hidden_encode_input_contract,R2,rule,hidden,,false,"AssertionError: expected ValueError, no exception raised"
wirecodec_base,wirecodec,base,true,R6,minimax-m3,3,hidden_canonical_checksum,R3,rule,hidden,,true,
wirecodec_base,wirecodec,base,true,R6,minimax-m3,3,hidden_explicit_v1,R4,rule,hidden,,true,
wirecodec_base,wirecodec,base,true,R6,minimax-m3,3,hidden_v2_checksum_rejection,R5,rule,hidden,,true,
wirecodec_base,wirecodec,base,true,R6,minimax-m3,3,hidden_unknown_v1,R6,rule,hidden,,true,
wirecodec_base,wirecodec,base,true,R6,minimax-m3,3,hidden_unknown_v2,R6,rule,hidden,,true,
wirecodec_base,wirecodec,base,true,R6,minimax-m3,3,hidden_empty_extras_omitted,R6,rule,hidden,,true,
wirecodec_base,wirecodec,base,true,R6,minimax-m3,3,hidden_unicode_repeatability,R7,rule,hidden,,false,AssertionError: Unicode was escaped
wirecodec_base,wirecodec,base,true,R6,minimax-m3,3,hidden_full_smoke,D1,done_when,hidden,,true,
wirecodec_base,wirecodec,base,true,R6,minimax-m3,3,hidden_stdlib_and_sha256,C1,constraint,hidden,,true,
wirecodec_base,wirecodec,base,true,R6,minimax-m3,3,hidden_v1_compatibility,P1,baseline_preserve,hidden,,true,
wirecodec_base,wirecodec,base,true,R6,minimax-m3,3,hidden_import_stability,P2,baseline_preserve,hidden,,true,
wirecodec_base,wirecodec,base,true,R6,minimax-m3,3,hidden_v2_encode,V1,baseline_evolve,hidden,,true,
wirecodec_base,wirecodec,base,true,R6,minimax-m3,3,hidden_v2_decode,V2,baseline_evolve,hidden,,true,
wirecodec_base,wirecodec,base,true,R6,minimax-m3,3,hidden_value_error,X1,error,hidden,,false,"AssertionError: expected ValueError, no exception raised"
wirecodec_base,wirecodec,base,true,R6,minimax-m3,3,hidden_codec_errors,X2,error,hidden,,true,
wirecodec_base,wirecodec,base,true,R6,qwen3.7-max,1,E1_public_import,R1,rule,visible,E1,true,
wirecodec_base,wirecodec,base,true,R6,qwen3.7-max,1,E1_encode_validation,R2,rule,visible,E1,true,
wirecodec_base,wirecodec,base,true,R6,qwen3.7-max,1,E1_canonical_v2,R3,rule,visible,E1,true,
wirecodec_base,wirecodec,base,true,R6,qwen3.7-max,1,E1_evolved_encoding,V1,baseline_evolve,visible,E1,true,
wirecodec_base,wirecodec,base,true,R6,qwen3.7-max,1,E1_preserved_imports,P2,baseline_preserve,visible,E1,true,
wirecodec_base,wirecodec,base,true,R6,qwen3.7-max,1,E1_end_to_end,D1,done_when,visible,E1,true,
wirecodec_base,wirecodec,base,true,R6,qwen3.7-max,1,E2_decode_v1,R4,rule,visible,E2,true,
wirecodec_base,wirecodec,base,true,R6,qwen3.7-max,1,E2_preserve_v1,P1,baseline_preserve,visible,E2,true,
wirecodec_base,wirecodec,base,true,R6,qwen3.7-max,1,E3_v2_canonical,R3,rule,visible,E3,true,
wirecodec_base,wirecodec,base,true,R6,qwen3.7-max,1,E3_decode_v2,R4,rule,visible,E3,true,
wirecodec_base,wirecodec,base,true,R6,qwen3.7-max,1,E3_validate_checksum,R5,rule,visible,E3,true,
wirecodec_base,wirecodec,base,true,R6,qwen3.7-max,1,E3_evolved_decode,V2,baseline_evolve,visible,E3,true,
wirecodec_base,wirecodec,base,true,R6,qwen3.7-max,1,E4_unknown_fields,R6,rule,visible,E4,true,
wirecodec_base,wirecodec,base,true,R6,qwen3.7-max,1,E5_checksum_mismatch,R5,rule,visible,E5,true,
wirecodec_base,wirecodec,base,true,R6,qwen3.7-max,1,E5_codec_error,X2,error,visible,E5,true,
wirecodec_base,wirecodec,base,true,R6,qwen3.7-max,1,E6_encode_repeatability,R2,rule,visible,E6,false,AssertionError: Unicode was escaped
wirecodec_base,wirecodec,base,true,R6,qwen3.7-max,1,E6_deterministic_bytes,R7,rule,visible,E6,false,AssertionError: Unicode was escaped
wirecodec_base,wirecodec,base,true,R6,qwen3.7-max,1,E7_invalid_encode,R2,rule,visible,E7,true,
wirecodec_base,wirecodec,base,true,R6,qwen3.7-max,1,E7_value_error,X1,error,visible,E7,true,
wirecodec_base,wirecodec,base,true,R6,qwen3.7-max,1,E8_stdlib_sha256,C1,constraint,visible,E8,true,
wirecodec_base,wirecodec,base,true,R6,qwen3.7-max,1,hidden_public_symbols,R1,rule,hidden,,false,AssertionError: check returned false
wirecodec_base,wirecodec,base,true,R6,qwen3.7-max,1,hidden_encode_input_contract,R2,rule,hidden,,true,
wirecodec_base,wirecodec,base,true,R6,qwen3.7-max,1,hidden_canonical_checksum,R3,rule,hidden,,true,
wirecodec_base,wirecodec,base,true,R6,qwen3.7-max,1,hidden_explicit_v1,R4,rule,hidden,,true,
wirecodec_base,wirecodec,base,true,R6,qwen3.7-max,1,hidden_v2_checksum_rejection,R5,rule,hidden,,true,
wirecodec_base,wirecodec,base,true,R6,qwen3.7-max,1,hidden_unknown_v1,R6,rule,hidden,,true,
wirecodec_base,wirecodec,base,true,R6,qwen3.7-max,1,hidden_unknown_v2,R6,rule,hidden,,true,
wirecodec_base,wirecodec,base,true,R6,qwen3.7-max,1,hidden_empty_extras_omitted,R6,rule,hidden,,true,
wirecodec_base,wirecodec,base,true,R6,qwen3.7-max,1,hidden_unicode_repeatability,R7,rule,hidden,,false,AssertionError: Unicode was escaped
wirecodec_base,wirecodec,base,true,R6,qwen3.7-max,1,hidden_full_smoke,D1,done_when,hidden,,true,
wirecodec_base,wirecodec,base,true,R6,qwen3.7-max,1,hidden_stdlib_and_sha256,C1,constraint,hidden,,true,
wirecodec_base,wirecodec,base,true,R6,qwen3.7-max,1,hidden_v1_compatibility,P1,baseline_preserve,hidden,,true,
wirecodec_base,wirecodec,base,true,R6,qwen3.7-max,1,hidden_import_stability,P2,baseline_preserve,hidden,,true,
wirecodec_base,wirecodec,base,true,R6,qwen3.7-max,1,hidden_v2_encode,V1,baseline_evolve,hidden,,true,
wirecodec_base,wirecodec,base,true,R6,qwen3.7-max,1,hidden_v2_decode,V2,baseline_evolve,hidden,,true,
wirecodec_base,wirecodec,base,true,R6,qwen3.7-max,1,hidden_value_error,X1,error,hidden,,true,
wirecodec_base,wirecodec,base,true,R6,qwen3.7-max,1,hidden_codec_errors,X2,error,hidden,,true,
wirecodec_base,wirecodec,base,true,R6,qwen3.7-max,2,E1_public_import,R1,rule,visible,E1,true,
wirecodec_base,wirecodec,base,true,R6,qwen3.7-max,2,E1_encode_validation,R2,rule,visible,E1,true,
wirecodec_base,wirecodec,base,true,R6,qwen3.7-max,2,E1_canonical_v2,R3,rule,visible,E1,true,
wirecodec_base,wirecodec,base,true,R6,qwen3.7-max,2,E1_evolved_encoding,V1,baseline_evolve,visible,E1,true,
wirecodec_base,wirecodec,base,true,R6,qwen3.7-max,2,E1_preserved_imports,P2,baseline_preserve,visible,E1,true,
wirecodec_base,wirecodec,base,true,R6,qwen3.7-max,2,E1_end_to_end,D1,done_when,visible,E1,true,
wirecodec_base,wirecodec,base,true,R6,qwen3.7-max,2,E2_decode_v1,R4,rule,visible,E2,true,
wirecodec_base,wirecodec,base,true,R6,qwen3.7-max,2,E2_preserve_v1,P1,baseline_preserve,visible,E2,true,
wirecodec_base,wirecodec,base,true,R6,qwen3.7-max,2,E3_v2_canonical,R3,rule,visible,E3,true,
wirecodec_base,wirecodec,base,true,R6,qwen3.7-max,2,E3_decode_v2,R4,rule,visible,E3,true,
wirecodec_base,wirecodec,base,true,R6,qwen3.7-max,2,E3_validate_checksum,R5,rule,visible,E3,true,
wirecodec_base,wirecodec,base,true,R6,qwen3.7-max,2,E3_evolved_decode,V2,baseline_evolve,visible,E3,true,
wirecodec_base,wirecodec,base,true,R6,qwen3.7-max,2,E4_unknown_fields,R6,rule,visible,E4,true,
wirecodec_base,wirecodec,base,true,R6,qwen3.7-max,2,E5_checksum_mismatch,R5,rule,visible,E5,true,
wirecodec_base,wirecodec,base,true,R6,qwen3.7-max,2,E5_codec_error,X2,error,visible,E5,true,
wirecodec_base,wirecodec,base,true,R6,qwen3.7-max,2,E6_encode_repeatability,R2,rule,visible,E6,false,AssertionError: Unicode was escaped
wirecodec_base,wirecodec,base,true,R6,qwen3.7-max,2,E6_deterministic_bytes,R7,rule,visible,E6,false,AssertionError: Unicode was escaped
wirecodec_base,wirecodec,base,true,R6,qwen3.7-max,2,E7_invalid_encode,R2,rule,visible,E7,false,"AssertionError: expected ValueError, no exception raised"
wirecodec_base,wirecodec,base,true,R6,qwen3.7-max,2,E7_value_error,X1,error,visible,E7,false,"AssertionError: expected ValueError, no exception raised"
wirecodec_base,wirecodec,base,true,R6,qwen3.7-max,2,E8_stdlib_sha256,C1,constraint,visible,E8,true,
wirecodec_base,wirecodec,base,true,R6,qwen3.7-max,2,hidden_public_symbols,R1,rule,hidden,,false,AssertionError: check returned false
wirecodec_base,wirecodec,base,true,R6,qwen3.7-max,2,hidden_encode_input_contract,R2,rule,hidden,,false,"AssertionError: expected ValueError, no exception raised"
wirecodec_base,wirecodec,base,true,R6,qwen3.7-max,2,hidden_canonical_checksum,R3,rule,hidden,,true,
wirecodec_base,wirecodec,base,true,R6,qwen3.7-max,2,hidden_explicit_v1,R4,rule,hidden,,true,
wirecodec_base,wirecodec,base,true,R6,qwen3.7-max,2,hidden_v2_checksum_rejection,R5,rule,hidden,,true,
wirecodec_base,wirecodec,base,true,R6,qwen3.7-max,2,hidden_unknown_v1,R6,rule,hidden,,true,
wirecodec_base,wirecodec,base,true,R6,qwen3.7-max,2,hidden_unknown_v2,R6,rule,hidden,,true,
wirecodec_base,wirecodec,base,true,R6,qwen3.7-max,2,hidden_empty_extras_omitted,R6,rule,hidden,,true,
wirecodec_base,wirecodec,base,true,R6,qwen3.7-max,2,hidden_unicode_repeatability,R7,rule,hidden,,false,AssertionError: Unicode was escaped
wirecodec_base,wirecodec,base,true,R6,qwen3.7-max,2,hidden_full_smoke,D1,done_when,hidden,,true,
wirecodec_base,wirecodec,base,true,R6,qwen3.7-max,2,hidden_stdlib_and_sha256,C1,constraint,hidden,,true,
wirecodec_base,wirecodec,base,true,R6,qwen3.7-max,2,hidden_v1_compatibility,P1,baseline_preserve,hidden,,true,
wirecodec_base,wirecodec,base,true,R6,qwen3.7-max,2,hidden_import_stability,P2,baseline_preserve,hidden,,true,
wirecodec_base,wirecodec,base,true,R6,qwen3.7-max,2,hidden_v2_encode,V1,baseline_evolve,hidden,,true,
wirecodec_base,wirecodec,base,true,R6,qwen3.7-max,2,hidden_v2_decode,V2,baseline_evolve,hidden,,true,
wirecodec_base,wirecodec,base,true,R6,qwen3.7-max,2,hidden_value_error,X1,error,hidden,,false,"AssertionError: expected ValueError, no exception raised"
wirecodec_base,wirecodec,base,true,R6,qwen3.7-max,2,hidden_codec_errors,X2,error,hidden,,true,
wirecodec_base,wirecodec,base,true,R6,qwen3.7-max,3,E1_public_import,R1,rule,visible,E1,true,
wirecodec_base,wirecodec,base,true,R6,qwen3.7-max,3,E1_encode_validation,R2,rule,visible,E1,true,
wirecodec_base,wirecodec,base,true,R6,qwen3.7-max,3,E1_canonical_v2,R3,rule,visible,E1,true,
wirecodec_base,wirecodec,base,true,R6,qwen3.7-max,3,E1_evolved_encoding,V1,baseline_evolve,visible,E1,true,
wirecodec_base,wirecodec,base,true,R6,qwen3.7-max,3,E1_preserved_imports,P2,baseline_preserve,visible,E1,true,
wirecodec_base,wirecodec,base,true,R6,qwen3.7-max,3,E1_end_to_end,D1,done_when,visible,E1,true,
wirecodec_base,wirecodec,base,true,R6,qwen3.7-max,3,E2_decode_v1,R4,rule,visible,E2,true,
wirecodec_base,wirecodec,base,true,R6,qwen3.7-max,3,E2_preserve_v1,P1,baseline_preserve,visible,E2,true,
wirecodec_base,wirecodec,base,true,R6,qwen3.7-max,3,E3_v2_canonical,R3,rule,visible,E3,true,
wirecodec_base,wirecodec,base,true,R6,qwen3.7-max,3,E3_decode_v2,R4,rule,visible,E3,true,
wirecodec_base,wirecodec,base,true,R6,qwen3.7-max,3,E3_validate_checksum,R5,rule,visible,E3,true,
wirecodec_base,wirecodec,base,true,R6,qwen3.7-max,3,E3_evolved_decode,V2,baseline_evolve,visible,E3,true,
wirecodec_base,wirecodec,base,true,R6,qwen3.7-max,3,E4_unknown_fields,R6,rule,visible,E4,true,
wirecodec_base,wirecodec,base,true,R6,qwen3.7-max,3,E5_checksum_mismatch,R5,rule,visible,E5,true,
wirecodec_base,wirecodec,base,true,R6,qwen3.7-max,3,E5_codec_error,X2,error,visible,E5,true,
wirecodec_base,wirecodec,base,true,R6,qwen3.7-max,3,E6_encode_repeatability,R2,rule,visible,E6,false,AssertionError: Unicode was escaped
wirecodec_base,wirecodec,base,true,R6,qwen3.7-max,3,E6_deterministic_bytes,R7,rule,visible,E6,false,AssertionError: Unicode was escaped
wirecodec_base,wirecodec,base,true,R6,qwen3.7-max,3,E7_invalid_encode,R2,rule,visible,E7,false,"AssertionError: expected ValueError, no exception raised"
wirecodec_base,wirecodec,base,true,R6,qwen3.7-max,3,E7_value_error,X1,error,visible,E7,false,"AssertionError: expected ValueError, no exception raised"
wirecodec_base,wirecodec,base,true,R6,qwen3.7-max,3,E8_stdlib_sha256,C1,constraint,visible,E8,true,
wirecodec_base,wirecodec,base,true,R6,qwen3.7-max,3,hidden_public_symbols,R1,rule,hidden,,false,AssertionError: check returned false
wirecodec_base,wirecodec,base,true,R6,qwen3.7-max,3,hidden_encode_input_contract,R2,rule,hidden,,false,"AssertionError: expected ValueError, no exception raised"
wirecodec_base,wirecodec,base,true,R6,qwen3.7-max,3,hidden_canonical_checksum,R3,rule,hidden,,true,
wirecodec_base,wirecodec,base,true,R6,qwen3.7-max,3,hidden_explicit_v1,R4,rule,hidden,,true,
wirecodec_base,wirecodec,base,true,R6,qwen3.7-max,3,hidden_v2_checksum_rejection,R5,rule,hidden,,true,
wirecodec_base,wirecodec,base,true,R6,qwen3.7-max,3,hidden_unknown_v1,R6,rule,hidden,,true,
wirecodec_base,wirecodec,base,true,R6,qwen3.7-max,3,hidden_unknown_v2,R6,rule,hidden,,true,
wirecodec_base,wirecodec,base,true,R6,qwen3.7-max,3,hidden_empty_extras_omitted,R6,rule,hidden,,true,
wirecodec_base,wirecodec,base,true,R6,qwen3.7-max,3,hidden_unicode_repeatability,R7,rule,hidden,,false,AssertionError: Unicode was escaped
wirecodec_base,wirecodec,base,true,R6,qwen3.7-max,3,hidden_full_smoke,D1,done_when,hidden,,true,
wirecodec_base,wirecodec,base,true,R6,qwen3.7-max,3,hidden_stdlib_and_sha256,C1,constraint,hidden,,true,
wirecodec_base,wirecodec,base,true,R6,qwen3.7-max,3,hidden_v1_compatibility,P1,baseline_preserve,hidden,,true,
wirecodec_base,wirecodec,base,true,R6,qwen3.7-max,3,hidden_import_stability,P2,baseline_preserve,hidden,,true,
wirecodec_base,wirecodec,base,true,R6,qwen3.7-max,3,hidden_v2_encode,V1,baseline_evolve,hidden,,true,
wirecodec_base,wirecodec,base,true,R6,qwen3.7-max,3,hidden_v2_decode,V2,baseline_evolve,hidden,,true,
wirecodec_base,wirecodec,base,true,R6,qwen3.7-max,3,hidden_value_error,X1,error,hidden,,false,"AssertionError: expected ValueError, no exception raised"
wirecodec_base,wirecodec,base,true,R6,qwen3.7-max,3,hidden_codec_errors,X2,error,hidden,,true,
wirecodec_preserve,wirecodec,preserve,false,R6,glm-5.2,2,E1_public_import,R1,rule,visible,E1,true,
wirecodec_preserve,wirecodec,preserve,false,R6,glm-5.2,2,E1_encode_validation,R2,rule,visible,E1,true,
wirecodec_preserve,wirecodec,preserve,false,R6,glm-5.2,2,E1_canonical_v2,R3,rule,visible,E1,true,
wirecodec_preserve,wirecodec,preserve,false,R6,glm-5.2,2,E1_evolved_encoding,V1,baseline_evolve,visible,E1,true,
wirecodec_preserve,wirecodec,preserve,false,R6,glm-5.2,2,E1_preserved_imports,P2,baseline_preserve,visible,E1,true,
wirecodec_preserve,wirecodec,preserve,false,R6,glm-5.2,2,E1_end_to_end,D1,done_when,visible,E1,true,
wirecodec_preserve,wirecodec,preserve,false,R6,glm-5.2,2,E2_decode_v1,R4,rule,visible,E2,true,
wirecodec_preserve,wirecodec,preserve,false,R6,glm-5.2,2,E2_preserve_v1,P1,baseline_preserve,visible,E2,true,
wirecodec_preserve,wirecodec,preserve,false,R6,glm-5.2,2,E3_v2_canonical,R3,rule,visible,E3,true,
wirecodec_preserve,wirecodec,preserve,false,R6,glm-5.2,2,E3_decode_v2,R4,rule,visible,E3,true,
wirecodec_preserve,wirecodec,preserve,false,R6,glm-5.2,2,E3_validate_checksum,R5,rule,visible,E3,true,
wirecodec_preserve,wirecodec,preserve,false,R6,glm-5.2,2,E3_evolved_decode,V2,baseline_evolve,visible,E3,true,
wirecodec_preserve,wirecodec,preserve,false,R6,glm-5.2,2,E4_unknown_fields,R6,rule,visible,E4,true,
wirecodec_preserve,wirecodec,preserve,false,R6,glm-5.2,2,E5_checksum_mismatch,R5,rule,visible,E5,true,
wirecodec_preserve,wirecodec,preserve,false,R6,glm-5.2,2,E5_codec_error,X2,error,visible,E5,true,
wirecodec_preserve,wirecodec,preserve,false,R6,glm-5.2,2,E6_encode_repeatability,R2,rule,visible,E6,false,AssertionError: Unicode was escaped
wirecodec_preserve,wirecodec,preserve,false,R6,glm-5.2,2,E6_deterministic_bytes,R7,rule,visible,E6,false,AssertionError: Unicode was escaped
wirecodec_preserve,wirecodec,preserve,false,R6,glm-5.2,2,E7_invalid_encode,R2,rule,visible,E7,false,"AssertionError: expected ValueError, no exception raised"
wirecodec_preserve,wirecodec,preserve,false,R6,glm-5.2,2,E7_value_error,X1,error,visible,E7,false,"AssertionError: expected ValueError, no exception raised"
wirecodec_preserve,wirecodec,preserve,false,R6,glm-5.2,2,E8_stdlib_sha256,C1,constraint,visible,E8,true,
wirecodec_preserve,wirecodec,preserve,false,R6,glm-5.2,2,hidden_public_symbols,R1,rule,hidden,,false,AssertionError: check returned false
wirecodec_preserve,wirecodec,preserve,false,R6,glm-5.2,2,hidden_encode_input_contract,R2,rule,hidden,,false,"AssertionError: expected ValueError, no exception raised"
wirecodec_preserve,wirecodec,preserve,false,R6,glm-5.2,2,hidden_canonical_checksum,R3,rule,hidden,,true,
wirecodec_preserve,wirecodec,preserve,false,R6,glm-5.2,2,hidden_explicit_v1,R4,rule,hidden,,true,
wirecodec_preserve,wirecodec,preserve,false,R6,glm-5.2,2,hidden_v2_checksum_rejection,R5,rule,hidden,,true,
wirecodec_preserve,wirecodec,preserve,false,R6,glm-5.2,2,hidden_unknown_v1,R6,rule,hidden,,true,
wirecodec_preserve,wirecodec,preserve,false,R6,glm-5.2,2,hidden_unknown_v2,R6,rule,hidden,,true,
wirecodec_preserve,wirecodec,preserve,false,R6,glm-5.2,2,hidden_empty_extras_omitted,R6,rule,hidden,,true,
wirecodec_preserve,wirecodec,preserve,false,R6,glm-5.2,2,hidden_unicode_repeatability,R7,rule,hidden,,false,AssertionError: Unicode was escaped
wirecodec_preserve,wirecodec,preserve,false,R6,glm-5.2,2,hidden_full_smoke,D1,done_when,hidden,,true,
wirecodec_preserve,wirecodec,preserve,false,R6,glm-5.2,2,hidden_stdlib_and_sha256,C1,constraint,hidden,,true,
wirecodec_preserve,wirecodec,preserve,false,R6,glm-5.2,2,hidden_v1_compatibility,P1,baseline_preserve,hidden,,true,
wirecodec_preserve,wirecodec,preserve,false,R6,glm-5.2,2,hidden_import_stability,P2,baseline_preserve,hidden,,true,
wirecodec_preserve,wirecodec,preserve,false,R6,glm-5.2,2,hidden_v2_encode,V1,baseline_evolve,hidden,,true,
wirecodec_preserve,wirecodec,preserve,false,R6,glm-5.2,2,hidden_v2_decode,V2,baseline_evolve,hidden,,true,
wirecodec_preserve,wirecodec,preserve,false,R6,glm-5.2,2,hidden_value_error,X1,error,hidden,,false,"AssertionError: expected ValueError, no exception raised"
wirecodec_preserve,wirecodec,preserve,false,R6,glm-5.2,2,hidden_codec_errors,X2,error,hidden,,true,
wirecodec_preserve,wirecodec,preserve,false,R6,glm-5.2,3,E1_public_import,R1,rule,visible,E1,true,
wirecodec_preserve,wirecodec,preserve,false,R6,glm-5.2,3,E1_encode_validation,R2,rule,visible,E1,true,
wirecodec_preserve,wirecodec,preserve,false,R6,glm-5.2,3,E1_canonical_v2,R3,rule,visible,E1,true,
wirecodec_preserve,wirecodec,preserve,false,R6,glm-5.2,3,E1_evolved_encoding,V1,baseline_evolve,visible,E1,true,
wirecodec_preserve,wirecodec,preserve,false,R6,glm-5.2,3,E1_preserved_imports,P2,baseline_preserve,visible,E1,true,
wirecodec_preserve,wirecodec,preserve,false,R6,glm-5.2,3,E1_end_to_end,D1,done_when,visible,E1,true,
wirecodec_preserve,wirecodec,preserve,false,R6,glm-5.2,3,E2_decode_v1,R4,rule,visible,E2,true,
wirecodec_preserve,wirecodec,preserve,false,R6,glm-5.2,3,E2_preserve_v1,P1,baseline_preserve,visible,E2,true,
wirecodec_preserve,wirecodec,preserve,false,R6,glm-5.2,3,E3_v2_canonical,R3,rule,visible,E3,true,
wirecodec_preserve,wirecodec,preserve,false,R6,glm-5.2,3,E3_decode_v2,R4,rule,visible,E3,true,
wirecodec_preserve,wirecodec,preserve,false,R6,glm-5.2,3,E3_validate_checksum,R5,rule,visible,E3,true,
wirecodec_preserve,wirecodec,preserve,false,R6,glm-5.2,3,E3_evolved_decode,V2,baseline_evolve,visible,E3,true,
wirecodec_preserve,wirecodec,preserve,false,R6,glm-5.2,3,E4_unknown_fields,R6,rule,visible,E4,true,
wirecodec_preserve,wirecodec,preserve,false,R6,glm-5.2,3,E5_checksum_mismatch,R5,rule,visible,E5,true,
wirecodec_preserve,wirecodec,preserve,false,R6,glm-5.2,3,E5_codec_error,X2,error,visible,E5,true,
wirecodec_preserve,wirecodec,preserve,false,R6,glm-5.2,3,E6_encode_repeatability,R2,rule,visible,E6,false,AssertionError: Unicode was escaped
wirecodec_preserve,wirecodec,preserve,false,R6,glm-5.2,3,E6_deterministic_bytes,R7,rule,visible,E6,false,AssertionError: Unicode was escaped
wirecodec_preserve,wirecodec,preserve,false,R6,glm-5.2,3,E7_invalid_encode,R2,rule,visible,E7,true,
wirecodec_preserve,wirecodec,preserve,false,R6,glm-5.2,3,E7_value_error,X1,error,visible,E7,true,
wirecodec_preserve,wirecodec,preserve,false,R6,glm-5.2,3,E8_stdlib_sha256,C1,constraint,visible,E8,true,
wirecodec_preserve,wirecodec,preserve,false,R6,glm-5.2,3,hidden_public_symbols,R1,rule,hidden,,false,AssertionError: check returned false
wirecodec_preserve,wirecodec,preserve,false,R6,glm-5.2,3,hidden_encode_input_contract,R2,rule,hidden,,true,
wirecodec_preserve,wirecodec,preserve,false,R6,glm-5.2,3,hidden_canonical_checksum,R3,rule,hidden,,true,
wirecodec_preserve,wirecodec,preserve,false,R6,glm-5.2,3,hidden_explicit_v1,R4,rule,hidden,,true,
wirecodec_preserve,wirecodec,preserve,false,R6,glm-5.2,3,hidden_v2_checksum_rejection,R5,rule,hidden,,true,
wirecodec_preserve,wirecodec,preserve,false,R6,glm-5.2,3,hidden_unknown_v1,R6,rule,hidden,,true,
wirecodec_preserve,wirecodec,preserve,false,R6,glm-5.2,3,hidden_unknown_v2,R6,rule,hidden,,true,
wirecodec_preserve,wirecodec,preserve,false,R6,glm-5.2,3,hidden_empty_extras_omitted,R6,rule,hidden,,true,
wirecodec_preserve,wirecodec,preserve,false,R6,glm-5.2,3,hidden_unicode_repeatability,R7,rule,hidden,,false,AssertionError: Unicode was escaped
wirecodec_preserve,wirecodec,preserve,false,R6,glm-5.2,3,hidden_full_smoke,D1,done_when,hidden,,true,
wirecodec_preserve,wirecodec,preserve,false,R6,glm-5.2,3,hidden_stdlib_and_sha256,C1,constraint,hidden,,true,
wirecodec_preserve,wirecodec,preserve,false,R6,glm-5.2,3,hidden_v1_compatibility,P1,baseline_preserve,hidden,,true,
wirecodec_preserve,wirecodec,preserve,false,R6,glm-5.2,3,hidden_import_stability,P2,baseline_preserve,hidden,,true,
wirecodec_preserve,wirecodec,preserve,false,R6,glm-5.2,3,hidden_v2_encode,V1,baseline_evolve,hidden,,true,
wirecodec_preserve,wirecodec,preserve,false,R6,glm-5.2,3,hidden_v2_decode,V2,baseline_evolve,hidden,,true,
wirecodec_preserve,wirecodec,preserve,false,R6,glm-5.2,3,hidden_value_error,X1,error,hidden,,true,
wirecodec_preserve,wirecodec,preserve,false,R6,glm-5.2,3,hidden_codec_errors,X2,error,hidden,,true,
wirecodec_preserve,wirecodec,preserve,false,R6,minimax-m3,1,E1_public_import,R1,rule,visible,E1,true,
wirecodec_preserve,wirecodec,preserve,false,R6,minimax-m3,1,E1_encode_validation,R2,rule,visible,E1,true,
wirecodec_preserve,wirecodec,preserve,false,R6,minimax-m3,1,E1_canonical_v2,R3,rule,visible,E1,true,
wirecodec_preserve,wirecodec,preserve,false,R6,minimax-m3,1,E1_evolved_encoding,V1,baseline_evolve,visible,E1,true,
wirecodec_preserve,wirecodec,preserve,false,R6,minimax-m3,1,E1_preserved_imports,P2,baseline_preserve,visible,E1,true,
wirecodec_preserve,wirecodec,preserve,false,R6,minimax-m3,1,E1_end_to_end,D1,done_when,visible,E1,true,
wirecodec_preserve,wirecodec,preserve,false,R6,minimax-m3,1,E2_decode_v1,R4,rule,visible,E2,true,
wirecodec_preserve,wirecodec,preserve,false,R6,minimax-m3,1,E2_preserve_v1,P1,baseline_preserve,visible,E2,true,
wirecodec_preserve,wirecodec,preserve,false,R6,minimax-m3,1,E3_v2_canonical,R3,rule,visible,E3,true,
wirecodec_preserve,wirecodec,preserve,false,R6,minimax-m3,1,E3_decode_v2,R4,rule,visible,E3,true,
wirecodec_preserve,wirecodec,preserve,false,R6,minimax-m3,1,E3_validate_checksum,R5,rule,visible,E3,true,
wirecodec_preserve,wirecodec,preserve,false,R6,minimax-m3,1,E3_evolved_decode,V2,baseline_evolve,visible,E3,true,
wirecodec_preserve,wirecodec,preserve,false,R6,minimax-m3,1,E4_unknown_fields,R6,rule,visible,E4,true,
wirecodec_preserve,wirecodec,preserve,false,R6,minimax-m3,1,E5_checksum_mismatch,R5,rule,visible,E5,true,
wirecodec_preserve,wirecodec,preserve,false,R6,minimax-m3,1,E5_codec_error,X2,error,visible,E5,true,
wirecodec_preserve,wirecodec,preserve,false,R6,minimax-m3,1,E6_encode_repeatability,R2,rule,visible,E6,true,
wirecodec_preserve,wirecodec,preserve,false,R6,minimax-m3,1,E6_deterministic_bytes,R7,rule,visible,E6,true,
wirecodec_preserve,wirecodec,preserve,false,R6,minimax-m3,1,E7_invalid_encode,R2,rule,visible,E7,false,"AssertionError: expected ValueError, no exception raised"
wirecodec_preserve,wirecodec,preserve,false,R6,minimax-m3,1,E7_value_error,X1,error,visible,E7,false,"AssertionError: expected ValueError, no exception raised"
wirecodec_preserve,wirecodec,preserve,false,R6,minimax-m3,1,E8_stdlib_sha256,C1,constraint,visible,E8,true,
wirecodec_preserve,wirecodec,preserve,false,R6,minimax-m3,1,hidden_public_symbols,R1,rule,hidden,,false,AssertionError: check returned false
wirecodec_preserve,wirecodec,preserve,false,R6,minimax-m3,1,hidden_encode_input_contract,R2,rule,hidden,,false,"AssertionError: expected ValueError, no exception raised"
wirecodec_preserve,wirecodec,preserve,false,R6,minimax-m3,1,hidden_canonical_checksum,R3,rule,hidden,,true,
wirecodec_preserve,wirecodec,preserve,false,R6,minimax-m3,1,hidden_explicit_v1,R4,rule,hidden,,true,
wirecodec_preserve,wirecodec,preserve,false,R6,minimax-m3,1,hidden_v2_checksum_rejection,R5,rule,hidden,,true,
wirecodec_preserve,wirecodec,preserve,false,R6,minimax-m3,1,hidden_unknown_v1,R6,rule,hidden,,true,
wirecodec_preserve,wirecodec,preserve,false,R6,minimax-m3,1,hidden_unknown_v2,R6,rule,hidden,,true,
wirecodec_preserve,wirecodec,preserve,false,R6,minimax-m3,1,hidden_empty_extras_omitted,R6,rule,hidden,,true,
wirecodec_preserve,wirecodec,preserve,false,R6,minimax-m3,1,hidden_unicode_repeatability,R7,rule,hidden,,true,
wirecodec_preserve,wirecodec,preserve,false,R6,minimax-m3,1,hidden_full_smoke,D1,done_when,hidden,,true,
wirecodec_preserve,wirecodec,preserve,false,R6,minimax-m3,1,hidden_stdlib_and_sha256,C1,constraint,hidden,,true,
wirecodec_preserve,wirecodec,preserve,false,R6,minimax-m3,1,hidden_v1_compatibility,P1,baseline_preserve,hidden,,true,
wirecodec_preserve,wirecodec,preserve,false,R6,minimax-m3,1,hidden_import_stability,P2,baseline_preserve,hidden,,true,
wirecodec_preserve,wirecodec,preserve,false,R6,minimax-m3,1,hidden_v2_encode,V1,baseline_evolve,hidden,,true,
wirecodec_preserve,wirecodec,preserve,false,R6,minimax-m3,1,hidden_v2_decode,V2,baseline_evolve,hidden,,true,
wirecodec_preserve,wirecodec,preserve,false,R6,minimax-m3,1,hidden_value_error,X1,error,hidden,,false,"AssertionError: expected ValueError, no exception raised"
wirecodec_preserve,wirecodec,preserve,false,R6,minimax-m3,1,hidden_codec_errors,X2,error,hidden,,true,
wirecodec_preserve,wirecodec,preserve,false,R6,minimax-m3,2,E1_public_import,R1,rule,visible,E1,true,
wirecodec_preserve,wirecodec,preserve,false,R6,minimax-m3,2,E1_encode_validation,R2,rule,visible,E1,true,
wirecodec_preserve,wirecodec,preserve,false,R6,minimax-m3,2,E1_canonical_v2,R3,rule,visible,E1,true,
wirecodec_preserve,wirecodec,preserve,false,R6,minimax-m3,2,E1_evolved_encoding,V1,baseline_evolve,visible,E1,true,
wirecodec_preserve,wirecodec,preserve,false,R6,minimax-m3,2,E1_preserved_imports,P2,baseline_preserve,visible,E1,true,
wirecodec_preserve,wirecodec,preserve,false,R6,minimax-m3,2,E1_end_to_end,D1,done_when,visible,E1,true,
wirecodec_preserve,wirecodec,preserve,false,R6,minimax-m3,2,E2_decode_v1,R4,rule,visible,E2,true,
wirecodec_preserve,wirecodec,preserve,false,R6,minimax-m3,2,E2_preserve_v1,P1,baseline_preserve,visible,E2,true,
wirecodec_preserve,wirecodec,preserve,false,R6,minimax-m3,2,E3_v2_canonical,R3,rule,visible,E3,true,
wirecodec_preserve,wirecodec,preserve,false,R6,minimax-m3,2,E3_decode_v2,R4,rule,visible,E3,true,
wirecodec_preserve,wirecodec,preserve,false,R6,minimax-m3,2,E3_validate_checksum,R5,rule,visible,E3,true,
wirecodec_preserve,wirecodec,preserve,false,R6,minimax-m3,2,E3_evolved_decode,V2,baseline_evolve,visible,E3,true,
wirecodec_preserve,wirecodec,preserve,false,R6,minimax-m3,2,E4_unknown_fields,R6,rule,visible,E4,true,
wirecodec_preserve,wirecodec,preserve,false,R6,minimax-m3,2,E5_checksum_mismatch,R5,rule,visible,E5,true,
wirecodec_preserve,wirecodec,preserve,false,R6,minimax-m3,2,E5_codec_error,X2,error,visible,E5,true,
wirecodec_preserve,wirecodec,preserve,false,R6,minimax-m3,2,E6_encode_repeatability,R2,rule,visible,E6,true,
wirecodec_preserve,wirecodec,preserve,false,R6,minimax-m3,2,E6_deterministic_bytes,R7,rule,visible,E6,true,
wirecodec_preserve,wirecodec,preserve,false,R6,minimax-m3,2,E7_invalid_encode,R2,rule,visible,E7,false,"AssertionError: expected ValueError, no exception raised"
wirecodec_preserve,wirecodec,preserve,false,R6,minimax-m3,2,E7_value_error,X1,error,visible,E7,false,"AssertionError: expected ValueError, no exception raised"
wirecodec_preserve,wirecodec,preserve,false,R6,minimax-m3,2,E8_stdlib_sha256,C1,constraint,visible,E8,true,
wirecodec_preserve,wirecodec,preserve,false,R6,minimax-m3,2,hidden_public_symbols,R1,rule,hidden,,false,AssertionError: check returned false
wirecodec_preserve,wirecodec,preserve,false,R6,minimax-m3,2,hidden_encode_input_contract,R2,rule,hidden,,false,"AssertionError: expected ValueError, no exception raised"
wirecodec_preserve,wirecodec,preserve,false,R6,minimax-m3,2,hidden_canonical_checksum,R3,rule,hidden,,true,
wirecodec_preserve,wirecodec,preserve,false,R6,minimax-m3,2,hidden_explicit_v1,R4,rule,hidden,,true,
wirecodec_preserve,wirecodec,preserve,false,R6,minimax-m3,2,hidden_v2_checksum_rejection,R5,rule,hidden,,true,
wirecodec_preserve,wirecodec,preserve,false,R6,minimax-m3,2,hidden_unknown_v1,R6,rule,hidden,,true,
wirecodec_preserve,wirecodec,preserve,false,R6,minimax-m3,2,hidden_unknown_v2,R6,rule,hidden,,true,
wirecodec_preserve,wirecodec,preserve,false,R6,minimax-m3,2,hidden_empty_extras_omitted,R6,rule,hidden,,true,
wirecodec_preserve,wirecodec,preserve,false,R6,minimax-m3,2,hidden_unicode_repeatability,R7,rule,hidden,,true,
wirecodec_preserve,wirecodec,preserve,false,R6,minimax-m3,2,hidden_full_smoke,D1,done_when,hidden,,true,
wirecodec_preserve,wirecodec,preserve,false,R6,minimax-m3,2,hidden_stdlib_and_sha256,C1,constraint,hidden,,true,
wirecodec_preserve,wirecodec,preserve,false,R6,minimax-m3,2,hidden_v1_compatibility,P1,baseline_preserve,hidden,,true,
wirecodec_preserve,wirecodec,preserve,false,R6,minimax-m3,2,hidden_import_stability,P2,baseline_preserve,hidden,,true,
wirecodec_preserve,wirecodec,preserve,false,R6,minimax-m3,2,hidden_v2_encode,V1,baseline_evolve,hidden,,true,
wirecodec_preserve,wirecodec,preserve,false,R6,minimax-m3,2,hidden_v2_decode,V2,baseline_evolve,hidden,,true,
wirecodec_preserve,wirecodec,preserve,false,R6,minimax-m3,2,hidden_value_error,X1,error,hidden,,false,"AssertionError: expected ValueError, no exception raised"
wirecodec_preserve,wirecodec,preserve,false,R6,minimax-m3,2,hidden_codec_errors,X2,error,hidden,,true,
wirecodec_preserve,wirecodec,preserve,false,R6,minimax-m3,3,E1_public_import,R1,rule,visible,E1,true,
wirecodec_preserve,wirecodec,preserve,false,R6,minimax-m3,3,E1_encode_validation,R2,rule,visible,E1,true,
wirecodec_preserve,wirecodec,preserve,false,R6,minimax-m3,3,E1_canonical_v2,R3,rule,visible,E1,true,
wirecodec_preserve,wirecodec,preserve,false,R6,minimax-m3,3,E1_evolved_encoding,V1,baseline_evolve,visible,E1,true,
wirecodec_preserve,wirecodec,preserve,false,R6,minimax-m3,3,E1_preserved_imports,P2,baseline_preserve,visible,E1,true,
wirecodec_preserve,wirecodec,preserve,false,R6,minimax-m3,3,E1_end_to_end,D1,done_when,visible,E1,true,
wirecodec_preserve,wirecodec,preserve,false,R6,minimax-m3,3,E2_decode_v1,R4,rule,visible,E2,true,
wirecodec_preserve,wirecodec,preserve,false,R6,minimax-m3,3,E2_preserve_v1,P1,baseline_preserve,visible,E2,true,
wirecodec_preserve,wirecodec,preserve,false,R6,minimax-m3,3,E3_v2_canonical,R3,rule,visible,E3,true,
wirecodec_preserve,wirecodec,preserve,false,R6,minimax-m3,3,E3_decode_v2,R4,rule,visible,E3,true,
wirecodec_preserve,wirecodec,preserve,false,R6,minimax-m3,3,E3_validate_checksum,R5,rule,visible,E3,true,
wirecodec_preserve,wirecodec,preserve,false,R6,minimax-m3,3,E3_evolved_decode,V2,baseline_evolve,visible,E3,true,
wirecodec_preserve,wirecodec,preserve,false,R6,minimax-m3,3,E4_unknown_fields,R6,rule,visible,E4,true,
wirecodec_preserve,wirecodec,preserve,false,R6,minimax-m3,3,E5_checksum_mismatch,R5,rule,visible,E5,true,
wirecodec_preserve,wirecodec,preserve,false,R6,minimax-m3,3,E5_codec_error,X2,error,visible,E5,true,
wirecodec_preserve,wirecodec,preserve,false,R6,minimax-m3,3,E6_encode_repeatability,R2,rule,visible,E6,true,
wirecodec_preserve,wirecodec,preserve,false,R6,minimax-m3,3,E6_deterministic_bytes,R7,rule,visible,E6,true,
wirecodec_preserve,wirecodec,preserve,false,R6,minimax-m3,3,E7_invalid_encode,R2,rule,visible,E7,false,"AssertionError: expected ValueError, no exception raised"
wirecodec_preserve,wirecodec,preserve,false,R6,minimax-m3,3,E7_value_error,X1,error,visible,E7,false,"AssertionError: expected ValueError, no exception raised"
wirecodec_preserve,wirecodec,preserve,false,R6,minimax-m3,3,E8_stdlib_sha256,C1,constraint,visible,E8,true,
wirecodec_preserve,wirecodec,preserve,false,R6,minimax-m3,3,hidden_public_symbols,R1,rule,hidden,,false,AssertionError: check returned false
wirecodec_preserve,wirecodec,preserve,false,R6,minimax-m3,3,hidden_encode_input_contract,R2,rule,hidden,,false,"AssertionError: expected ValueError, no exception raised"
wirecodec_preserve,wirecodec,preserve,false,R6,minimax-m3,3,hidden_canonical_checksum,R3,rule,hidden,,true,
wirecodec_preserve,wirecodec,preserve,false,R6,minimax-m3,3,hidden_explicit_v1,R4,rule,hidden,,true,
wirecodec_preserve,wirecodec,preserve,false,R6,minimax-m3,3,hidden_v2_checksum_rejection,R5,rule,hidden,,true,
wirecodec_preserve,wirecodec,preserve,false,R6,minimax-m3,3,hidden_unknown_v1,R6,rule,hidden,,true,
wirecodec_preserve,wirecodec,preserve,false,R6,minimax-m3,3,hidden_unknown_v2,R6,rule,hidden,,true,
wirecodec_preserve,wirecodec,preserve,false,R6,minimax-m3,3,hidden_empty_extras_omitted,R6,rule,hidden,,true,
wirecodec_preserve,wirecodec,preserve,false,R6,minimax-m3,3,hidden_unicode_repeatability,R7,rule,hidden,,true,
wirecodec_preserve,wirecodec,preserve,false,R6,minimax-m3,3,hidden_full_smoke,D1,done_when,hidden,,true,
wirecodec_preserve,wirecodec,preserve,false,R6,minimax-m3,3,hidden_stdlib_and_sha256,C1,constraint,hidden,,true,
wirecodec_preserve,wirecodec,preserve,false,R6,minimax-m3,3,hidden_v1_compatibility,P1,baseline_preserve,hidden,,true,
wirecodec_preserve,wirecodec,preserve,false,R6,minimax-m3,3,hidden_import_stability,P2,baseline_preserve,hidden,,true,
wirecodec_preserve,wirecodec,preserve,false,R6,minimax-m3,3,hidden_v2_encode,V1,baseline_evolve,hidden,,true,
wirecodec_preserve,wirecodec,preserve,false,R6,minimax-m3,3,hidden_v2_decode,V2,baseline_evolve,hidden,,true,
wirecodec_preserve,wirecodec,preserve,false,R6,minimax-m3,3,hidden_value_error,X1,error,hidden,,false,"AssertionError: expected ValueError, no exception raised"
wirecodec_preserve,wirecodec,preserve,false,R6,minimax-m3,3,hidden_codec_errors,X2,error,hidden,,true,
wirecodec_preserve,wirecodec,preserve,false,R6,qwen3.7-max,1,E1_public_import,R1,rule,visible,E1,true,
wirecodec_preserve,wirecodec,preserve,false,R6,qwen3.7-max,1,E1_encode_validation,R2,rule,visible,E1,true,
wirecodec_preserve,wirecodec,preserve,false,R6,qwen3.7-max,1,E1_canonical_v2,R3,rule,visible,E1,true,
wirecodec_preserve,wirecodec,preserve,false,R6,qwen3.7-max,1,E1_evolved_encoding,V1,baseline_evolve,visible,E1,true,
wirecodec_preserve,wirecodec,preserve,false,R6,qwen3.7-max,1,E1_preserved_imports,P2,baseline_preserve,visible,E1,true,
wirecodec_preserve,wirecodec,preserve,false,R6,qwen3.7-max,1,E1_end_to_end,D1,done_when,visible,E1,true,
wirecodec_preserve,wirecodec,preserve,false,R6,qwen3.7-max,1,E2_decode_v1,R4,rule,visible,E2,true,
wirecodec_preserve,wirecodec,preserve,false,R6,qwen3.7-max,1,E2_preserve_v1,P1,baseline_preserve,visible,E2,true,
wirecodec_preserve,wirecodec,preserve,false,R6,qwen3.7-max,1,E3_v2_canonical,R3,rule,visible,E3,true,
wirecodec_preserve,wirecodec,preserve,false,R6,qwen3.7-max,1,E3_decode_v2,R4,rule,visible,E3,true,
wirecodec_preserve,wirecodec,preserve,false,R6,qwen3.7-max,1,E3_validate_checksum,R5,rule,visible,E3,true,
wirecodec_preserve,wirecodec,preserve,false,R6,qwen3.7-max,1,E3_evolved_decode,V2,baseline_evolve,visible,E3,true,
wirecodec_preserve,wirecodec,preserve,false,R6,qwen3.7-max,1,E4_unknown_fields,R6,rule,visible,E4,true,
wirecodec_preserve,wirecodec,preserve,false,R6,qwen3.7-max,1,E5_checksum_mismatch,R5,rule,visible,E5,true,
wirecodec_preserve,wirecodec,preserve,false,R6,qwen3.7-max,1,E5_codec_error,X2,error,visible,E5,true,
wirecodec_preserve,wirecodec,preserve,false,R6,qwen3.7-max,1,E6_encode_repeatability,R2,rule,visible,E6,false,AssertionError: Unicode was escaped
wirecodec_preserve,wirecodec,preserve,false,R6,qwen3.7-max,1,E6_deterministic_bytes,R7,rule,visible,E6,false,AssertionError: Unicode was escaped
wirecodec_preserve,wirecodec,preserve,false,R6,qwen3.7-max,1,E7_invalid_encode,R2,rule,visible,E7,false,"AssertionError: expected ValueError, no exception raised"
wirecodec_preserve,wirecodec,preserve,false,R6,qwen3.7-max,1,E7_value_error,X1,error,visible,E7,false,"AssertionError: expected ValueError, no exception raised"
wirecodec_preserve,wirecodec,preserve,false,R6,qwen3.7-max,1,E8_stdlib_sha256,C1,constraint,visible,E8,true,
wirecodec_preserve,wirecodec,preserve,false,R6,qwen3.7-max,1,hidden_public_symbols,R1,rule,hidden,,false,AssertionError: check returned false
wirecodec_preserve,wirecodec,preserve,false,R6,qwen3.7-max,1,hidden_encode_input_contract,R2,rule,hidden,,false,"AssertionError: expected ValueError, no exception raised"
wirecodec_preserve,wirecodec,preserve,false,R6,qwen3.7-max,1,hidden_canonical_checksum,R3,rule,hidden,,true,
wirecodec_preserve,wirecodec,preserve,false,R6,qwen3.7-max,1,hidden_explicit_v1,R4,rule,hidden,,true,
wirecodec_preserve,wirecodec,preserve,false,R6,qwen3.7-max,1,hidden_v2_checksum_rejection,R5,rule,hidden,,true,
wirecodec_preserve,wirecodec,preserve,false,R6,qwen3.7-max,1,hidden_unknown_v1,R6,rule,hidden,,true,
wirecodec_preserve,wirecodec,preserve,false,R6,qwen3.7-max,1,hidden_unknown_v2,R6,rule,hidden,,true,
wirecodec_preserve,wirecodec,preserve,false,R6,qwen3.7-max,1,hidden_empty_extras_omitted,R6,rule,hidden,,true,
wirecodec_preserve,wirecodec,preserve,false,R6,qwen3.7-max,1,hidden_unicode_repeatability,R7,rule,hidden,,false,AssertionError: Unicode was escaped
wirecodec_preserve,wirecodec,preserve,false,R6,qwen3.7-max,1,hidden_full_smoke,D1,done_when,hidden,,true,
wirecodec_preserve,wirecodec,preserve,false,R6,qwen3.7-max,1,hidden_stdlib_and_sha256,C1,constraint,hidden,,true,
wirecodec_preserve,wirecodec,preserve,false,R6,qwen3.7-max,1,hidden_v1_compatibility,P1,baseline_preserve,hidden,,true,
wirecodec_preserve,wirecodec,preserve,false,R6,qwen3.7-max,1,hidden_import_stability,P2,baseline_preserve,hidden,,true,
wirecodec_preserve,wirecodec,preserve,false,R6,qwen3.7-max,1,hidden_v2_encode,V1,baseline_evolve,hidden,,true,
wirecodec_preserve,wirecodec,preserve,false,R6,qwen3.7-max,1,hidden_v2_decode,V2,baseline_evolve,hidden,,true,
wirecodec_preserve,wirecodec,preserve,false,R6,qwen3.7-max,1,hidden_value_error,X1,error,hidden,,false,"AssertionError: expected ValueError, no exception raised"
wirecodec_preserve,wirecodec,preserve,false,R6,qwen3.7-max,1,hidden_codec_errors,X2,error,hidden,,true,
wirecodec_preserve,wirecodec,preserve,false,R6,qwen3.7-max,2,E1_public_import,R1,rule,visible,E1,true,
wirecodec_preserve,wirecodec,preserve,false,R6,qwen3.7-max,2,E1_encode_validation,R2,rule,visible,E1,true,
wirecodec_preserve,wirecodec,preserve,false,R6,qwen3.7-max,2,E1_canonical_v2,R3,rule,visible,E1,true,
wirecodec_preserve,wirecodec,preserve,false,R6,qwen3.7-max,2,E1_evolved_encoding,V1,baseline_evolve,visible,E1,true,
wirecodec_preserve,wirecodec,preserve,false,R6,qwen3.7-max,2,E1_preserved_imports,P2,baseline_preserve,visible,E1,true,
wirecodec_preserve,wirecodec,preserve,false,R6,qwen3.7-max,2,E1_end_to_end,D1,done_when,visible,E1,true,
wirecodec_preserve,wirecodec,preserve,false,R6,qwen3.7-max,2,E2_decode_v1,R4,rule,visible,E2,true,
wirecodec_preserve,wirecodec,preserve,false,R6,qwen3.7-max,2,E2_preserve_v1,P1,baseline_preserve,visible,E2,true,
wirecodec_preserve,wirecodec,preserve,false,R6,qwen3.7-max,2,E3_v2_canonical,R3,rule,visible,E3,true,
wirecodec_preserve,wirecodec,preserve,false,R6,qwen3.7-max,2,E3_decode_v2,R4,rule,visible,E3,true,
wirecodec_preserve,wirecodec,preserve,false,R6,qwen3.7-max,2,E3_validate_checksum,R5,rule,visible,E3,true,
wirecodec_preserve,wirecodec,preserve,false,R6,qwen3.7-max,2,E3_evolved_decode,V2,baseline_evolve,visible,E3,true,
wirecodec_preserve,wirecodec,preserve,false,R6,qwen3.7-max,2,E4_unknown_fields,R6,rule,visible,E4,true,
wirecodec_preserve,wirecodec,preserve,false,R6,qwen3.7-max,2,E5_checksum_mismatch,R5,rule,visible,E5,true,
wirecodec_preserve,wirecodec,preserve,false,R6,qwen3.7-max,2,E5_codec_error,X2,error,visible,E5,true,
wirecodec_preserve,wirecodec,preserve,false,R6,qwen3.7-max,2,E6_encode_repeatability,R2,rule,visible,E6,false,AssertionError: Unicode was escaped
wirecodec_preserve,wirecodec,preserve,false,R6,qwen3.7-max,2,E6_deterministic_bytes,R7,rule,visible,E6,false,AssertionError: Unicode was escaped
wirecodec_preserve,wirecodec,preserve,false,R6,qwen3.7-max,2,E7_invalid_encode,R2,rule,visible,E7,true,
wirecodec_preserve,wirecodec,preserve,false,R6,qwen3.7-max,2,E7_value_error,X1,error,visible,E7,true,
wirecodec_preserve,wirecodec,preserve,false,R6,qwen3.7-max,2,E8_stdlib_sha256,C1,constraint,visible,E8,true,
wirecodec_preserve,wirecodec,preserve,false,R6,qwen3.7-max,2,hidden_public_symbols,R1,rule,hidden,,false,AssertionError: check returned false
wirecodec_preserve,wirecodec,preserve,false,R6,qwen3.7-max,2,hidden_encode_input_contract,R2,rule,hidden,,true,
wirecodec_preserve,wirecodec,preserve,false,R6,qwen3.7-max,2,hidden_canonical_checksum,R3,rule,hidden,,true,
wirecodec_preserve,wirecodec,preserve,false,R6,qwen3.7-max,2,hidden_explicit_v1,R4,rule,hidden,,true,
wirecodec_preserve,wirecodec,preserve,false,R6,qwen3.7-max,2,hidden_v2_checksum_rejection,R5,rule,hidden,,true,
wirecodec_preserve,wirecodec,preserve,false,R6,qwen3.7-max,2,hidden_unknown_v1,R6,rule,hidden,,true,
wirecodec_preserve,wirecodec,preserve,false,R6,qwen3.7-max,2,hidden_unknown_v2,R6,rule,hidden,,true,
wirecodec_preserve,wirecodec,preserve,false,R6,qwen3.7-max,2,hidden_empty_extras_omitted,R6,rule,hidden,,true,
wirecodec_preserve,wirecodec,preserve,false,R6,qwen3.7-max,2,hidden_unicode_repeatability,R7,rule,hidden,,false,AssertionError: Unicode was escaped
wirecodec_preserve,wirecodec,preserve,false,R6,qwen3.7-max,2,hidden_full_smoke,D1,done_when,hidden,,true,
wirecodec_preserve,wirecodec,preserve,false,R6,qwen3.7-max,2,hidden_stdlib_and_sha256,C1,constraint,hidden,,true,
wirecodec_preserve,wirecodec,preserve,false,R6,qwen3.7-max,2,hidden_v1_compatibility,P1,baseline_preserve,hidden,,true,
wirecodec_preserve,wirecodec,preserve,false,R6,qwen3.7-max,2,hidden_import_stability,P2,baseline_preserve,hidden,,true,
wirecodec_preserve,wirecodec,preserve,false,R6,qwen3.7-max,2,hidden_v2_encode,V1,baseline_evolve,hidden,,true,
wirecodec_preserve,wirecodec,preserve,false,R6,qwen3.7-max,2,hidden_v2_decode,V2,baseline_evolve,hidden,,true,
wirecodec_preserve,wirecodec,preserve,false,R6,qwen3.7-max,2,hidden_value_error,X1,error,hidden,,true,
wirecodec_preserve,wirecodec,preserve,false,R6,qwen3.7-max,2,hidden_codec_errors,X2,error,hidden,,true,
wirecodec_preserve,wirecodec,preserve,false,R6,qwen3.7-max,3,E1_public_import,R1,rule,visible,E1,true,
wirecodec_preserve,wirecodec,preserve,false,R6,qwen3.7-max,3,E1_encode_validation,R2,rule,visible,E1,true,
wirecodec_preserve,wirecodec,preserve,false,R6,qwen3.7-max,3,E1_canonical_v2,R3,rule,visible,E1,true,
wirecodec_preserve,wirecodec,preserve,false,R6,qwen3.7-max,3,E1_evolved_encoding,V1,baseline_evolve,visible,E1,true,
wirecodec_preserve,wirecodec,preserve,false,R6,qwen3.7-max,3,E1_preserved_imports,P2,baseline_preserve,visible,E1,true,
wirecodec_preserve,wirecodec,preserve,false,R6,qwen3.7-max,3,E1_end_to_end,D1,done_when,visible,E1,true,
wirecodec_preserve,wirecodec,preserve,false,R6,qwen3.7-max,3,E2_decode_v1,R4,rule,visible,E2,true,
wirecodec_preserve,wirecodec,preserve,false,R6,qwen3.7-max,3,E2_preserve_v1,P1,baseline_preserve,visible,E2,true,
wirecodec_preserve,wirecodec,preserve,false,R6,qwen3.7-max,3,E3_v2_canonical,R3,rule,visible,E3,true,
wirecodec_preserve,wirecodec,preserve,false,R6,qwen3.7-max,3,E3_decode_v2,R4,rule,visible,E3,true,
wirecodec_preserve,wirecodec,preserve,false,R6,qwen3.7-max,3,E3_validate_checksum,R5,rule,visible,E3,true,
wirecodec_preserve,wirecodec,preserve,false,R6,qwen3.7-max,3,E3_evolved_decode,V2,baseline_evolve,visible,E3,true,
wirecodec_preserve,wirecodec,preserve,false,R6,qwen3.7-max,3,E4_unknown_fields,R6,rule,visible,E4,true,
wirecodec_preserve,wirecodec,preserve,false,R6,qwen3.7-max,3,E5_checksum_mismatch,R5,rule,visible,E5,true,
wirecodec_preserve,wirecodec,preserve,false,R6,qwen3.7-max,3,E5_codec_error,X2,error,visible,E5,true,
wirecodec_preserve,wirecodec,preserve,false,R6,qwen3.7-max,3,E6_encode_repeatability,R2,rule,visible,E6,false,AssertionError: Unicode was escaped
wirecodec_preserve,wirecodec,preserve,false,R6,qwen3.7-max,3,E6_deterministic_bytes,R7,rule,visible,E6,false,AssertionError: Unicode was escaped
wirecodec_preserve,wirecodec,preserve,false,R6,qwen3.7-max,3,E7_invalid_encode,R2,rule,visible,E7,false,"AssertionError: expected ValueError, no exception raised"
wirecodec_preserve,wirecodec,preserve,false,R6,qwen3.7-max,3,E7_value_error,X1,error,visible,E7,false,"AssertionError: expected ValueError, no exception raised"
wirecodec_preserve,wirecodec,preserve,false,R6,qwen3.7-max,3,E8_stdlib_sha256,C1,constraint,visible,E8,true,
wirecodec_preserve,wirecodec,preserve,false,R6,qwen3.7-max,3,hidden_public_symbols,R1,rule,hidden,,false,AssertionError: check returned false
wirecodec_preserve,wirecodec,preserve,false,R6,qwen3.7-max,3,hidden_encode_input_contract,R2,rule,hidden,,false,"AssertionError: expected ValueError, no exception raised"
wirecodec_preserve,wirecodec,preserve,false,R6,qwen3.7-max,3,hidden_canonical_checksum,R3,rule,hidden,,true,
wirecodec_preserve,wirecodec,preserve,false,R6,qwen3.7-max,3,hidden_explicit_v1,R4,rule,hidden,,true,
wirecodec_preserve,wirecodec,preserve,false,R6,qwen3.7-max,3,hidden_v2_checksum_rejection,R5,rule,hidden,,true,
wirecodec_preserve,wirecodec,preserve,false,R6,qwen3.7-max,3,hidden_unknown_v1,R6,rule,hidden,,true,
wirecodec_preserve,wirecodec,preserve,false,R6,qwen3.7-max,3,hidden_unknown_v2,R6,rule,hidden,,true,
wirecodec_preserve,wirecodec,preserve,false,R6,qwen3.7-max,3,hidden_empty_extras_omitted,R6,rule,hidden,,true,
wirecodec_preserve,wirecodec,preserve,false,R6,qwen3.7-max,3,hidden_unicode_repeatability,R7,rule,hidden,,false,AssertionError: Unicode was escaped
wirecodec_preserve,wirecodec,preserve,false,R6,qwen3.7-max,3,hidden_full_smoke,D1,done_when,hidden,,true,
wirecodec_preserve,wirecodec,preserve,false,R6,qwen3.7-max,3,hidden_stdlib_and_sha256,C1,constraint,hidden,,true,
wirecodec_preserve,wirecodec,preserve,false,R6,qwen3.7-max,3,hidden_v1_compatibility,P1,baseline_preserve,hidden,,true,
wirecodec_preserve,wirecodec,preserve,false,R6,qwen3.7-max,3,hidden_import_stability,P2,baseline_preserve,hidden,,true,
wirecodec_preserve,wirecodec,preserve,false,R6,qwen3.7-max,3,hidden_v2_encode,V1,baseline_evolve,hidden,,true,
wirecodec_preserve,wirecodec,preserve,false,R6,qwen3.7-max,3,hidden_v2_decode,V2,baseline_evolve,hidden,,true,
wirecodec_preserve,wirecodec,preserve,false,R6,qwen3.7-max,3,hidden_value_error,X1,error,hidden,,false,"AssertionError: expected ValueError, no exception raised"
wirecodec_preserve,wirecodec,preserve,false,R6,qwen3.7-max,3,hidden_codec_errors,X2,error,hidden,,true,
wirecodec_reject,wirecodec,reject,false,R6,glm-5.2,1,E1_public_import,R1,rule,visible,E1,true,
wirecodec_reject,wirecodec,reject,false,R6,glm-5.2,1,E1_encode_validation,R2,rule,visible,E1,true,
wirecodec_reject,wirecodec,reject,false,R6,glm-5.2,1,E1_canonical_v2,R3,rule,visible,E1,true,
wirecodec_reject,wirecodec,reject,false,R6,glm-5.2,1,E1_evolved_encoding,V1,baseline_evolve,visible,E1,true,
wirecodec_reject,wirecodec,reject,false,R6,glm-5.2,1,E1_preserved_imports,P2,baseline_preserve,visible,E1,true,
wirecodec_reject,wirecodec,reject,false,R6,glm-5.2,1,E1_end_to_end,D1,done_when,visible,E1,true,
wirecodec_reject,wirecodec,reject,false,R6,glm-5.2,1,E2_decode_v1,R4,rule,visible,E2,true,
wirecodec_reject,wirecodec,reject,false,R6,glm-5.2,1,E2_preserve_v1,P1,baseline_preserve,visible,E2,true,
wirecodec_reject,wirecodec,reject,false,R6,glm-5.2,1,E3_v2_canonical,R3,rule,visible,E3,true,
wirecodec_reject,wirecodec,reject,false,R6,glm-5.2,1,E3_decode_v2,R4,rule,visible,E3,true,
wirecodec_reject,wirecodec,reject,false,R6,glm-5.2,1,E3_validate_checksum,R5,rule,visible,E3,true,
wirecodec_reject,wirecodec,reject,false,R6,glm-5.2,1,E3_evolved_decode,V2,baseline_evolve,visible,E3,true,
wirecodec_reject,wirecodec,reject,false,R6,glm-5.2,1,E4_unknown_fields,R6,rule,visible,E4,true,
wirecodec_reject,wirecodec,reject,false,R6,glm-5.2,1,E5_checksum_mismatch,R5,rule,visible,E5,true,
wirecodec_reject,wirecodec,reject,false,R6,glm-5.2,1,E5_codec_error,X2,error,visible,E5,true,
wirecodec_reject,wirecodec,reject,false,R6,glm-5.2,1,E6_encode_repeatability,R2,rule,visible,E6,false,AssertionError: Unicode was escaped
wirecodec_reject,wirecodec,reject,false,R6,glm-5.2,1,E6_deterministic_bytes,R7,rule,visible,E6,false,AssertionError: Unicode was escaped
wirecodec_reject,wirecodec,reject,false,R6,glm-5.2,1,E7_invalid_encode,R2,rule,visible,E7,true,
wirecodec_reject,wirecodec,reject,false,R6,glm-5.2,1,E7_value_error,X1,error,visible,E7,true,
wirecodec_reject,wirecodec,reject,false,R6,glm-5.2,1,E8_stdlib_sha256,C1,constraint,visible,E8,true,
wirecodec_reject,wirecodec,reject,false,R6,glm-5.2,1,hidden_public_symbols,R1,rule,hidden,,false,AssertionError: check returned false
wirecodec_reject,wirecodec,reject,false,R6,glm-5.2,1,hidden_encode_input_contract,R2,rule,hidden,,true,
wirecodec_reject,wirecodec,reject,false,R6,glm-5.2,1,hidden_canonical_checksum,R3,rule,hidden,,true,
wirecodec_reject,wirecodec,reject,false,R6,glm-5.2,1,hidden_explicit_v1,R4,rule,hidden,,true,
wirecodec_reject,wirecodec,reject,false,R6,glm-5.2,1,hidden_v2_checksum_rejection,R5,rule,hidden,,true,
wirecodec_reject,wirecodec,reject,false,R6,glm-5.2,1,hidden_unknown_v1,R6,rule,hidden,,true,
wirecodec_reject,wirecodec,reject,false,R6,glm-5.2,1,hidden_unknown_v2,R6,rule,hidden,,true,
wirecodec_reject,wirecodec,reject,false,R6,glm-5.2,1,hidden_empty_extras_omitted,R6,rule,hidden,,true,
wirecodec_reject,wirecodec,reject,false,R6,glm-5.2,1,hidden_unicode_repeatability,R7,rule,hidden,,false,AssertionError: Unicode was escaped
wirecodec_reject,wirecodec,reject,false,R6,glm-5.2,1,hidden_full_smoke,D1,done_when,hidden,,true,
wirecodec_reject,wirecodec,reject,false,R6,glm-5.2,1,hidden_stdlib_and_sha256,C1,constraint,hidden,,true,
wirecodec_reject,wirecodec,reject,false,R6,glm-5.2,1,hidden_v1_compatibility,P1,baseline_preserve,hidden,,true,
wirecodec_reject,wirecodec,reject,false,R6,glm-5.2,1,hidden_import_stability,P2,baseline_preserve,hidden,,true,
wirecodec_reject,wirecodec,reject,false,R6,glm-5.2,1,hidden_v2_encode,V1,baseline_evolve,hidden,,true,
wirecodec_reject,wirecodec,reject,false,R6,glm-5.2,1,hidden_v2_decode,V2,baseline_evolve,hidden,,true,
wirecodec_reject,wirecodec,reject,false,R6,glm-5.2,1,hidden_value_error,X1,error,hidden,,true,
wirecodec_reject,wirecodec,reject,false,R6,glm-5.2,1,hidden_codec_errors,X2,error,hidden,,true,
wirecodec_reject,wirecodec,reject,false,R6,glm-5.2,2,E1_public_import,R1,rule,visible,E1,true,
wirecodec_reject,wirecodec,reject,false,R6,glm-5.2,2,E1_encode_validation,R2,rule,visible,E1,true,
wirecodec_reject,wirecodec,reject,false,R6,glm-5.2,2,E1_canonical_v2,R3,rule,visible,E1,true,
wirecodec_reject,wirecodec,reject,false,R6,glm-5.2,2,E1_evolved_encoding,V1,baseline_evolve,visible,E1,true,
wirecodec_reject,wirecodec,reject,false,R6,glm-5.2,2,E1_preserved_imports,P2,baseline_preserve,visible,E1,true,
wirecodec_reject,wirecodec,reject,false,R6,glm-5.2,2,E1_end_to_end,D1,done_when,visible,E1,true,
wirecodec_reject,wirecodec,reject,false,R6,glm-5.2,2,E2_decode_v1,R4,rule,visible,E2,true,
wirecodec_reject,wirecodec,reject,false,R6,glm-5.2,2,E2_preserve_v1,P1,baseline_preserve,visible,E2,true,
wirecodec_reject,wirecodec,reject,false,R6,glm-5.2,2,E3_v2_canonical,R3,rule,visible,E3,true,
wirecodec_reject,wirecodec,reject,false,R6,glm-5.2,2,E3_decode_v2,R4,rule,visible,E3,true,
wirecodec_reject,wirecodec,reject,false,R6,glm-5.2,2,E3_validate_checksum,R5,rule,visible,E3,true,
wirecodec_reject,wirecodec,reject,false,R6,glm-5.2,2,E3_evolved_decode,V2,baseline_evolve,visible,E3,true,
wirecodec_reject,wirecodec,reject,false,R6,glm-5.2,2,E4_unknown_fields,R6,rule,visible,E4,true,
wirecodec_reject,wirecodec,reject,false,R6,glm-5.2,2,E5_checksum_mismatch,R5,rule,visible,E5,true,
wirecodec_reject,wirecodec,reject,false,R6,glm-5.2,2,E5_codec_error,X2,error,visible,E5,true,
wirecodec_reject,wirecodec,reject,false,R6,glm-5.2,2,E6_encode_repeatability,R2,rule,visible,E6,false,AssertionError: Unicode was escaped
wirecodec_reject,wirecodec,reject,false,R6,glm-5.2,2,E6_deterministic_bytes,R7,rule,visible,E6,false,AssertionError: Unicode was escaped
wirecodec_reject,wirecodec,reject,false,R6,glm-5.2,2,E7_invalid_encode,R2,rule,visible,E7,true,
wirecodec_reject,wirecodec,reject,false,R6,glm-5.2,2,E7_value_error,X1,error,visible,E7,true,
wirecodec_reject,wirecodec,reject,false,R6,glm-5.2,2,E8_stdlib_sha256,C1,constraint,visible,E8,true,
wirecodec_reject,wirecodec,reject,false,R6,glm-5.2,2,hidden_public_symbols,R1,rule,hidden,,false,AssertionError: check returned false
wirecodec_reject,wirecodec,reject,false,R6,glm-5.2,2,hidden_encode_input_contract,R2,rule,hidden,,true,
wirecodec_reject,wirecodec,reject,false,R6,glm-5.2,2,hidden_canonical_checksum,R3,rule,hidden,,true,
wirecodec_reject,wirecodec,reject,false,R6,glm-5.2,2,hidden_explicit_v1,R4,rule,hidden,,true,
wirecodec_reject,wirecodec,reject,false,R6,glm-5.2,2,hidden_v2_checksum_rejection,R5,rule,hidden,,true,
wirecodec_reject,wirecodec,reject,false,R6,glm-5.2,2,hidden_unknown_v1,R6,rule,hidden,,true,
wirecodec_reject,wirecodec,reject,false,R6,glm-5.2,2,hidden_unknown_v2,R6,rule,hidden,,true,
wirecodec_reject,wirecodec,reject,false,R6,glm-5.2,2,hidden_empty_extras_omitted,R6,rule,hidden,,true,
wirecodec_reject,wirecodec,reject,false,R6,glm-5.2,2,hidden_unicode_repeatability,R7,rule,hidden,,false,AssertionError: Unicode was escaped
wirecodec_reject,wirecodec,reject,false,R6,glm-5.2,2,hidden_full_smoke,D1,done_when,hidden,,true,
wirecodec_reject,wirecodec,reject,false,R6,glm-5.2,2,hidden_stdlib_and_sha256,C1,constraint,hidden,,true,
wirecodec_reject,wirecodec,reject,false,R6,glm-5.2,2,hidden_v1_compatibility,P1,baseline_preserve,hidden,,true,
wirecodec_reject,wirecodec,reject,false,R6,glm-5.2,2,hidden_import_stability,P2,baseline_preserve,hidden,,true,
wirecodec_reject,wirecodec,reject,false,R6,glm-5.2,2,hidden_v2_encode,V1,baseline_evolve,hidden,,true,
wirecodec_reject,wirecodec,reject,false,R6,glm-5.2,2,hidden_v2_decode,V2,baseline_evolve,hidden,,true,
wirecodec_reject,wirecodec,reject,false,R6,glm-5.2,2,hidden_value_error,X1,error,hidden,,true,
wirecodec_reject,wirecodec,reject,false,R6,glm-5.2,2,hidden_codec_errors,X2,error,hidden,,true,
wirecodec_reject,wirecodec,reject,false,R6,glm-5.2,3,E1_public_import,R1,rule,visible,E1,true,
wirecodec_reject,wirecodec,reject,false,R6,glm-5.2,3,E1_encode_validation,R2,rule,visible,E1,true,
wirecodec_reject,wirecodec,reject,false,R6,glm-5.2,3,E1_canonical_v2,R3,rule,visible,E1,true,
wirecodec_reject,wirecodec,reject,false,R6,glm-5.2,3,E1_evolved_encoding,V1,baseline_evolve,visible,E1,true,
wirecodec_reject,wirecodec,reject,false,R6,glm-5.2,3,E1_preserved_imports,P2,baseline_preserve,visible,E1,true,
wirecodec_reject,wirecodec,reject,false,R6,glm-5.2,3,E1_end_to_end,D1,done_when,visible,E1,true,
wirecodec_reject,wirecodec,reject,false,R6,glm-5.2,3,E2_decode_v1,R4,rule,visible,E2,true,
wirecodec_reject,wirecodec,reject,false,R6,glm-5.2,3,E2_preserve_v1,P1,baseline_preserve,visible,E2,true,
wirecodec_reject,wirecodec,reject,false,R6,glm-5.2,3,E3_v2_canonical,R3,rule,visible,E3,true,
wirecodec_reject,wirecodec,reject,false,R6,glm-5.2,3,E3_decode_v2,R4,rule,visible,E3,true,
wirecodec_reject,wirecodec,reject,false,R6,glm-5.2,3,E3_validate_checksum,R5,rule,visible,E3,true,
wirecodec_reject,wirecodec,reject,false,R6,glm-5.2,3,E3_evolved_decode,V2,baseline_evolve,visible,E3,true,
wirecodec_reject,wirecodec,reject,false,R6,glm-5.2,3,E4_unknown_fields,R6,rule,visible,E4,true,
wirecodec_reject,wirecodec,reject,false,R6,glm-5.2,3,E5_checksum_mismatch,R5,rule,visible,E5,true,
wirecodec_reject,wirecodec,reject,false,R6,glm-5.2,3,E5_codec_error,X2,error,visible,E5,true,
wirecodec_reject,wirecodec,reject,false,R6,glm-5.2,3,E6_encode_repeatability,R2,rule,visible,E6,false,AssertionError: Unicode was escaped
wirecodec_reject,wirecodec,reject,false,R6,glm-5.2,3,E6_deterministic_bytes,R7,rule,visible,E6,false,AssertionError: Unicode was escaped
wirecodec_reject,wirecodec,reject,false,R6,glm-5.2,3,E7_invalid_encode,R2,rule,visible,E7,false,"AssertionError: expected ValueError, no exception raised"
wirecodec_reject,wirecodec,reject,false,R6,glm-5.2,3,E7_value_error,X1,error,visible,E7,false,"AssertionError: expected ValueError, no exception raised"
wirecodec_reject,wirecodec,reject,false,R6,glm-5.2,3,E8_stdlib_sha256,C1,constraint,visible,E8,true,
wirecodec_reject,wirecodec,reject,false,R6,glm-5.2,3,hidden_public_symbols,R1,rule,hidden,,false,AssertionError: check returned false
wirecodec_reject,wirecodec,reject,false,R6,glm-5.2,3,hidden_encode_input_contract,R2,rule,hidden,,false,"AssertionError: expected ValueError, no exception raised"
wirecodec_reject,wirecodec,reject,false,R6,glm-5.2,3,hidden_canonical_checksum,R3,rule,hidden,,true,
wirecodec_reject,wirecodec,reject,false,R6,glm-5.2,3,hidden_explicit_v1,R4,rule,hidden,,true,
wirecodec_reject,wirecodec,reject,false,R6,glm-5.2,3,hidden_v2_checksum_rejection,R5,rule,hidden,,true,
wirecodec_reject,wirecodec,reject,false,R6,glm-5.2,3,hidden_unknown_v1,R6,rule,hidden,,true,
wirecodec_reject,wirecodec,reject,false,R6,glm-5.2,3,hidden_unknown_v2,R6,rule,hidden,,true,
wirecodec_reject,wirecodec,reject,false,R6,glm-5.2,3,hidden_empty_extras_omitted,R6,rule,hidden,,true,
wirecodec_reject,wirecodec,reject,false,R6,glm-5.2,3,hidden_unicode_repeatability,R7,rule,hidden,,false,AssertionError: Unicode was escaped
wirecodec_reject,wirecodec,reject,false,R6,glm-5.2,3,hidden_full_smoke,D1,done_when,hidden,,true,
wirecodec_reject,wirecodec,reject,false,R6,glm-5.2,3,hidden_stdlib_and_sha256,C1,constraint,hidden,,true,
wirecodec_reject,wirecodec,reject,false,R6,glm-5.2,3,hidden_v1_compatibility,P1,baseline_preserve,hidden,,true,
wirecodec_reject,wirecodec,reject,false,R6,glm-5.2,3,hidden_import_stability,P2,baseline_preserve,hidden,,true,
wirecodec_reject,wirecodec,reject,false,R6,glm-5.2,3,hidden_v2_encode,V1,baseline_evolve,hidden,,true,
wirecodec_reject,wirecodec,reject,false,R6,glm-5.2,3,hidden_v2_decode,V2,baseline_evolve,hidden,,true,
wirecodec_reject,wirecodec,reject,false,R6,glm-5.2,3,hidden_value_error,X1,error,hidden,,false,"AssertionError: expected ValueError, no exception raised"
wirecodec_reject,wirecodec,reject,false,R6,glm-5.2,3,hidden_codec_errors,X2,error,hidden,,true,
wirecodec_reject,wirecodec,reject,false,R6,minimax-m3,1,E1_public_import,R1,rule,visible,E1,true,
wirecodec_reject,wirecodec,reject,false,R6,minimax-m3,1,E1_encode_validation,R2,rule,visible,E1,true,
wirecodec_reject,wirecodec,reject,false,R6,minimax-m3,1,E1_canonical_v2,R3,rule,visible,E1,true,
wirecodec_reject,wirecodec,reject,false,R6,minimax-m3,1,E1_evolved_encoding,V1,baseline_evolve,visible,E1,true,
wirecodec_reject,wirecodec,reject,false,R6,minimax-m3,1,E1_preserved_imports,P2,baseline_preserve,visible,E1,true,
wirecodec_reject,wirecodec,reject,false,R6,minimax-m3,1,E1_end_to_end,D1,done_when,visible,E1,true,
wirecodec_reject,wirecodec,reject,false,R6,minimax-m3,1,E2_decode_v1,R4,rule,visible,E2,true,
wirecodec_reject,wirecodec,reject,false,R6,minimax-m3,1,E2_preserve_v1,P1,baseline_preserve,visible,E2,true,
wirecodec_reject,wirecodec,reject,false,R6,minimax-m3,1,E3_v2_canonical,R3,rule,visible,E3,true,
wirecodec_reject,wirecodec,reject,false,R6,minimax-m3,1,E3_decode_v2,R4,rule,visible,E3,true,
wirecodec_reject,wirecodec,reject,false,R6,minimax-m3,1,E3_validate_checksum,R5,rule,visible,E3,true,
wirecodec_reject,wirecodec,reject,false,R6,minimax-m3,1,E3_evolved_decode,V2,baseline_evolve,visible,E3,true,
wirecodec_reject,wirecodec,reject,false,R6,minimax-m3,1,E4_unknown_fields,R6,rule,visible,E4,true,
wirecodec_reject,wirecodec,reject,false,R6,minimax-m3,1,E5_checksum_mismatch,R5,rule,visible,E5,true,
wirecodec_reject,wirecodec,reject,false,R6,minimax-m3,1,E5_codec_error,X2,error,visible,E5,true,
wirecodec_reject,wirecodec,reject,false,R6,minimax-m3,1,E6_encode_repeatability,R2,rule,visible,E6,false,AssertionError: Unicode was escaped
wirecodec_reject,wirecodec,reject,false,R6,minimax-m3,1,E6_deterministic_bytes,R7,rule,visible,E6,false,AssertionError: Unicode was escaped
wirecodec_reject,wirecodec,reject,false,R6,minimax-m3,1,E7_invalid_encode,R2,rule,visible,E7,true,
wirecodec_reject,wirecodec,reject,false,R6,minimax-m3,1,E7_value_error,X1,error,visible,E7,true,
wirecodec_reject,wirecodec,reject,false,R6,minimax-m3,1,E8_stdlib_sha256,C1,constraint,visible,E8,true,
wirecodec_reject,wirecodec,reject,false,R6,minimax-m3,1,hidden_public_symbols,R1,rule,hidden,,false,AssertionError: check returned false
wirecodec_reject,wirecodec,reject,false,R6,minimax-m3,1,hidden_encode_input_contract,R2,rule,hidden,,true,
wirecodec_reject,wirecodec,reject,false,R6,minimax-m3,1,hidden_canonical_checksum,R3,rule,hidden,,true,
wirecodec_reject,wirecodec,reject,false,R6,minimax-m3,1,hidden_explicit_v1,R4,rule,hidden,,true,
wirecodec_reject,wirecodec,reject,false,R6,minimax-m3,1,hidden_v2_checksum_rejection,R5,rule,hidden,,true,
wirecodec_reject,wirecodec,reject,false,R6,minimax-m3,1,hidden_unknown_v1,R6,rule,hidden,,true,
wirecodec_reject,wirecodec,reject,false,R6,minimax-m3,1,hidden_unknown_v2,R6,rule,hidden,,true,
wirecodec_reject,wirecodec,reject,false,R6,minimax-m3,1,hidden_empty_extras_omitted,R6,rule,hidden,,true,
wirecodec_reject,wirecodec,reject,false,R6,minimax-m3,1,hidden_unicode_repeatability,R7,rule,hidden,,false,AssertionError: Unicode was escaped
wirecodec_reject,wirecodec,reject,false,R6,minimax-m3,1,hidden_full_smoke,D1,done_when,hidden,,true,
wirecodec_reject,wirecodec,reject,false,R6,minimax-m3,1,hidden_stdlib_and_sha256,C1,constraint,hidden,,true,
wirecodec_reject,wirecodec,reject,false,R6,minimax-m3,1,hidden_v1_compatibility,P1,baseline_preserve,hidden,,true,
wirecodec_reject,wirecodec,reject,false,R6,minimax-m3,1,hidden_import_stability,P2,baseline_preserve,hidden,,true,
wirecodec_reject,wirecodec,reject,false,R6,minimax-m3,1,hidden_v2_encode,V1,baseline_evolve,hidden,,true,
wirecodec_reject,wirecodec,reject,false,R6,minimax-m3,1,hidden_v2_decode,V2,baseline_evolve,hidden,,true,
wirecodec_reject,wirecodec,reject,false,R6,minimax-m3,1,hidden_value_error,X1,error,hidden,,true,
wirecodec_reject,wirecodec,reject,false,R6,minimax-m3,1,hidden_codec_errors,X2,error,hidden,,true,
wirecodec_reject,wirecodec,reject,false,R6,minimax-m3,2,E1_public_import,R1,rule,visible,E1,true,
wirecodec_reject,wirecodec,reject,false,R6,minimax-m3,2,E1_encode_validation,R2,rule,visible,E1,true,
wirecodec_reject,wirecodec,reject,false,R6,minimax-m3,2,E1_canonical_v2,R3,rule,visible,E1,true,
wirecodec_reject,wirecodec,reject,false,R6,minimax-m3,2,E1_evolved_encoding,V1,baseline_evolve,visible,E1,true,
wirecodec_reject,wirecodec,reject,false,R6,minimax-m3,2,E1_preserved_imports,P2,baseline_preserve,visible,E1,true,
wirecodec_reject,wirecodec,reject,false,R6,minimax-m3,2,E1_end_to_end,D1,done_when,visible,E1,true,
wirecodec_reject,wirecodec,reject,false,R6,minimax-m3,2,E2_decode_v1,R4,rule,visible,E2,true,
wirecodec_reject,wirecodec,reject,false,R6,minimax-m3,2,E2_preserve_v1,P1,baseline_preserve,visible,E2,true,
wirecodec_reject,wirecodec,reject,false,R6,minimax-m3,2,E3_v2_canonical,R3,rule,visible,E3,true,
wirecodec_reject,wirecodec,reject,false,R6,minimax-m3,2,E3_decode_v2,R4,rule,visible,E3,true,
wirecodec_reject,wirecodec,reject,false,R6,minimax-m3,2,E3_validate_checksum,R5,rule,visible,E3,true,
wirecodec_reject,wirecodec,reject,false,R6,minimax-m3,2,E3_evolved_decode,V2,baseline_evolve,visible,E3,true,
wirecodec_reject,wirecodec,reject,false,R6,minimax-m3,2,E4_unknown_fields,R6,rule,visible,E4,true,
wirecodec_reject,wirecodec,reject,false,R6,minimax-m3,2,E5_checksum_mismatch,R5,rule,visible,E5,true,
wirecodec_reject,wirecodec,reject,false,R6,minimax-m3,2,E5_codec_error,X2,error,visible,E5,true,
wirecodec_reject,wirecodec,reject,false,R6,minimax-m3,2,E6_encode_repeatability,R2,rule,visible,E6,false,AssertionError: Unicode was escaped
wirecodec_reject,wirecodec,reject,false,R6,minimax-m3,2,E6_deterministic_bytes,R7,rule,visible,E6,false,AssertionError: Unicode was escaped
wirecodec_reject,wirecodec,reject,false,R6,minimax-m3,2,E7_invalid_encode,R2,rule,visible,E7,false,"AssertionError: expected ValueError, no exception raised"
wirecodec_reject,wirecodec,reject,false,R6,minimax-m3,2,E7_value_error,X1,error,visible,E7,false,"AssertionError: expected ValueError, no exception raised"
wirecodec_reject,wirecodec,reject,false,R6,minimax-m3,2,E8_stdlib_sha256,C1,constraint,visible,E8,true,
wirecodec_reject,wirecodec,reject,false,R6,minimax-m3,2,hidden_public_symbols,R1,rule,hidden,,false,AssertionError: check returned false
wirecodec_reject,wirecodec,reject,false,R6,minimax-m3,2,hidden_encode_input_contract,R2,rule,hidden,,false,"AssertionError: expected ValueError, no exception raised"
wirecodec_reject,wirecodec,reject,false,R6,minimax-m3,2,hidden_canonical_checksum,R3,rule,hidden,,true,
wirecodec_reject,wirecodec,reject,false,R6,minimax-m3,2,hidden_explicit_v1,R4,rule,hidden,,true,
wirecodec_reject,wirecodec,reject,false,R6,minimax-m3,2,hidden_v2_checksum_rejection,R5,rule,hidden,,true,
wirecodec_reject,wirecodec,reject,false,R6,minimax-m3,2,hidden_unknown_v1,R6,rule,hidden,,true,
wirecodec_reject,wirecodec,reject,false,R6,minimax-m3,2,hidden_unknown_v2,R6,rule,hidden,,true,
wirecodec_reject,wirecodec,reject,false,R6,minimax-m3,2,hidden_empty_extras_omitted,R6,rule,hidden,,true,
wirecodec_reject,wirecodec,reject,false,R6,minimax-m3,2,hidden_unicode_repeatability,R7,rule,hidden,,false,AssertionError: Unicode was escaped
wirecodec_reject,wirecodec,reject,false,R6,minimax-m3,2,hidden_full_smoke,D1,done_when,hidden,,true,
wirecodec_reject,wirecodec,reject,false,R6,minimax-m3,2,hidden_stdlib_and_sha256,C1,constraint,hidden,,true,
wirecodec_reject,wirecodec,reject,false,R6,minimax-m3,2,hidden_v1_compatibility,P1,baseline_preserve,hidden,,true,
wirecodec_reject,wirecodec,reject,false,R6,minimax-m3,2,hidden_import_stability,P2,baseline_preserve,hidden,,true,
wirecodec_reject,wirecodec,reject,false,R6,minimax-m3,2,hidden_v2_encode,V1,baseline_evolve,hidden,,true,
wirecodec_reject,wirecodec,reject,false,R6,minimax-m3,2,hidden_v2_decode,V2,baseline_evolve,hidden,,true,
wirecodec_reject,wirecodec,reject,false,R6,minimax-m3,2,hidden_value_error,X1,error,hidden,,false,"AssertionError: expected ValueError, no exception raised"
wirecodec_reject,wirecodec,reject,false,R6,minimax-m3,2,hidden_codec_errors,X2,error,hidden,,true,
wirecodec_reject,wirecodec,reject,false,R6,minimax-m3,3,E1_public_import,R1,rule,visible,E1,true,
wirecodec_reject,wirecodec,reject,false,R6,minimax-m3,3,E1_encode_validation,R2,rule,visible,E1,true,
wirecodec_reject,wirecodec,reject,false,R6,minimax-m3,3,E1_canonical_v2,R3,rule,visible,E1,true,
wirecodec_reject,wirecodec,reject,false,R6,minimax-m3,3,E1_evolved_encoding,V1,baseline_evolve,visible,E1,true,
wirecodec_reject,wirecodec,reject,false,R6,minimax-m3,3,E1_preserved_imports,P2,baseline_preserve,visible,E1,true,
wirecodec_reject,wirecodec,reject,false,R6,minimax-m3,3,E1_end_to_end,D1,done_when,visible,E1,true,
wirecodec_reject,wirecodec,reject,false,R6,minimax-m3,3,E2_decode_v1,R4,rule,visible,E2,true,
wirecodec_reject,wirecodec,reject,false,R6,minimax-m3,3,E2_preserve_v1,P1,baseline_preserve,visible,E2,true,
wirecodec_reject,wirecodec,reject,false,R6,minimax-m3,3,E3_v2_canonical,R3,rule,visible,E3,true,
wirecodec_reject,wirecodec,reject,false,R6,minimax-m3,3,E3_decode_v2,R4,rule,visible,E3,true,
wirecodec_reject,wirecodec,reject,false,R6,minimax-m3,3,E3_validate_checksum,R5,rule,visible,E3,true,
wirecodec_reject,wirecodec,reject,false,R6,minimax-m3,3,E3_evolved_decode,V2,baseline_evolve,visible,E3,true,
wirecodec_reject,wirecodec,reject,false,R6,minimax-m3,3,E4_unknown_fields,R6,rule,visible,E4,true,
wirecodec_reject,wirecodec,reject,false,R6,minimax-m3,3,E5_checksum_mismatch,R5,rule,visible,E5,true,
wirecodec_reject,wirecodec,reject,false,R6,minimax-m3,3,E5_codec_error,X2,error,visible,E5,true,
wirecodec_reject,wirecodec,reject,false,R6,minimax-m3,3,E6_encode_repeatability,R2,rule,visible,E6,false,AssertionError: Unicode was escaped
wirecodec_reject,wirecodec,reject,false,R6,minimax-m3,3,E6_deterministic_bytes,R7,rule,visible,E6,false,AssertionError: Unicode was escaped
wirecodec_reject,wirecodec,reject,false,R6,minimax-m3,3,E7_invalid_encode,R2,rule,visible,E7,false,"AssertionError: expected ValueError, no exception raised"
wirecodec_reject,wirecodec,reject,false,R6,minimax-m3,3,E7_value_error,X1,error,visible,E7,false,"AssertionError: expected ValueError, no exception raised"
wirecodec_reject,wirecodec,reject,false,R6,minimax-m3,3,E8_stdlib_sha256,C1,constraint,visible,E8,true,
wirecodec_reject,wirecodec,reject,false,R6,minimax-m3,3,hidden_public_symbols,R1,rule,hidden,,false,AssertionError: check returned false
wirecodec_reject,wirecodec,reject,false,R6,minimax-m3,3,hidden_encode_input_contract,R2,rule,hidden,,false,"AssertionError: expected ValueError, no exception raised"
wirecodec_reject,wirecodec,reject,false,R6,minimax-m3,3,hidden_canonical_checksum,R3,rule,hidden,,true,
wirecodec_reject,wirecodec,reject,false,R6,minimax-m3,3,hidden_explicit_v1,R4,rule,hidden,,true,
wirecodec_reject,wirecodec,reject,false,R6,minimax-m3,3,hidden_v2_checksum_rejection,R5,rule,hidden,,true,
wirecodec_reject,wirecodec,reject,false,R6,minimax-m3,3,hidden_unknown_v1,R6,rule,hidden,,true,
wirecodec_reject,wirecodec,reject,false,R6,minimax-m3,3,hidden_unknown_v2,R6,rule,hidden,,true,
wirecodec_reject,wirecodec,reject,false,R6,minimax-m3,3,hidden_empty_extras_omitted,R6,rule,hidden,,true,
wirecodec_reject,wirecodec,reject,false,R6,minimax-m3,3,hidden_unicode_repeatability,R7,rule,hidden,,false,AssertionError: Unicode was escaped
wirecodec_reject,wirecodec,reject,false,R6,minimax-m3,3,hidden_full_smoke,D1,done_when,hidden,,true,
wirecodec_reject,wirecodec,reject,false,R6,minimax-m3,3,hidden_stdlib_and_sha256,C1,constraint,hidden,,true,
wirecodec_reject,wirecodec,reject,false,R6,minimax-m3,3,hidden_v1_compatibility,P1,baseline_preserve,hidden,,true,
wirecodec_reject,wirecodec,reject,false,R6,minimax-m3,3,hidden_import_stability,P2,baseline_preserve,hidden,,true,
wirecodec_reject,wirecodec,reject,false,R6,minimax-m3,3,hidden_v2_encode,V1,baseline_evolve,hidden,,true,
wirecodec_reject,wirecodec,reject,false,R6,minimax-m3,3,hidden_v2_decode,V2,baseline_evolve,hidden,,true,
wirecodec_reject,wirecodec,reject,false,R6,minimax-m3,3,hidden_value_error,X1,error,hidden,,false,"AssertionError: expected ValueError, no exception raised"
wirecodec_reject,wirecodec,reject,false,R6,minimax-m3,3,hidden_codec_errors,X2,error,hidden,,true,
wirecodec_reject,wirecodec,reject,false,R6,qwen3.7-max,1,E1_public_import,R1,rule,visible,E1,true,
wirecodec_reject,wirecodec,reject,false,R6,qwen3.7-max,1,E1_encode_validation,R2,rule,visible,E1,true,
wirecodec_reject,wirecodec,reject,false,R6,qwen3.7-max,1,E1_canonical_v2,R3,rule,visible,E1,true,
wirecodec_reject,wirecodec,reject,false,R6,qwen3.7-max,1,E1_evolved_encoding,V1,baseline_evolve,visible,E1,true,
wirecodec_reject,wirecodec,reject,false,R6,qwen3.7-max,1,E1_preserved_imports,P2,baseline_preserve,visible,E1,true,
wirecodec_reject,wirecodec,reject,false,R6,qwen3.7-max,1,E1_end_to_end,D1,done_when,visible,E1,true,
wirecodec_reject,wirecodec,reject,false,R6,qwen3.7-max,1,E2_decode_v1,R4,rule,visible,E2,true,
wirecodec_reject,wirecodec,reject,false,R6,qwen3.7-max,1,E2_preserve_v1,P1,baseline_preserve,visible,E2,true,
wirecodec_reject,wirecodec,reject,false,R6,qwen3.7-max,1,E3_v2_canonical,R3,rule,visible,E3,true,
wirecodec_reject,wirecodec,reject,false,R6,qwen3.7-max,1,E3_decode_v2,R4,rule,visible,E3,true,
wirecodec_reject,wirecodec,reject,false,R6,qwen3.7-max,1,E3_validate_checksum,R5,rule,visible,E3,true,
wirecodec_reject,wirecodec,reject,false,R6,qwen3.7-max,1,E3_evolved_decode,V2,baseline_evolve,visible,E3,true,
wirecodec_reject,wirecodec,reject,false,R6,qwen3.7-max,1,E4_unknown_fields,R6,rule,visible,E4,true,
wirecodec_reject,wirecodec,reject,false,R6,qwen3.7-max,1,E5_checksum_mismatch,R5,rule,visible,E5,true,
wirecodec_reject,wirecodec,reject,false,R6,qwen3.7-max,1,E5_codec_error,X2,error,visible,E5,true,
wirecodec_reject,wirecodec,reject,false,R6,qwen3.7-max,1,E6_encode_repeatability,R2,rule,visible,E6,false,AssertionError: Unicode was escaped
wirecodec_reject,wirecodec,reject,false,R6,qwen3.7-max,1,E6_deterministic_bytes,R7,rule,visible,E6,false,AssertionError: Unicode was escaped
wirecodec_reject,wirecodec,reject,false,R6,qwen3.7-max,1,E7_invalid_encode,R2,rule,visible,E7,true,
wirecodec_reject,wirecodec,reject,false,R6,qwen3.7-max,1,E7_value_error,X1,error,visible,E7,true,
wirecodec_reject,wirecodec,reject,false,R6,qwen3.7-max,1,E8_stdlib_sha256,C1,constraint,visible,E8,true,
wirecodec_reject,wirecodec,reject,false,R6,qwen3.7-max,1,hidden_public_symbols,R1,rule,hidden,,false,AssertionError: check returned false
wirecodec_reject,wirecodec,reject,false,R6,qwen3.7-max,1,hidden_encode_input_contract,R2,rule,hidden,,true,
wirecodec_reject,wirecodec,reject,false,R6,qwen3.7-max,1,hidden_canonical_checksum,R3,rule,hidden,,true,
wirecodec_reject,wirecodec,reject,false,R6,qwen3.7-max,1,hidden_explicit_v1,R4,rule,hidden,,true,
wirecodec_reject,wirecodec,reject,false,R6,qwen3.7-max,1,hidden_v2_checksum_rejection,R5,rule,hidden,,true,
wirecodec_reject,wirecodec,reject,false,R6,qwen3.7-max,1,hidden_unknown_v1,R6,rule,hidden,,true,
wirecodec_reject,wirecodec,reject,false,R6,qwen3.7-max,1,hidden_unknown_v2,R6,rule,hidden,,true,
wirecodec_reject,wirecodec,reject,false,R6,qwen3.7-max,1,hidden_empty_extras_omitted,R6,rule,hidden,,true,
wirecodec_reject,wirecodec,reject,false,R6,qwen3.7-max,1,hidden_unicode_repeatability,R7,rule,hidden,,false,AssertionError: Unicode was escaped
wirecodec_reject,wirecodec,reject,false,R6,qwen3.7-max,1,hidden_full_smoke,D1,done_when,hidden,,true,
wirecodec_reject,wirecodec,reject,false,R6,qwen3.7-max,1,hidden_stdlib_and_sha256,C1,constraint,hidden,,true,
wirecodec_reject,wirecodec,reject,false,R6,qwen3.7-max,1,hidden_v1_compatibility,P1,baseline_preserve,hidden,,true,
wirecodec_reject,wirecodec,reject,false,R6,qwen3.7-max,1,hidden_import_stability,P2,baseline_preserve,hidden,,true,
wirecodec_reject,wirecodec,reject,false,R6,qwen3.7-max,1,hidden_v2_encode,V1,baseline_evolve,hidden,,true,
wirecodec_reject,wirecodec,reject,false,R6,qwen3.7-max,1,hidden_v2_decode,V2,baseline_evolve,hidden,,true,
wirecodec_reject,wirecodec,reject,false,R6,qwen3.7-max,1,hidden_value_error,X1,error,hidden,,true,
wirecodec_reject,wirecodec,reject,false,R6,qwen3.7-max,1,hidden_codec_errors,X2,error,hidden,,true,
wirecodec_reject,wirecodec,reject,false,R6,qwen3.7-max,2,E1_public_import,R1,rule,visible,E1,true,
wirecodec_reject,wirecodec,reject,false,R6,qwen3.7-max,2,E1_encode_validation,R2,rule,visible,E1,true,
wirecodec_reject,wirecodec,reject,false,R6,qwen3.7-max,2,E1_canonical_v2,R3,rule,visible,E1,true,
wirecodec_reject,wirecodec,reject,false,R6,qwen3.7-max,2,E1_evolved_encoding,V1,baseline_evolve,visible,E1,true,
wirecodec_reject,wirecodec,reject,false,R6,qwen3.7-max,2,E1_preserved_imports,P2,baseline_preserve,visible,E1,true,
wirecodec_reject,wirecodec,reject,false,R6,qwen3.7-max,2,E1_end_to_end,D1,done_when,visible,E1,true,
wirecodec_reject,wirecodec,reject,false,R6,qwen3.7-max,2,E2_decode_v1,R4,rule,visible,E2,true,
wirecodec_reject,wirecodec,reject,false,R6,qwen3.7-max,2,E2_preserve_v1,P1,baseline_preserve,visible,E2,true,
wirecodec_reject,wirecodec,reject,false,R6,qwen3.7-max,2,E3_v2_canonical,R3,rule,visible,E3,true,
wirecodec_reject,wirecodec,reject,false,R6,qwen3.7-max,2,E3_decode_v2,R4,rule,visible,E3,true,
wirecodec_reject,wirecodec,reject,false,R6,qwen3.7-max,2,E3_validate_checksum,R5,rule,visible,E3,true,
wirecodec_reject,wirecodec,reject,false,R6,qwen3.7-max,2,E3_evolved_decode,V2,baseline_evolve,visible,E3,true,
wirecodec_reject,wirecodec,reject,false,R6,qwen3.7-max,2,E4_unknown_fields,R6,rule,visible,E4,true,
wirecodec_reject,wirecodec,reject,false,R6,qwen3.7-max,2,E5_checksum_mismatch,R5,rule,visible,E5,true,
wirecodec_reject,wirecodec,reject,false,R6,qwen3.7-max,2,E5_codec_error,X2,error,visible,E5,true,
wirecodec_reject,wirecodec,reject,false,R6,qwen3.7-max,2,E6_encode_repeatability,R2,rule,visible,E6,false,AssertionError: Unicode was escaped
wirecodec_reject,wirecodec,reject,false,R6,qwen3.7-max,2,E6_deterministic_bytes,R7,rule,visible,E6,false,AssertionError: Unicode was escaped
wirecodec_reject,wirecodec,reject,false,R6,qwen3.7-max,2,E7_invalid_encode,R2,rule,visible,E7,false,"AssertionError: expected ValueError, no exception raised"
wirecodec_reject,wirecodec,reject,false,R6,qwen3.7-max,2,E7_value_error,X1,error,visible,E7,false,"AssertionError: expected ValueError, no exception raised"
wirecodec_reject,wirecodec,reject,false,R6,qwen3.7-max,2,E8_stdlib_sha256,C1,constraint,visible,E8,true,
wirecodec_reject,wirecodec,reject,false,R6,qwen3.7-max,2,hidden_public_symbols,R1,rule,hidden,,false,AssertionError: check returned false
wirecodec_reject,wirecodec,reject,false,R6,qwen3.7-max,2,hidden_encode_input_contract,R2,rule,hidden,,false,"AssertionError: expected ValueError, no exception raised"
wirecodec_reject,wirecodec,reject,false,R6,qwen3.7-max,2,hidden_canonical_checksum,R3,rule,hidden,,true,
wirecodec_reject,wirecodec,reject,false,R6,qwen3.7-max,2,hidden_explicit_v1,R4,rule,hidden,,true,
wirecodec_reject,wirecodec,reject,false,R6,qwen3.7-max,2,hidden_v2_checksum_rejection,R5,rule,hidden,,true,
wirecodec_reject,wirecodec,reject,false,R6,qwen3.7-max,2,hidden_unknown_v1,R6,rule,hidden,,true,
wirecodec_reject,wirecodec,reject,false,R6,qwen3.7-max,2,hidden_unknown_v2,R6,rule,hidden,,true,
wirecodec_reject,wirecodec,reject,false,R6,qwen3.7-max,2,hidden_empty_extras_omitted,R6,rule,hidden,,true,
wirecodec_reject,wirecodec,reject,false,R6,qwen3.7-max,2,hidden_unicode_repeatability,R7,rule,hidden,,false,AssertionError: Unicode was escaped
wirecodec_reject,wirecodec,reject,false,R6,qwen3.7-max,2,hidden_full_smoke,D1,done_when,hidden,,true,
wirecodec_reject,wirecodec,reject,false,R6,qwen3.7-max,2,hidden_stdlib_and_sha256,C1,constraint,hidden,,true,
wirecodec_reject,wirecodec,reject,false,R6,qwen3.7-max,2,hidden_v1_compatibility,P1,baseline_preserve,hidden,,true,
wirecodec_reject,wirecodec,reject,false,R6,qwen3.7-max,2,hidden_import_stability,P2,baseline_preserve,hidden,,true,
wirecodec_reject,wirecodec,reject,false,R6,qwen3.7-max,2,hidden_v2_encode,V1,baseline_evolve,hidden,,true,
wirecodec_reject,wirecodec,reject,false,R6,qwen3.7-max,2,hidden_v2_decode,V2,baseline_evolve,hidden,,true,
wirecodec_reject,wirecodec,reject,false,R6,qwen3.7-max,2,hidden_value_error,X1,error,hidden,,false,"AssertionError: expected ValueError, no exception raised"
wirecodec_reject,wirecodec,reject,false,R6,qwen3.7-max,2,hidden_codec_errors,X2,error,hidden,,true,
wirecodec_reject,wirecodec,reject,false,R6,qwen3.7-max,3,E1_public_import,R1,rule,visible,E1,true,
wirecodec_reject,wirecodec,reject,false,R6,qwen3.7-max,3,E1_encode_validation,R2,rule,visible,E1,true,
wirecodec_reject,wirecodec,reject,false,R6,qwen3.7-max,3,E1_canonical_v2,R3,rule,visible,E1,true,
wirecodec_reject,wirecodec,reject,false,R6,qwen3.7-max,3,E1_evolved_encoding,V1,baseline_evolve,visible,E1,true,
wirecodec_reject,wirecodec,reject,false,R6,qwen3.7-max,3,E1_preserved_imports,P2,baseline_preserve,visible,E1,true,
wirecodec_reject,wirecodec,reject,false,R6,qwen3.7-max,3,E1_end_to_end,D1,done_when,visible,E1,true,
wirecodec_reject,wirecodec,reject,false,R6,qwen3.7-max,3,E2_decode_v1,R4,rule,visible,E2,true,
wirecodec_reject,wirecodec,reject,false,R6,qwen3.7-max,3,E2_preserve_v1,P1,baseline_preserve,visible,E2,true,
wirecodec_reject,wirecodec,reject,false,R6,qwen3.7-max,3,E3_v2_canonical,R3,rule,visible,E3,true,
wirecodec_reject,wirecodec,reject,false,R6,qwen3.7-max,3,E3_decode_v2,R4,rule,visible,E3,true,
wirecodec_reject,wirecodec,reject,false,R6,qwen3.7-max,3,E3_validate_checksum,R5,rule,visible,E3,true,
wirecodec_reject,wirecodec,reject,false,R6,qwen3.7-max,3,E3_evolved_decode,V2,baseline_evolve,visible,E3,true,
wirecodec_reject,wirecodec,reject,false,R6,qwen3.7-max,3,E4_unknown_fields,R6,rule,visible,E4,true,
wirecodec_reject,wirecodec,reject,false,R6,qwen3.7-max,3,E5_checksum_mismatch,R5,rule,visible,E5,true,
wirecodec_reject,wirecodec,reject,false,R6,qwen3.7-max,3,E5_codec_error,X2,error,visible,E5,true,
wirecodec_reject,wirecodec,reject,false,R6,qwen3.7-max,3,E6_encode_repeatability,R2,rule,visible,E6,false,AssertionError: Unicode was escaped
wirecodec_reject,wirecodec,reject,false,R6,qwen3.7-max,3,E6_deterministic_bytes,R7,rule,visible,E6,false,AssertionError: Unicode was escaped
wirecodec_reject,wirecodec,reject,false,R6,qwen3.7-max,3,E7_invalid_encode,R2,rule,visible,E7,false,"AssertionError: expected ValueError, no exception raised"
wirecodec_reject,wirecodec,reject,false,R6,qwen3.7-max,3,E7_value_error,X1,error,visible,E7,false,"AssertionError: expected ValueError, no exception raised"
wirecodec_reject,wirecodec,reject,false,R6,qwen3.7-max,3,E8_stdlib_sha256,C1,constraint,visible,E8,true,
wirecodec_reject,wirecodec,reject,false,R6,qwen3.7-max,3,hidden_public_symbols,R1,rule,hidden,,false,AssertionError: check returned false
wirecodec_reject,wirecodec,reject,false,R6,qwen3.7-max,3,hidden_encode_input_contract,R2,rule,hidden,,false,"AssertionError: expected ValueError, no exception raised"
wirecodec_reject,wirecodec,reject,false,R6,qwen3.7-max,3,hidden_canonical_checksum,R3,rule,hidden,,true,
wirecodec_reject,wirecodec,reject,false,R6,qwen3.7-max,3,hidden_explicit_v1,R4,rule,hidden,,true,
wirecodec_reject,wirecodec,reject,false,R6,qwen3.7-max,3,hidden_v2_checksum_rejection,R5,rule,hidden,,true,
wirecodec_reject,wirecodec,reject,false,R6,qwen3.7-max,3,hidden_unknown_v1,R6,rule,hidden,,true,
wirecodec_reject,wirecodec,reject,false,R6,qwen3.7-max,3,hidden_unknown_v2,R6,rule,hidden,,true,
wirecodec_reject,wirecodec,reject,false,R6,qwen3.7-max,3,hidden_empty_extras_omitted,R6,rule,hidden,,true,
wirecodec_reject,wirecodec,reject,false,R6,qwen3.7-max,3,hidden_unicode_repeatability,R7,rule,hidden,,false,AssertionError: Unicode was escaped
wirecodec_reject,wirecodec,reject,false,R6,qwen3.7-max,3,hidden_full_smoke,D1,done_when,hidden,,true,
wirecodec_reject,wirecodec,reject,false,R6,qwen3.7-max,3,hidden_stdlib_and_sha256,C1,constraint,hidden,,true,
wirecodec_reject,wirecodec,reject,false,R6,qwen3.7-max,3,hidden_v1_compatibility,P1,baseline_preserve,hidden,,true,
wirecodec_reject,wirecodec,reject,false,R6,qwen3.7-max,3,hidden_import_stability,P2,baseline_preserve,hidden,,true,
wirecodec_reject,wirecodec,reject,false,R6,qwen3.7-max,3,hidden_v2_encode,V1,baseline_evolve,hidden,,true,
wirecodec_reject,wirecodec,reject,false,R6,qwen3.7-max,3,hidden_v2_decode,V2,baseline_evolve,hidden,,true,
wirecodec_reject,wirecodec,reject,false,R6,qwen3.7-max,3,hidden_value_error,X1,error,hidden,,false,"AssertionError: expected ValueError, no exception raised"
wirecodec_reject,wirecodec,reject,false,R6,qwen3.7-max,3,hidden_codec_errors,X2,error,hidden,,true,
