task,family,variant,base,mutation_target,model,trial,requirement_id,requirement_role,requirement_type,is_mutation_target,passed,imputed
configweave_base,configweave,base,true,R4,glm-5.2,1,C1,CONSTRAINT,constraint,false,true,false
configweave_base,configweave,base,true,R4,glm-5.2,1,R1,RULES,rule,false,true,false
configweave_base,configweave,base,true,R4,glm-5.2,1,R2,RULES,rule,false,true,false
configweave_base,configweave,base,true,R4,glm-5.2,1,R3,RULES,rule,false,true,false
configweave_base,configweave,base,true,R4,glm-5.2,1,R4,RULES,rule,true,true,false
configweave_base,configweave,base,true,R4,glm-5.2,1,R5,RULES,rule,false,true,false
configweave_base,configweave,base,true,R4,glm-5.2,1,R6,RULES,rule,false,true,false
configweave_base,configweave,base,true,R4,glm-5.2,1,R7,RULES,rule,false,true,false
configweave_base,configweave,base,true,R4,glm-5.2,1,D1,DONE_WHEN,done_when,false,true,false
configweave_base,configweave,base,true,R4,glm-5.2,1,X1,ERRORS,error,false,true,false
configweave_base,configweave,base,true,R4,glm-5.2,2,C1,CONSTRAINT,constraint,false,true,false
configweave_base,configweave,base,true,R4,glm-5.2,2,R1,RULES,rule,false,true,false
configweave_base,configweave,base,true,R4,glm-5.2,2,R2,RULES,rule,false,true,false
configweave_base,configweave,base,true,R4,glm-5.2,2,R3,RULES,rule,false,true,false
configweave_base,configweave,base,true,R4,glm-5.2,2,R4,RULES,rule,true,true,false
configweave_base,configweave,base,true,R4,glm-5.2,2,R5,RULES,rule,false,true,false
configweave_base,configweave,base,true,R4,glm-5.2,2,R6,RULES,rule,false,true,false
configweave_base,configweave,base,true,R4,glm-5.2,2,R7,RULES,rule,false,true,false
configweave_base,configweave,base,true,R4,glm-5.2,2,D1,DONE_WHEN,done_when,false,true,false
configweave_base,configweave,base,true,R4,glm-5.2,2,X1,ERRORS,error,false,true,false
configweave_base,configweave,base,true,R4,glm-5.2,3,C1,CONSTRAINT,constraint,false,true,false
configweave_base,configweave,base,true,R4,glm-5.2,3,R1,RULES,rule,false,true,false
configweave_base,configweave,base,true,R4,glm-5.2,3,R2,RULES,rule,false,true,false
configweave_base,configweave,base,true,R4,glm-5.2,3,R3,RULES,rule,false,true,false
configweave_base,configweave,base,true,R4,glm-5.2,3,R4,RULES,rule,true,true,false
configweave_base,configweave,base,true,R4,glm-5.2,3,R5,RULES,rule,false,true,false
configweave_base,configweave,base,true,R4,glm-5.2,3,R6,RULES,rule,false,true,false
configweave_base,configweave,base,true,R4,glm-5.2,3,R7,RULES,rule,false,true,false
configweave_base,configweave,base,true,R4,glm-5.2,3,D1,DONE_WHEN,done_when,false,true,false
configweave_base,configweave,base,true,R4,glm-5.2,3,X1,ERRORS,error,false,true,false
configweave_base,configweave,base,true,R4,minimax-m3,1,C1,CONSTRAINT,constraint,false,true,false
configweave_base,configweave,base,true,R4,minimax-m3,1,R1,RULES,rule,false,true,false
configweave_base,configweave,base,true,R4,minimax-m3,1,R2,RULES,rule,false,true,false
configweave_base,configweave,base,true,R4,minimax-m3,1,R3,RULES,rule,false,true,false
configweave_base,configweave,base,true,R4,minimax-m3,1,R4,RULES,rule,true,true,false
configweave_base,configweave,base,true,R4,minimax-m3,1,R5,RULES,rule,false,true,false
configweave_base,configweave,base,true,R4,minimax-m3,1,R6,RULES,rule,false,true,false
configweave_base,configweave,base,true,R4,minimax-m3,1,R7,RULES,rule,false,true,false
configweave_base,configweave,base,true,R4,minimax-m3,1,D1,DONE_WHEN,done_when,false,true,false
configweave_base,configweave,base,true,R4,minimax-m3,1,X1,ERRORS,error,false,true,false
configweave_base,configweave,base,true,R4,minimax-m3,2,C1,CONSTRAINT,constraint,false,true,false
configweave_base,configweave,base,true,R4,minimax-m3,2,R1,RULES,rule,false,true,false
configweave_base,configweave,base,true,R4,minimax-m3,2,R2,RULES,rule,false,true,false
configweave_base,configweave,base,true,R4,minimax-m3,2,R3,RULES,rule,false,true,false
configweave_base,configweave,base,true,R4,minimax-m3,2,R4,RULES,rule,true,true,false
configweave_base,configweave,base,true,R4,minimax-m3,2,R5,RULES,rule,false,true,false
configweave_base,configweave,base,true,R4,minimax-m3,2,R6,RULES,rule,false,true,false
configweave_base,configweave,base,true,R4,minimax-m3,2,R7,RULES,rule,false,true,false
configweave_base,configweave,base,true,R4,minimax-m3,2,D1,DONE_WHEN,done_when,false,true,false
configweave_base,configweave,base,true,R4,minimax-m3,2,X1,ERRORS,error,false,true,false
configweave_base,configweave,base,true,R4,minimax-m3,3,C1,CONSTRAINT,constraint,false,true,false
configweave_base,configweave,base,true,R4,minimax-m3,3,R1,RULES,rule,false,true,false
configweave_base,configweave,base,true,R4,minimax-m3,3,R2,RULES,rule,false,true,false
configweave_base,configweave,base,true,R4,minimax-m3,3,R3,RULES,rule,false,true,false
configweave_base,configweave,base,true,R4,minimax-m3,3,R4,RULES,rule,true,true,false
configweave_base,configweave,base,true,R4,minimax-m3,3,R5,RULES,rule,false,true,false
configweave_base,configweave,base,true,R4,minimax-m3,3,R6,RULES,rule,false,true,false
configweave_base,configweave,base,true,R4,minimax-m3,3,R7,RULES,rule,false,true,false
configweave_base,configweave,base,true,R4,minimax-m3,3,D1,DONE_WHEN,done_when,false,true,false
configweave_base,configweave,base,true,R4,minimax-m3,3,X1,ERRORS,error,false,true,false
configweave_base,configweave,base,true,R4,qwen3.7-max,1,C1,CONSTRAINT,constraint,false,true,false
configweave_base,configweave,base,true,R4,qwen3.7-max,1,R1,RULES,rule,false,true,false
configweave_base,configweave,base,true,R4,qwen3.7-max,1,R2,RULES,rule,false,true,false
configweave_base,configweave,base,true,R4,qwen3.7-max,1,R3,RULES,rule,false,true,false
configweave_base,configweave,base,true,R4,qwen3.7-max,1,R4,RULES,rule,true,true,false
configweave_base,configweave,base,true,R4,qwen3.7-max,1,R5,RULES,rule,false,true,false
configweave_base,configweave,base,true,R4,qwen3.7-max,1,R6,RULES,rule,false,true,false
configweave_base,configweave,base,true,R4,qwen3.7-max,1,R7,RULES,rule,false,true,false
configweave_base,configweave,base,true,R4,qwen3.7-max,1,D1,DONE_WHEN,done_when,false,true,false
configweave_base,configweave,base,true,R4,qwen3.7-max,1,X1,ERRORS,error,false,true,false
configweave_base,configweave,base,true,R4,qwen3.7-max,2,C1,CONSTRAINT,constraint,false,true,false
configweave_base,configweave,base,true,R4,qwen3.7-max,2,R1,RULES,rule,false,true,false
configweave_base,configweave,base,true,R4,qwen3.7-max,2,R2,RULES,rule,false,true,false
configweave_base,configweave,base,true,R4,qwen3.7-max,2,R3,RULES,rule,false,true,false
configweave_base,configweave,base,true,R4,qwen3.7-max,2,R4,RULES,rule,true,true,false
configweave_base,configweave,base,true,R4,qwen3.7-max,2,R5,RULES,rule,false,true,false
configweave_base,configweave,base,true,R4,qwen3.7-max,2,R6,RULES,rule,false,true,false
configweave_base,configweave,base,true,R4,qwen3.7-max,2,R7,RULES,rule,false,true,false
configweave_base,configweave,base,true,R4,qwen3.7-max,2,D1,DONE_WHEN,done_when,false,true,false
configweave_base,configweave,base,true,R4,qwen3.7-max,2,X1,ERRORS,error,false,true,false
configweave_base,configweave,base,true,R4,qwen3.7-max,3,C1,CONSTRAINT,constraint,false,true,false
configweave_base,configweave,base,true,R4,qwen3.7-max,3,R1,RULES,rule,false,true,false
configweave_base,configweave,base,true,R4,qwen3.7-max,3,R2,RULES,rule,false,true,false
configweave_base,configweave,base,true,R4,qwen3.7-max,3,R3,RULES,rule,false,true,false
configweave_base,configweave,base,true,R4,qwen3.7-max,3,R4,RULES,rule,true,true,false
configweave_base,configweave,base,true,R4,qwen3.7-max,3,R5,RULES,rule,false,true,false
configweave_base,configweave,base,true,R4,qwen3.7-max,3,R6,RULES,rule,false,true,false
configweave_base,configweave,base,true,R4,qwen3.7-max,3,R7,RULES,rule,false,true,false
configweave_base,configweave,base,true,R4,qwen3.7-max,3,D1,DONE_WHEN,done_when,false,true,false
configweave_base,configweave,base,true,R4,qwen3.7-max,3,X1,ERRORS,error,false,true,false
configweave_concat,configweave,concat,false,R4,glm-5.2,1,C1,CONSTRAINT,constraint,false,true,false
configweave_concat,configweave,concat,false,R4,glm-5.2,1,R1,RULES,rule,false,true,false
configweave_concat,configweave,concat,false,R4,glm-5.2,1,R2,RULES,rule,false,true,false
configweave_concat,configweave,concat,false,R4,glm-5.2,1,R3,RULES,rule,false,true,false
configweave_concat,configweave,concat,false,R4,glm-5.2,1,R4,RULES,rule,true,true,false
configweave_concat,configweave,concat,false,R4,glm-5.2,1,R5,RULES,rule,false,true,false
configweave_concat,configweave,concat,false,R4,glm-5.2,1,R6,RULES,rule,false,true,false
configweave_concat,configweave,concat,false,R4,glm-5.2,1,R7,RULES,rule,false,true,false
configweave_concat,configweave,concat,false,R4,glm-5.2,1,D1,DONE_WHEN,done_when,false,true,false
configweave_concat,configweave,concat,false,R4,glm-5.2,1,X1,ERRORS,error,false,true,false
configweave_concat,configweave,concat,false,R4,glm-5.2,2,C1,CONSTRAINT,constraint,false,true,false
configweave_concat,configweave,concat,false,R4,glm-5.2,2,R1,RULES,rule,false,true,false
configweave_concat,configweave,concat,false,R4,glm-5.2,2,R2,RULES,rule,false,true,false
configweave_concat,configweave,concat,false,R4,glm-5.2,2,R3,RULES,rule,false,true,false
configweave_concat,configweave,concat,false,R4,glm-5.2,2,R4,RULES,rule,true,true,false
configweave_concat,configweave,concat,false,R4,glm-5.2,2,R5,RULES,rule,false,true,false
configweave_concat,configweave,concat,false,R4,glm-5.2,2,R6,RULES,rule,false,true,false
configweave_concat,configweave,concat,false,R4,glm-5.2,2,R7,RULES,rule,false,true,false
configweave_concat,configweave,concat,false,R4,glm-5.2,2,D1,DONE_WHEN,done_when,false,true,false
configweave_concat,configweave,concat,false,R4,glm-5.2,2,X1,ERRORS,error,false,true,false
configweave_concat,configweave,concat,false,R4,glm-5.2,3,C1,CONSTRAINT,constraint,false,true,false
configweave_concat,configweave,concat,false,R4,glm-5.2,3,R1,RULES,rule,false,true,false
configweave_concat,configweave,concat,false,R4,glm-5.2,3,R2,RULES,rule,false,true,false
configweave_concat,configweave,concat,false,R4,glm-5.2,3,R3,RULES,rule,false,true,false
configweave_concat,configweave,concat,false,R4,glm-5.2,3,R4,RULES,rule,true,true,false
configweave_concat,configweave,concat,false,R4,glm-5.2,3,R5,RULES,rule,false,true,false
configweave_concat,configweave,concat,false,R4,glm-5.2,3,R6,RULES,rule,false,true,false
configweave_concat,configweave,concat,false,R4,glm-5.2,3,R7,RULES,rule,false,true,false
configweave_concat,configweave,concat,false,R4,glm-5.2,3,D1,DONE_WHEN,done_when,false,true,false
configweave_concat,configweave,concat,false,R4,glm-5.2,3,X1,ERRORS,error,false,true,false
configweave_concat,configweave,concat,false,R4,minimax-m3,1,C1,CONSTRAINT,constraint,false,true,false
configweave_concat,configweave,concat,false,R4,minimax-m3,1,R1,RULES,rule,false,true,false
configweave_concat,configweave,concat,false,R4,minimax-m3,1,R2,RULES,rule,false,true,false
configweave_concat,configweave,concat,false,R4,minimax-m3,1,R3,RULES,rule,false,true,false
configweave_concat,configweave,concat,false,R4,minimax-m3,1,R4,RULES,rule,true,true,false
configweave_concat,configweave,concat,false,R4,minimax-m3,1,R5,RULES,rule,false,true,false
configweave_concat,configweave,concat,false,R4,minimax-m3,1,R6,RULES,rule,false,true,false
configweave_concat,configweave,concat,false,R4,minimax-m3,1,R7,RULES,rule,false,true,false
configweave_concat,configweave,concat,false,R4,minimax-m3,1,D1,DONE_WHEN,done_when,false,true,false
configweave_concat,configweave,concat,false,R4,minimax-m3,1,X1,ERRORS,error,false,true,false
configweave_concat,configweave,concat,false,R4,minimax-m3,2,C1,CONSTRAINT,constraint,false,true,false
configweave_concat,configweave,concat,false,R4,minimax-m3,2,R1,RULES,rule,false,true,false
configweave_concat,configweave,concat,false,R4,minimax-m3,2,R2,RULES,rule,false,true,false
configweave_concat,configweave,concat,false,R4,minimax-m3,2,R3,RULES,rule,false,true,false
configweave_concat,configweave,concat,false,R4,minimax-m3,2,R4,RULES,rule,true,true,false
configweave_concat,configweave,concat,false,R4,minimax-m3,2,R5,RULES,rule,false,true,false
configweave_concat,configweave,concat,false,R4,minimax-m3,2,R6,RULES,rule,false,true,false
configweave_concat,configweave,concat,false,R4,minimax-m3,2,R7,RULES,rule,false,true,false
configweave_concat,configweave,concat,false,R4,minimax-m3,2,D1,DONE_WHEN,done_when,false,true,false
configweave_concat,configweave,concat,false,R4,minimax-m3,2,X1,ERRORS,error,false,true,false
configweave_concat,configweave,concat,false,R4,minimax-m3,3,C1,CONSTRAINT,constraint,false,true,false
configweave_concat,configweave,concat,false,R4,minimax-m3,3,R1,RULES,rule,false,true,false
configweave_concat,configweave,concat,false,R4,minimax-m3,3,R2,RULES,rule,false,true,false
configweave_concat,configweave,concat,false,R4,minimax-m3,3,R3,RULES,rule,false,true,false
configweave_concat,configweave,concat,false,R4,minimax-m3,3,R4,RULES,rule,true,true,false
configweave_concat,configweave,concat,false,R4,minimax-m3,3,R5,RULES,rule,false,true,false
configweave_concat,configweave,concat,false,R4,minimax-m3,3,R6,RULES,rule,false,true,false
configweave_concat,configweave,concat,false,R4,minimax-m3,3,R7,RULES,rule,false,true,false
configweave_concat,configweave,concat,false,R4,minimax-m3,3,D1,DONE_WHEN,done_when,false,true,false
configweave_concat,configweave,concat,false,R4,minimax-m3,3,X1,ERRORS,error,false,true,false
configweave_concat,configweave,concat,false,R4,qwen3.7-max,1,C1,CONSTRAINT,constraint,false,true,false
configweave_concat,configweave,concat,false,R4,qwen3.7-max,1,R1,RULES,rule,false,true,false
configweave_concat,configweave,concat,false,R4,qwen3.7-max,1,R2,RULES,rule,false,true,false
configweave_concat,configweave,concat,false,R4,qwen3.7-max,1,R3,RULES,rule,false,true,false
configweave_concat,configweave,concat,false,R4,qwen3.7-max,1,R4,RULES,rule,true,true,false
configweave_concat,configweave,concat,false,R4,qwen3.7-max,1,R5,RULES,rule,false,true,false
configweave_concat,configweave,concat,false,R4,qwen3.7-max,1,R6,RULES,rule,false,true,false
configweave_concat,configweave,concat,false,R4,qwen3.7-max,1,R7,RULES,rule,false,true,false
configweave_concat,configweave,concat,false,R4,qwen3.7-max,1,D1,DONE_WHEN,done_when,false,true,false
configweave_concat,configweave,concat,false,R4,qwen3.7-max,1,X1,ERRORS,error,false,true,false
configweave_concat,configweave,concat,false,R4,qwen3.7-max,2,C1,CONSTRAINT,constraint,false,true,false
configweave_concat,configweave,concat,false,R4,qwen3.7-max,2,R1,RULES,rule,false,true,false
configweave_concat,configweave,concat,false,R4,qwen3.7-max,2,R2,RULES,rule,false,true,false
configweave_concat,configweave,concat,false,R4,qwen3.7-max,2,R3,RULES,rule,false,true,false
configweave_concat,configweave,concat,false,R4,qwen3.7-max,2,R4,RULES,rule,true,true,false
configweave_concat,configweave,concat,false,R4,qwen3.7-max,2,R5,RULES,rule,false,true,false
configweave_concat,configweave,concat,false,R4,qwen3.7-max,2,R6,RULES,rule,false,true,false
configweave_concat,configweave,concat,false,R4,qwen3.7-max,2,R7,RULES,rule,false,true,false
configweave_concat,configweave,concat,false,R4,qwen3.7-max,2,D1,DONE_WHEN,done_when,false,true,false
configweave_concat,configweave,concat,false,R4,qwen3.7-max,2,X1,ERRORS,error,false,true,false
configweave_concat,configweave,concat,false,R4,qwen3.7-max,3,C1,CONSTRAINT,constraint,false,true,false
configweave_concat,configweave,concat,false,R4,qwen3.7-max,3,R1,RULES,rule,false,true,false
configweave_concat,configweave,concat,false,R4,qwen3.7-max,3,R2,RULES,rule,false,true,false
configweave_concat,configweave,concat,false,R4,qwen3.7-max,3,R3,RULES,rule,false,true,false
configweave_concat,configweave,concat,false,R4,qwen3.7-max,3,R4,RULES,rule,true,true,false
configweave_concat,configweave,concat,false,R4,qwen3.7-max,3,R5,RULES,rule,false,true,false
configweave_concat,configweave,concat,false,R4,qwen3.7-max,3,R6,RULES,rule,false,true,false
configweave_concat,configweave,concat,false,R4,qwen3.7-max,3,R7,RULES,rule,false,true,false
configweave_concat,configweave,concat,false,R4,qwen3.7-max,3,D1,DONE_WHEN,done_when,false,true,false
configweave_concat,configweave,concat,false,R4,qwen3.7-max,3,X1,ERRORS,error,false,true,false
configweave_union,configweave,union,false,R4,glm-5.2,1,C1,CONSTRAINT,constraint,false,true,false
configweave_union,configweave,union,false,R4,glm-5.2,1,R1,RULES,rule,false,true,false
configweave_union,configweave,union,false,R4,glm-5.2,1,R2,RULES,rule,false,true,false
configweave_union,configweave,union,false,R4,glm-5.2,1,R3,RULES,rule,false,true,false
configweave_union,configweave,union,false,R4,glm-5.2,1,R4,RULES,rule,true,true,false
configweave_union,configweave,union,false,R4,glm-5.2,1,R5,RULES,rule,false,true,false
configweave_union,configweave,union,false,R4,glm-5.2,1,R6,RULES,rule,false,true,false
configweave_union,configweave,union,false,R4,glm-5.2,1,R7,RULES,rule,false,true,false
configweave_union,configweave,union,false,R4,glm-5.2,1,D1,DONE_WHEN,done_when,false,true,false
configweave_union,configweave,union,false,R4,glm-5.2,1,X1,ERRORS,error,false,true,false
configweave_union,configweave,union,false,R4,glm-5.2,2,C1,CONSTRAINT,constraint,false,true,false
configweave_union,configweave,union,false,R4,glm-5.2,2,R1,RULES,rule,false,true,false
configweave_union,configweave,union,false,R4,glm-5.2,2,R2,RULES,rule,false,true,false
configweave_union,configweave,union,false,R4,glm-5.2,2,R3,RULES,rule,false,true,false
configweave_union,configweave,union,false,R4,glm-5.2,2,R4,RULES,rule,true,true,false
configweave_union,configweave,union,false,R4,glm-5.2,2,R5,RULES,rule,false,true,false
configweave_union,configweave,union,false,R4,glm-5.2,2,R6,RULES,rule,false,true,false
configweave_union,configweave,union,false,R4,glm-5.2,2,R7,RULES,rule,false,true,false
configweave_union,configweave,union,false,R4,glm-5.2,2,D1,DONE_WHEN,done_when,false,true,false
configweave_union,configweave,union,false,R4,glm-5.2,2,X1,ERRORS,error,false,true,false
configweave_union,configweave,union,false,R4,glm-5.2,3,C1,CONSTRAINT,constraint,false,true,false
configweave_union,configweave,union,false,R4,glm-5.2,3,R1,RULES,rule,false,true,false
configweave_union,configweave,union,false,R4,glm-5.2,3,R2,RULES,rule,false,true,false
configweave_union,configweave,union,false,R4,glm-5.2,3,R3,RULES,rule,false,true,false
configweave_union,configweave,union,false,R4,glm-5.2,3,R4,RULES,rule,true,true,false
configweave_union,configweave,union,false,R4,glm-5.2,3,R5,RULES,rule,false,true,false
configweave_union,configweave,union,false,R4,glm-5.2,3,R6,RULES,rule,false,true,false
configweave_union,configweave,union,false,R4,glm-5.2,3,R7,RULES,rule,false,true,false
configweave_union,configweave,union,false,R4,glm-5.2,3,D1,DONE_WHEN,done_when,false,true,false
configweave_union,configweave,union,false,R4,glm-5.2,3,X1,ERRORS,error,false,true,false
configweave_union,configweave,union,false,R4,minimax-m3,1,C1,CONSTRAINT,constraint,false,true,false
configweave_union,configweave,union,false,R4,minimax-m3,1,R1,RULES,rule,false,true,false
configweave_union,configweave,union,false,R4,minimax-m3,1,R2,RULES,rule,false,true,false
configweave_union,configweave,union,false,R4,minimax-m3,1,R3,RULES,rule,false,true,false
configweave_union,configweave,union,false,R4,minimax-m3,1,R4,RULES,rule,true,true,false
configweave_union,configweave,union,false,R4,minimax-m3,1,R5,RULES,rule,false,true,false
configweave_union,configweave,union,false,R4,minimax-m3,1,R6,RULES,rule,false,true,false
configweave_union,configweave,union,false,R4,minimax-m3,1,R7,RULES,rule,false,true,false
configweave_union,configweave,union,false,R4,minimax-m3,1,D1,DONE_WHEN,done_when,false,true,false
configweave_union,configweave,union,false,R4,minimax-m3,1,X1,ERRORS,error,false,true,false
configweave_union,configweave,union,false,R4,minimax-m3,2,C1,CONSTRAINT,constraint,false,true,false
configweave_union,configweave,union,false,R4,minimax-m3,2,R1,RULES,rule,false,true,false
configweave_union,configweave,union,false,R4,minimax-m3,2,R2,RULES,rule,false,true,false
configweave_union,configweave,union,false,R4,minimax-m3,2,R3,RULES,rule,false,true,false
configweave_union,configweave,union,false,R4,minimax-m3,2,R4,RULES,rule,true,true,false
configweave_union,configweave,union,false,R4,minimax-m3,2,R5,RULES,rule,false,true,false
configweave_union,configweave,union,false,R4,minimax-m3,2,R6,RULES,rule,false,true,false
configweave_union,configweave,union,false,R4,minimax-m3,2,R7,RULES,rule,false,true,false
configweave_union,configweave,union,false,R4,minimax-m3,2,D1,DONE_WHEN,done_when,false,true,false
configweave_union,configweave,union,false,R4,minimax-m3,2,X1,ERRORS,error,false,true,false
configweave_union,configweave,union,false,R4,minimax-m3,3,C1,CONSTRAINT,constraint,false,true,false
configweave_union,configweave,union,false,R4,minimax-m3,3,R1,RULES,rule,false,true,false
configweave_union,configweave,union,false,R4,minimax-m3,3,R2,RULES,rule,false,true,false
configweave_union,configweave,union,false,R4,minimax-m3,3,R3,RULES,rule,false,true,false
configweave_union,configweave,union,false,R4,minimax-m3,3,R4,RULES,rule,true,true,false
configweave_union,configweave,union,false,R4,minimax-m3,3,R5,RULES,rule,false,true,false
configweave_union,configweave,union,false,R4,minimax-m3,3,R6,RULES,rule,false,true,false
configweave_union,configweave,union,false,R4,minimax-m3,3,R7,RULES,rule,false,true,false
configweave_union,configweave,union,false,R4,minimax-m3,3,D1,DONE_WHEN,done_when,false,true,false
configweave_union,configweave,union,false,R4,minimax-m3,3,X1,ERRORS,error,false,true,false
configweave_union,configweave,union,false,R4,qwen3.7-max,1,C1,CONSTRAINT,constraint,false,true,false
configweave_union,configweave,union,false,R4,qwen3.7-max,1,R1,RULES,rule,false,true,false
configweave_union,configweave,union,false,R4,qwen3.7-max,1,R2,RULES,rule,false,true,false
configweave_union,configweave,union,false,R4,qwen3.7-max,1,R3,RULES,rule,false,true,false
configweave_union,configweave,union,false,R4,qwen3.7-max,1,R4,RULES,rule,true,true,false
configweave_union,configweave,union,false,R4,qwen3.7-max,1,R5,RULES,rule,false,true,false
configweave_union,configweave,union,false,R4,qwen3.7-max,1,R6,RULES,rule,false,true,false
configweave_union,configweave,union,false,R4,qwen3.7-max,1,R7,RULES,rule,false,true,false
configweave_union,configweave,union,false,R4,qwen3.7-max,1,D1,DONE_WHEN,done_when,false,true,false
configweave_union,configweave,union,false,R4,qwen3.7-max,1,X1,ERRORS,error,false,true,false
configweave_union,configweave,union,false,R4,qwen3.7-max,2,C1,CONSTRAINT,constraint,false,true,false
configweave_union,configweave,union,false,R4,qwen3.7-max,2,R1,RULES,rule,false,true,false
configweave_union,configweave,union,false,R4,qwen3.7-max,2,R2,RULES,rule,false,true,false
configweave_union,configweave,union,false,R4,qwen3.7-max,2,R3,RULES,rule,false,true,false
configweave_union,configweave,union,false,R4,qwen3.7-max,2,R4,RULES,rule,true,true,false
configweave_union,configweave,union,false,R4,qwen3.7-max,2,R5,RULES,rule,false,true,false
configweave_union,configweave,union,false,R4,qwen3.7-max,2,R6,RULES,rule,false,true,false
configweave_union,configweave,union,false,R4,qwen3.7-max,2,R7,RULES,rule,false,true,false
configweave_union,configweave,union,false,R4,qwen3.7-max,2,D1,DONE_WHEN,done_when,false,true,false
configweave_union,configweave,union,false,R4,qwen3.7-max,2,X1,ERRORS,error,false,true,false
configweave_union,configweave,union,false,R4,qwen3.7-max,3,C1,CONSTRAINT,constraint,false,true,false
configweave_union,configweave,union,false,R4,qwen3.7-max,3,R1,RULES,rule,false,true,false
configweave_union,configweave,union,false,R4,qwen3.7-max,3,R2,RULES,rule,false,true,false
configweave_union,configweave,union,false,R4,qwen3.7-max,3,R3,RULES,rule,false,true,false
configweave_union,configweave,union,false,R4,qwen3.7-max,3,R4,RULES,rule,true,true,false
configweave_union,configweave,union,false,R4,qwen3.7-max,3,R5,RULES,rule,false,true,false
configweave_union,configweave,union,false,R4,qwen3.7-max,3,R6,RULES,rule,false,true,false
configweave_union,configweave,union,false,R4,qwen3.7-max,3,R7,RULES,rule,false,true,false
configweave_union,configweave,union,false,R4,qwen3.7-max,3,D1,DONE_WHEN,done_when,false,true,false
configweave_union,configweave,union,false,R4,qwen3.7-max,3,X1,ERRORS,error,false,true,false
cursorvault_base,cursorvault,base,true,R4,glm-5.2,1,C1,CONSTRAINT,constraint,false,true,false
cursorvault_base,cursorvault,base,true,R4,glm-5.2,1,R1,RULES,rule,false,false,false
cursorvault_base,cursorvault,base,true,R4,glm-5.2,1,R2,RULES,rule,false,true,false
cursorvault_base,cursorvault,base,true,R4,glm-5.2,1,R3,RULES,rule,false,true,false
cursorvault_base,cursorvault,base,true,R4,glm-5.2,1,R4,RULES,rule,true,true,false
cursorvault_base,cursorvault,base,true,R4,glm-5.2,1,R5,RULES,rule,false,true,false
cursorvault_base,cursorvault,base,true,R4,glm-5.2,1,R6,RULES,rule,false,true,false
cursorvault_base,cursorvault,base,true,R4,glm-5.2,1,D1,DONE_WHEN,done_when,false,true,false
cursorvault_base,cursorvault,base,true,R4,glm-5.2,1,X1,ERRORS,error,false,true,false
cursorvault_base,cursorvault,base,true,R4,glm-5.2,1,X2,ERRORS,error,false,true,false
cursorvault_base,cursorvault,base,true,R4,glm-5.2,2,C1,CONSTRAINT,constraint,false,true,false
cursorvault_base,cursorvault,base,true,R4,glm-5.2,2,R1,RULES,rule,false,false,false
cursorvault_base,cursorvault,base,true,R4,glm-5.2,2,R2,RULES,rule,false,true,false
cursorvault_base,cursorvault,base,true,R4,glm-5.2,2,R3,RULES,rule,false,true,false
cursorvault_base,cursorvault,base,true,R4,glm-5.2,2,R4,RULES,rule,true,true,false
cursorvault_base,cursorvault,base,true,R4,glm-5.2,2,R5,RULES,rule,false,true,false
cursorvault_base,cursorvault,base,true,R4,glm-5.2,2,R6,RULES,rule,false,true,false
cursorvault_base,cursorvault,base,true,R4,glm-5.2,2,D1,DONE_WHEN,done_when,false,true,false
cursorvault_base,cursorvault,base,true,R4,glm-5.2,2,X1,ERRORS,error,false,true,false
cursorvault_base,cursorvault,base,true,R4,glm-5.2,2,X2,ERRORS,error,false,true,false
cursorvault_base,cursorvault,base,true,R4,glm-5.2,3,C1,CONSTRAINT,constraint,false,true,false
cursorvault_base,cursorvault,base,true,R4,glm-5.2,3,R1,RULES,rule,false,false,false
cursorvault_base,cursorvault,base,true,R4,glm-5.2,3,R2,RULES,rule,false,true,false
cursorvault_base,cursorvault,base,true,R4,glm-5.2,3,R3,RULES,rule,false,true,false
cursorvault_base,cursorvault,base,true,R4,glm-5.2,3,R4,RULES,rule,true,true,false
cursorvault_base,cursorvault,base,true,R4,glm-5.2,3,R5,RULES,rule,false,true,false
cursorvault_base,cursorvault,base,true,R4,glm-5.2,3,R6,RULES,rule,false,true,false
cursorvault_base,cursorvault,base,true,R4,glm-5.2,3,D1,DONE_WHEN,done_when,false,true,false
cursorvault_base,cursorvault,base,true,R4,glm-5.2,3,X1,ERRORS,error,false,true,false
cursorvault_base,cursorvault,base,true,R4,glm-5.2,3,X2,ERRORS,error,false,true,false
cursorvault_base,cursorvault,base,true,R4,minimax-m3,1,C1,CONSTRAINT,constraint,false,true,false
cursorvault_base,cursorvault,base,true,R4,minimax-m3,1,R1,RULES,rule,false,false,false
cursorvault_base,cursorvault,base,true,R4,minimax-m3,1,R2,RULES,rule,false,true,false
cursorvault_base,cursorvault,base,true,R4,minimax-m3,1,R3,RULES,rule,false,true,false
cursorvault_base,cursorvault,base,true,R4,minimax-m3,1,R4,RULES,rule,true,true,false
cursorvault_base,cursorvault,base,true,R4,minimax-m3,1,R5,RULES,rule,false,true,false
cursorvault_base,cursorvault,base,true,R4,minimax-m3,1,R6,RULES,rule,false,true,false
cursorvault_base,cursorvault,base,true,R4,minimax-m3,1,D1,DONE_WHEN,done_when,false,true,false
cursorvault_base,cursorvault,base,true,R4,minimax-m3,1,X1,ERRORS,error,false,true,false
cursorvault_base,cursorvault,base,true,R4,minimax-m3,1,X2,ERRORS,error,false,true,false
cursorvault_base,cursorvault,base,true,R4,minimax-m3,2,C1,CONSTRAINT,constraint,false,true,false
cursorvault_base,cursorvault,base,true,R4,minimax-m3,2,R1,RULES,rule,false,false,false
cursorvault_base,cursorvault,base,true,R4,minimax-m3,2,R2,RULES,rule,false,true,false
cursorvault_base,cursorvault,base,true,R4,minimax-m3,2,R3,RULES,rule,false,true,false
cursorvault_base,cursorvault,base,true,R4,minimax-m3,2,R4,RULES,rule,true,true,false
cursorvault_base,cursorvault,base,true,R4,minimax-m3,2,R5,RULES,rule,false,true,false
cursorvault_base,cursorvault,base,true,R4,minimax-m3,2,R6,RULES,rule,false,true,false
cursorvault_base,cursorvault,base,true,R4,minimax-m3,2,D1,DONE_WHEN,done_when,false,true,false
cursorvault_base,cursorvault,base,true,R4,minimax-m3,2,X1,ERRORS,error,false,true,false
cursorvault_base,cursorvault,base,true,R4,minimax-m3,2,X2,ERRORS,error,false,true,false
cursorvault_base,cursorvault,base,true,R4,minimax-m3,3,C1,CONSTRAINT,constraint,false,true,false
cursorvault_base,cursorvault,base,true,R4,minimax-m3,3,R1,RULES,rule,false,false,false
cursorvault_base,cursorvault,base,true,R4,minimax-m3,3,R2,RULES,rule,false,true,false
cursorvault_base,cursorvault,base,true,R4,minimax-m3,3,R3,RULES,rule,false,true,false
cursorvault_base,cursorvault,base,true,R4,minimax-m3,3,R4,RULES,rule,true,true,false
cursorvault_base,cursorvault,base,true,R4,minimax-m3,3,R5,RULES,rule,false,true,false
cursorvault_base,cursorvault,base,true,R4,minimax-m3,3,R6,RULES,rule,false,true,false
cursorvault_base,cursorvault,base,true,R4,minimax-m3,3,D1,DONE_WHEN,done_when,false,true,false
cursorvault_base,cursorvault,base,true,R4,minimax-m3,3,X1,ERRORS,error,false,true,false
cursorvault_base,cursorvault,base,true,R4,minimax-m3,3,X2,ERRORS,error,false,true,false
cursorvault_base,cursorvault,base,true,R4,qwen3.7-max,1,C1,CONSTRAINT,constraint,false,true,false
cursorvault_base,cursorvault,base,true,R4,qwen3.7-max,1,R1,RULES,rule,false,false,false
cursorvault_base,cursorvault,base,true,R4,qwen3.7-max,1,R2,RULES,rule,false,true,false
cursorvault_base,cursorvault,base,true,R4,qwen3.7-max,1,R3,RULES,rule,false,true,false
cursorvault_base,cursorvault,base,true,R4,qwen3.7-max,1,R4,RULES,rule,true,true,false
cursorvault_base,cursorvault,base,true,R4,qwen3.7-max,1,R5,RULES,rule,false,true,false
cursorvault_base,cursorvault,base,true,R4,qwen3.7-max,1,R6,RULES,rule,false,true,false
cursorvault_base,cursorvault,base,true,R4,qwen3.7-max,1,D1,DONE_WHEN,done_when,false,true,false
cursorvault_base,cursorvault,base,true,R4,qwen3.7-max,1,X1,ERRORS,error,false,true,false
cursorvault_base,cursorvault,base,true,R4,qwen3.7-max,1,X2,ERRORS,error,false,true,false
cursorvault_base,cursorvault,base,true,R4,qwen3.7-max,2,C1,CONSTRAINT,constraint,false,true,false
cursorvault_base,cursorvault,base,true,R4,qwen3.7-max,2,R1,RULES,rule,false,false,false
cursorvault_base,cursorvault,base,true,R4,qwen3.7-max,2,R2,RULES,rule,false,true,false
cursorvault_base,cursorvault,base,true,R4,qwen3.7-max,2,R3,RULES,rule,false,true,false
cursorvault_base,cursorvault,base,true,R4,qwen3.7-max,2,R4,RULES,rule,true,true,false
cursorvault_base,cursorvault,base,true,R4,qwen3.7-max,2,R5,RULES,rule,false,true,false
cursorvault_base,cursorvault,base,true,R4,qwen3.7-max,2,R6,RULES,rule,false,true,false
cursorvault_base,cursorvault,base,true,R4,qwen3.7-max,2,D1,DONE_WHEN,done_when,false,true,false
cursorvault_base,cursorvault,base,true,R4,qwen3.7-max,2,X1,ERRORS,error,false,true,false
cursorvault_base,cursorvault,base,true,R4,qwen3.7-max,2,X2,ERRORS,error,false,true,false
cursorvault_base,cursorvault,base,true,R4,qwen3.7-max,3,C1,CONSTRAINT,constraint,false,true,false
cursorvault_base,cursorvault,base,true,R4,qwen3.7-max,3,R1,RULES,rule,false,false,false
cursorvault_base,cursorvault,base,true,R4,qwen3.7-max,3,R2,RULES,rule,false,true,false
cursorvault_base,cursorvault,base,true,R4,qwen3.7-max,3,R3,RULES,rule,false,true,false
cursorvault_base,cursorvault,base,true,R4,qwen3.7-max,3,R4,RULES,rule,true,true,false
cursorvault_base,cursorvault,base,true,R4,qwen3.7-max,3,R5,RULES,rule,false,true,false
cursorvault_base,cursorvault,base,true,R4,qwen3.7-max,3,R6,RULES,rule,false,true,false
cursorvault_base,cursorvault,base,true,R4,qwen3.7-max,3,D1,DONE_WHEN,done_when,false,true,false
cursorvault_base,cursorvault,base,true,R4,qwen3.7-max,3,X1,ERRORS,error,false,true,false
cursorvault_base,cursorvault,base,true,R4,qwen3.7-max,3,X2,ERRORS,error,false,true,false
cursorvault_inclusive,cursorvault,inclusive,false,R4,glm-5.2,1,C1,CONSTRAINT,constraint,false,true,false
cursorvault_inclusive,cursorvault,inclusive,false,R4,glm-5.2,1,R1,RULES,rule,false,false,false
cursorvault_inclusive,cursorvault,inclusive,false,R4,glm-5.2,1,R2,RULES,rule,false,true,false
cursorvault_inclusive,cursorvault,inclusive,false,R4,glm-5.2,1,R3,RULES,rule,false,true,false
cursorvault_inclusive,cursorvault,inclusive,false,R4,glm-5.2,1,R4,RULES,rule,true,true,false
cursorvault_inclusive,cursorvault,inclusive,false,R4,glm-5.2,1,R5,RULES,rule,false,true,false
cursorvault_inclusive,cursorvault,inclusive,false,R4,glm-5.2,1,R6,RULES,rule,false,true,false
cursorvault_inclusive,cursorvault,inclusive,false,R4,glm-5.2,1,D1,DONE_WHEN,done_when,false,true,false
cursorvault_inclusive,cursorvault,inclusive,false,R4,glm-5.2,1,X1,ERRORS,error,false,true,false
cursorvault_inclusive,cursorvault,inclusive,false,R4,glm-5.2,1,X2,ERRORS,error,false,true,false
cursorvault_inclusive,cursorvault,inclusive,false,R4,glm-5.2,2,C1,CONSTRAINT,constraint,false,true,false
cursorvault_inclusive,cursorvault,inclusive,false,R4,glm-5.2,2,R1,RULES,rule,false,false,false
cursorvault_inclusive,cursorvault,inclusive,false,R4,glm-5.2,2,R2,RULES,rule,false,true,false
cursorvault_inclusive,cursorvault,inclusive,false,R4,glm-5.2,2,R3,RULES,rule,false,true,false
cursorvault_inclusive,cursorvault,inclusive,false,R4,glm-5.2,2,R4,RULES,rule,true,true,false
cursorvault_inclusive,cursorvault,inclusive,false,R4,glm-5.2,2,R5,RULES,rule,false,true,false
cursorvault_inclusive,cursorvault,inclusive,false,R4,glm-5.2,2,R6,RULES,rule,false,true,false
cursorvault_inclusive,cursorvault,inclusive,false,R4,glm-5.2,2,D1,DONE_WHEN,done_when,false,true,false
cursorvault_inclusive,cursorvault,inclusive,false,R4,glm-5.2,2,X1,ERRORS,error,false,true,false
cursorvault_inclusive,cursorvault,inclusive,false,R4,glm-5.2,2,X2,ERRORS,error,false,true,false
cursorvault_inclusive,cursorvault,inclusive,false,R4,glm-5.2,3,C1,CONSTRAINT,constraint,false,true,false
cursorvault_inclusive,cursorvault,inclusive,false,R4,glm-5.2,3,R1,RULES,rule,false,false,false
cursorvault_inclusive,cursorvault,inclusive,false,R4,glm-5.2,3,R2,RULES,rule,false,true,false
cursorvault_inclusive,cursorvault,inclusive,false,R4,glm-5.2,3,R3,RULES,rule,false,true,false
cursorvault_inclusive,cursorvault,inclusive,false,R4,glm-5.2,3,R4,RULES,rule,true,true,false
cursorvault_inclusive,cursorvault,inclusive,false,R4,glm-5.2,3,R5,RULES,rule,false,true,false
cursorvault_inclusive,cursorvault,inclusive,false,R4,glm-5.2,3,R6,RULES,rule,false,true,false
cursorvault_inclusive,cursorvault,inclusive,false,R4,glm-5.2,3,D1,DONE_WHEN,done_when,false,true,false
cursorvault_inclusive,cursorvault,inclusive,false,R4,glm-5.2,3,X1,ERRORS,error,false,true,false
cursorvault_inclusive,cursorvault,inclusive,false,R4,glm-5.2,3,X2,ERRORS,error,false,true,false
cursorvault_inclusive,cursorvault,inclusive,false,R4,minimax-m3,1,C1,CONSTRAINT,constraint,false,true,false
cursorvault_inclusive,cursorvault,inclusive,false,R4,minimax-m3,1,R1,RULES,rule,false,false,false
cursorvault_inclusive,cursorvault,inclusive,false,R4,minimax-m3,1,R2,RULES,rule,false,true,false
cursorvault_inclusive,cursorvault,inclusive,false,R4,minimax-m3,1,R3,RULES,rule,false,true,false
cursorvault_inclusive,cursorvault,inclusive,false,R4,minimax-m3,1,R4,RULES,rule,true,true,false
cursorvault_inclusive,cursorvault,inclusive,false,R4,minimax-m3,1,R5,RULES,rule,false,true,false
cursorvault_inclusive,cursorvault,inclusive,false,R4,minimax-m3,1,R6,RULES,rule,false,true,false
cursorvault_inclusive,cursorvault,inclusive,false,R4,minimax-m3,1,D1,DONE_WHEN,done_when,false,true,false
cursorvault_inclusive,cursorvault,inclusive,false,R4,minimax-m3,1,X1,ERRORS,error,false,true,false
cursorvault_inclusive,cursorvault,inclusive,false,R4,minimax-m3,1,X2,ERRORS,error,false,true,false
cursorvault_inclusive,cursorvault,inclusive,false,R4,minimax-m3,2,C1,CONSTRAINT,constraint,false,true,false
cursorvault_inclusive,cursorvault,inclusive,false,R4,minimax-m3,2,R1,RULES,rule,false,false,false
cursorvault_inclusive,cursorvault,inclusive,false,R4,minimax-m3,2,R2,RULES,rule,false,true,false
cursorvault_inclusive,cursorvault,inclusive,false,R4,minimax-m3,2,R3,RULES,rule,false,true,false
cursorvault_inclusive,cursorvault,inclusive,false,R4,minimax-m3,2,R4,RULES,rule,true,true,false
cursorvault_inclusive,cursorvault,inclusive,false,R4,minimax-m3,2,R5,RULES,rule,false,true,false
cursorvault_inclusive,cursorvault,inclusive,false,R4,minimax-m3,2,R6,RULES,rule,false,true,false
cursorvault_inclusive,cursorvault,inclusive,false,R4,minimax-m3,2,D1,DONE_WHEN,done_when,false,true,false
cursorvault_inclusive,cursorvault,inclusive,false,R4,minimax-m3,2,X1,ERRORS,error,false,true,false
cursorvault_inclusive,cursorvault,inclusive,false,R4,minimax-m3,2,X2,ERRORS,error,false,true,false
cursorvault_inclusive,cursorvault,inclusive,false,R4,minimax-m3,3,C1,CONSTRAINT,constraint,false,true,false
cursorvault_inclusive,cursorvault,inclusive,false,R4,minimax-m3,3,R1,RULES,rule,false,false,false
cursorvault_inclusive,cursorvault,inclusive,false,R4,minimax-m3,3,R2,RULES,rule,false,true,false
cursorvault_inclusive,cursorvault,inclusive,false,R4,minimax-m3,3,R3,RULES,rule,false,true,false
cursorvault_inclusive,cursorvault,inclusive,false,R4,minimax-m3,3,R4,RULES,rule,true,true,false
cursorvault_inclusive,cursorvault,inclusive,false,R4,minimax-m3,3,R5,RULES,rule,false,true,false
cursorvault_inclusive,cursorvault,inclusive,false,R4,minimax-m3,3,R6,RULES,rule,false,true,false
cursorvault_inclusive,cursorvault,inclusive,false,R4,minimax-m3,3,D1,DONE_WHEN,done_when,false,true,false
cursorvault_inclusive,cursorvault,inclusive,false,R4,minimax-m3,3,X1,ERRORS,error,false,true,false
cursorvault_inclusive,cursorvault,inclusive,false,R4,minimax-m3,3,X2,ERRORS,error,false,true,false
cursorvault_inclusive,cursorvault,inclusive,false,R4,qwen3.7-max,1,C1,CONSTRAINT,constraint,false,true,false
cursorvault_inclusive,cursorvault,inclusive,false,R4,qwen3.7-max,1,R1,RULES,rule,false,false,false
cursorvault_inclusive,cursorvault,inclusive,false,R4,qwen3.7-max,1,R2,RULES,rule,false,true,false
cursorvault_inclusive,cursorvault,inclusive,false,R4,qwen3.7-max,1,R3,RULES,rule,false,true,false
cursorvault_inclusive,cursorvault,inclusive,false,R4,qwen3.7-max,1,R4,RULES,rule,true,true,false
cursorvault_inclusive,cursorvault,inclusive,false,R4,qwen3.7-max,1,R5,RULES,rule,false,true,false
cursorvault_inclusive,cursorvault,inclusive,false,R4,qwen3.7-max,1,R6,RULES,rule,false,true,false
cursorvault_inclusive,cursorvault,inclusive,false,R4,qwen3.7-max,1,D1,DONE_WHEN,done_when,false,true,false
cursorvault_inclusive,cursorvault,inclusive,false,R4,qwen3.7-max,1,X1,ERRORS,error,false,true,false
cursorvault_inclusive,cursorvault,inclusive,false,R4,qwen3.7-max,1,X2,ERRORS,error,false,true,false
cursorvault_inclusive,cursorvault,inclusive,false,R4,qwen3.7-max,2,C1,CONSTRAINT,constraint,false,true,false
cursorvault_inclusive,cursorvault,inclusive,false,R4,qwen3.7-max,2,R1,RULES,rule,false,false,false
cursorvault_inclusive,cursorvault,inclusive,false,R4,qwen3.7-max,2,R2,RULES,rule,false,true,false
cursorvault_inclusive,cursorvault,inclusive,false,R4,qwen3.7-max,2,R3,RULES,rule,false,true,false
cursorvault_inclusive,cursorvault,inclusive,false,R4,qwen3.7-max,2,R4,RULES,rule,true,true,false
cursorvault_inclusive,cursorvault,inclusive,false,R4,qwen3.7-max,2,R5,RULES,rule,false,true,false
cursorvault_inclusive,cursorvault,inclusive,false,R4,qwen3.7-max,2,R6,RULES,rule,false,true,false
cursorvault_inclusive,cursorvault,inclusive,false,R4,qwen3.7-max,2,D1,DONE_WHEN,done_when,false,true,false
cursorvault_inclusive,cursorvault,inclusive,false,R4,qwen3.7-max,2,X1,ERRORS,error,false,true,false
cursorvault_inclusive,cursorvault,inclusive,false,R4,qwen3.7-max,2,X2,ERRORS,error,false,true,false
cursorvault_inclusive,cursorvault,inclusive,false,R4,qwen3.7-max,3,C1,CONSTRAINT,constraint,false,true,false
cursorvault_inclusive,cursorvault,inclusive,false,R4,qwen3.7-max,3,R1,RULES,rule,false,false,false
cursorvault_inclusive,cursorvault,inclusive,false,R4,qwen3.7-max,3,R2,RULES,rule,false,true,false
cursorvault_inclusive,cursorvault,inclusive,false,R4,qwen3.7-max,3,R3,RULES,rule,false,true,false
cursorvault_inclusive,cursorvault,inclusive,false,R4,qwen3.7-max,3,R4,RULES,rule,true,true,false
cursorvault_inclusive,cursorvault,inclusive,false,R4,qwen3.7-max,3,R5,RULES,rule,false,true,false
cursorvault_inclusive,cursorvault,inclusive,false,R4,qwen3.7-max,3,R6,RULES,rule,false,true,false
cursorvault_inclusive,cursorvault,inclusive,false,R4,qwen3.7-max,3,D1,DONE_WHEN,done_when,false,true,false
cursorvault_inclusive,cursorvault,inclusive,false,R4,qwen3.7-max,3,X1,ERRORS,error,false,true,false
cursorvault_inclusive,cursorvault,inclusive,false,R4,qwen3.7-max,3,X2,ERRORS,error,false,true,false
cursorvault_offset,cursorvault,offset,false,R4,glm-5.2,1,C1,CONSTRAINT,constraint,false,true,false
cursorvault_offset,cursorvault,offset,false,R4,glm-5.2,1,R1,RULES,rule,false,false,false
cursorvault_offset,cursorvault,offset,false,R4,glm-5.2,1,R2,RULES,rule,false,true,false
cursorvault_offset,cursorvault,offset,false,R4,glm-5.2,1,R3,RULES,rule,false,true,false
cursorvault_offset,cursorvault,offset,false,R4,glm-5.2,1,R4,RULES,rule,true,true,false
cursorvault_offset,cursorvault,offset,false,R4,glm-5.2,1,R5,RULES,rule,false,true,false
cursorvault_offset,cursorvault,offset,false,R4,glm-5.2,1,R6,RULES,rule,false,true,false
cursorvault_offset,cursorvault,offset,false,R4,glm-5.2,1,D1,DONE_WHEN,done_when,false,true,false
cursorvault_offset,cursorvault,offset,false,R4,glm-5.2,1,X1,ERRORS,error,false,true,false
cursorvault_offset,cursorvault,offset,false,R4,glm-5.2,1,X2,ERRORS,error,false,true,false
cursorvault_offset,cursorvault,offset,false,R4,glm-5.2,2,C1,CONSTRAINT,constraint,false,true,false
cursorvault_offset,cursorvault,offset,false,R4,glm-5.2,2,R1,RULES,rule,false,false,false
cursorvault_offset,cursorvault,offset,false,R4,glm-5.2,2,R2,RULES,rule,false,true,false
cursorvault_offset,cursorvault,offset,false,R4,glm-5.2,2,R3,RULES,rule,false,true,false
cursorvault_offset,cursorvault,offset,false,R4,glm-5.2,2,R4,RULES,rule,true,true,false
cursorvault_offset,cursorvault,offset,false,R4,glm-5.2,2,R5,RULES,rule,false,true,false
cursorvault_offset,cursorvault,offset,false,R4,glm-5.2,2,R6,RULES,rule,false,true,false
cursorvault_offset,cursorvault,offset,false,R4,glm-5.2,2,D1,DONE_WHEN,done_when,false,true,false
cursorvault_offset,cursorvault,offset,false,R4,glm-5.2,2,X1,ERRORS,error,false,true,false
cursorvault_offset,cursorvault,offset,false,R4,glm-5.2,2,X2,ERRORS,error,false,true,false
cursorvault_offset,cursorvault,offset,false,R4,glm-5.2,3,C1,CONSTRAINT,constraint,false,true,false
cursorvault_offset,cursorvault,offset,false,R4,glm-5.2,3,R1,RULES,rule,false,false,false
cursorvault_offset,cursorvault,offset,false,R4,glm-5.2,3,R2,RULES,rule,false,true,false
cursorvault_offset,cursorvault,offset,false,R4,glm-5.2,3,R3,RULES,rule,false,true,false
cursorvault_offset,cursorvault,offset,false,R4,glm-5.2,3,R4,RULES,rule,true,true,false
cursorvault_offset,cursorvault,offset,false,R4,glm-5.2,3,R5,RULES,rule,false,true,false
cursorvault_offset,cursorvault,offset,false,R4,glm-5.2,3,R6,RULES,rule,false,true,false
cursorvault_offset,cursorvault,offset,false,R4,glm-5.2,3,D1,DONE_WHEN,done_when,false,true,false
cursorvault_offset,cursorvault,offset,false,R4,glm-5.2,3,X1,ERRORS,error,false,true,false
cursorvault_offset,cursorvault,offset,false,R4,glm-5.2,3,X2,ERRORS,error,false,true,false
cursorvault_offset,cursorvault,offset,false,R4,minimax-m3,1,C1,CONSTRAINT,constraint,false,true,false
cursorvault_offset,cursorvault,offset,false,R4,minimax-m3,1,R1,RULES,rule,false,false,false
cursorvault_offset,cursorvault,offset,false,R4,minimax-m3,1,R2,RULES,rule,false,true,false
cursorvault_offset,cursorvault,offset,false,R4,minimax-m3,1,R3,RULES,rule,false,true,false
cursorvault_offset,cursorvault,offset,false,R4,minimax-m3,1,R4,RULES,rule,true,true,false
cursorvault_offset,cursorvault,offset,false,R4,minimax-m3,1,R5,RULES,rule,false,true,false
cursorvault_offset,cursorvault,offset,false,R4,minimax-m3,1,R6,RULES,rule,false,true,false
cursorvault_offset,cursorvault,offset,false,R4,minimax-m3,1,D1,DONE_WHEN,done_when,false,true,false
cursorvault_offset,cursorvault,offset,false,R4,minimax-m3,1,X1,ERRORS,error,false,true,false
cursorvault_offset,cursorvault,offset,false,R4,minimax-m3,1,X2,ERRORS,error,false,true,false
cursorvault_offset,cursorvault,offset,false,R4,minimax-m3,2,C1,CONSTRAINT,constraint,false,true,false
cursorvault_offset,cursorvault,offset,false,R4,minimax-m3,2,R1,RULES,rule,false,false,false
cursorvault_offset,cursorvault,offset,false,R4,minimax-m3,2,R2,RULES,rule,false,true,false
cursorvault_offset,cursorvault,offset,false,R4,minimax-m3,2,R3,RULES,rule,false,true,false
cursorvault_offset,cursorvault,offset,false,R4,minimax-m3,2,R4,RULES,rule,true,true,false
cursorvault_offset,cursorvault,offset,false,R4,minimax-m3,2,R5,RULES,rule,false,true,false
cursorvault_offset,cursorvault,offset,false,R4,minimax-m3,2,R6,RULES,rule,false,true,false
cursorvault_offset,cursorvault,offset,false,R4,minimax-m3,2,D1,DONE_WHEN,done_when,false,true,false
cursorvault_offset,cursorvault,offset,false,R4,minimax-m3,2,X1,ERRORS,error,false,true,false
cursorvault_offset,cursorvault,offset,false,R4,minimax-m3,2,X2,ERRORS,error,false,true,false
cursorvault_offset,cursorvault,offset,false,R4,minimax-m3,3,C1,CONSTRAINT,constraint,false,true,false
cursorvault_offset,cursorvault,offset,false,R4,minimax-m3,3,R1,RULES,rule,false,false,false
cursorvault_offset,cursorvault,offset,false,R4,minimax-m3,3,R2,RULES,rule,false,true,false
cursorvault_offset,cursorvault,offset,false,R4,minimax-m3,3,R3,RULES,rule,false,true,false
cursorvault_offset,cursorvault,offset,false,R4,minimax-m3,3,R4,RULES,rule,true,true,false
cursorvault_offset,cursorvault,offset,false,R4,minimax-m3,3,R5,RULES,rule,false,true,false
cursorvault_offset,cursorvault,offset,false,R4,minimax-m3,3,R6,RULES,rule,false,true,false
cursorvault_offset,cursorvault,offset,false,R4,minimax-m3,3,D1,DONE_WHEN,done_when,false,true,false
cursorvault_offset,cursorvault,offset,false,R4,minimax-m3,3,X1,ERRORS,error,false,true,false
cursorvault_offset,cursorvault,offset,false,R4,minimax-m3,3,X2,ERRORS,error,false,true,false
cursorvault_offset,cursorvault,offset,false,R4,qwen3.7-max,1,C1,CONSTRAINT,constraint,false,true,false
cursorvault_offset,cursorvault,offset,false,R4,qwen3.7-max,1,R1,RULES,rule,false,false,false
cursorvault_offset,cursorvault,offset,false,R4,qwen3.7-max,1,R2,RULES,rule,false,true,false
cursorvault_offset,cursorvault,offset,false,R4,qwen3.7-max,1,R3,RULES,rule,false,true,false
cursorvault_offset,cursorvault,offset,false,R4,qwen3.7-max,1,R4,RULES,rule,true,true,false
cursorvault_offset,cursorvault,offset,false,R4,qwen3.7-max,1,R5,RULES,rule,false,true,false
cursorvault_offset,cursorvault,offset,false,R4,qwen3.7-max,1,R6,RULES,rule,false,true,false
cursorvault_offset,cursorvault,offset,false,R4,qwen3.7-max,1,D1,DONE_WHEN,done_when,false,true,false
cursorvault_offset,cursorvault,offset,false,R4,qwen3.7-max,1,X1,ERRORS,error,false,true,false
cursorvault_offset,cursorvault,offset,false,R4,qwen3.7-max,1,X2,ERRORS,error,false,true,false
cursorvault_offset,cursorvault,offset,false,R4,qwen3.7-max,2,C1,CONSTRAINT,constraint,false,true,false
cursorvault_offset,cursorvault,offset,false,R4,qwen3.7-max,2,R1,RULES,rule,false,false,false
cursorvault_offset,cursorvault,offset,false,R4,qwen3.7-max,2,R2,RULES,rule,false,true,false
cursorvault_offset,cursorvault,offset,false,R4,qwen3.7-max,2,R3,RULES,rule,false,true,false
cursorvault_offset,cursorvault,offset,false,R4,qwen3.7-max,2,R4,RULES,rule,true,true,false
cursorvault_offset,cursorvault,offset,false,R4,qwen3.7-max,2,R5,RULES,rule,false,true,false
cursorvault_offset,cursorvault,offset,false,R4,qwen3.7-max,2,R6,RULES,rule,false,true,false
cursorvault_offset,cursorvault,offset,false,R4,qwen3.7-max,2,D1,DONE_WHEN,done_when,false,true,false
cursorvault_offset,cursorvault,offset,false,R4,qwen3.7-max,2,X1,ERRORS,error,false,true,false
cursorvault_offset,cursorvault,offset,false,R4,qwen3.7-max,2,X2,ERRORS,error,false,true,false
cursorvault_offset,cursorvault,offset,false,R4,qwen3.7-max,3,C1,CONSTRAINT,constraint,false,true,false
cursorvault_offset,cursorvault,offset,false,R4,qwen3.7-max,3,R1,RULES,rule,false,false,false
cursorvault_offset,cursorvault,offset,false,R4,qwen3.7-max,3,R2,RULES,rule,false,true,false
cursorvault_offset,cursorvault,offset,false,R4,qwen3.7-max,3,R3,RULES,rule,false,true,false
cursorvault_offset,cursorvault,offset,false,R4,qwen3.7-max,3,R4,RULES,rule,true,true,false
cursorvault_offset,cursorvault,offset,false,R4,qwen3.7-max,3,R5,RULES,rule,false,true,false
cursorvault_offset,cursorvault,offset,false,R4,qwen3.7-max,3,R6,RULES,rule,false,true,false
cursorvault_offset,cursorvault,offset,false,R4,qwen3.7-max,3,D1,DONE_WHEN,done_when,false,true,false
cursorvault_offset,cursorvault,offset,false,R4,qwen3.7-max,3,X1,ERRORS,error,false,true,false
cursorvault_offset,cursorvault,offset,false,R4,qwen3.7-max,3,X2,ERRORS,error,false,true,false
detreport_base,detreport,base,true,R5,glm-5.2,1,C1,CONSTRAINT,constraint,false,true,false
detreport_base,detreport,base,true,R5,glm-5.2,1,R1,RULES,rule,false,false,false
detreport_base,detreport,base,true,R5,glm-5.2,1,R2,RULES,rule,false,true,false
detreport_base,detreport,base,true,R5,glm-5.2,1,R3,RULES,rule,false,true,false
detreport_base,detreport,base,true,R5,glm-5.2,1,R4,RULES,rule,false,true,false
detreport_base,detreport,base,true,R5,glm-5.2,1,R5,RULES,rule,true,true,false
detreport_base,detreport,base,true,R5,glm-5.2,1,R6,RULES,rule,false,true,false
detreport_base,detreport,base,true,R5,glm-5.2,1,R7,RULES,rule,false,true,false
detreport_base,detreport,base,true,R5,glm-5.2,1,D1,DONE_WHEN,done_when,false,true,false
detreport_base,detreport,base,true,R5,glm-5.2,1,X1,ERRORS,error,false,true,false
detreport_base,detreport,base,true,R5,glm-5.2,1,S1,DETERMINISM.stable,determinism_stable,false,true,false
detreport_base,detreport,base,true,R5,glm-5.2,2,C1,CONSTRAINT,constraint,false,true,false
detreport_base,detreport,base,true,R5,glm-5.2,2,R1,RULES,rule,false,false,false
detreport_base,detreport,base,true,R5,glm-5.2,2,R2,RULES,rule,false,true,false
detreport_base,detreport,base,true,R5,glm-5.2,2,R3,RULES,rule,false,true,false
detreport_base,detreport,base,true,R5,glm-5.2,2,R4,RULES,rule,false,true,false
detreport_base,detreport,base,true,R5,glm-5.2,2,R5,RULES,rule,true,true,false
detreport_base,detreport,base,true,R5,glm-5.2,2,R6,RULES,rule,false,true,false
detreport_base,detreport,base,true,R5,glm-5.2,2,R7,RULES,rule,false,true,false
detreport_base,detreport,base,true,R5,glm-5.2,2,D1,DONE_WHEN,done_when,false,true,false
detreport_base,detreport,base,true,R5,glm-5.2,2,X1,ERRORS,error,false,true,false
detreport_base,detreport,base,true,R5,glm-5.2,2,S1,DETERMINISM.stable,determinism_stable,false,true,false
detreport_base,detreport,base,true,R5,glm-5.2,3,C1,CONSTRAINT,constraint,false,true,false
detreport_base,detreport,base,true,R5,glm-5.2,3,R1,RULES,rule,false,false,false
detreport_base,detreport,base,true,R5,glm-5.2,3,R2,RULES,rule,false,true,false
detreport_base,detreport,base,true,R5,glm-5.2,3,R3,RULES,rule,false,true,false
detreport_base,detreport,base,true,R5,glm-5.2,3,R4,RULES,rule,false,true,false
detreport_base,detreport,base,true,R5,glm-5.2,3,R5,RULES,rule,true,true,false
detreport_base,detreport,base,true,R5,glm-5.2,3,R6,RULES,rule,false,true,false
detreport_base,detreport,base,true,R5,glm-5.2,3,R7,RULES,rule,false,true,false
detreport_base,detreport,base,true,R5,glm-5.2,3,D1,DONE_WHEN,done_when,false,true,false
detreport_base,detreport,base,true,R5,glm-5.2,3,X1,ERRORS,error,false,true,false
detreport_base,detreport,base,true,R5,glm-5.2,3,S1,DETERMINISM.stable,determinism_stable,false,true,false
detreport_base,detreport,base,true,R5,minimax-m3,1,C1,CONSTRAINT,constraint,false,true,false
detreport_base,detreport,base,true,R5,minimax-m3,1,R1,RULES,rule,false,true,false
detreport_base,detreport,base,true,R5,minimax-m3,1,R2,RULES,rule,false,true,false
detreport_base,detreport,base,true,R5,minimax-m3,1,R3,RULES,rule,false,true,false
detreport_base,detreport,base,true,R5,minimax-m3,1,R4,RULES,rule,false,true,false
detreport_base,detreport,base,true,R5,minimax-m3,1,R5,RULES,rule,true,true,false
detreport_base,detreport,base,true,R5,minimax-m3,1,R6,RULES,rule,false,true,false
detreport_base,detreport,base,true,R5,minimax-m3,1,R7,RULES,rule,false,true,false
detreport_base,detreport,base,true,R5,minimax-m3,1,D1,DONE_WHEN,done_when,false,true,false
detreport_base,detreport,base,true,R5,minimax-m3,1,X1,ERRORS,error,false,true,false
detreport_base,detreport,base,true,R5,minimax-m3,1,S1,DETERMINISM.stable,determinism_stable,false,true,false
detreport_base,detreport,base,true,R5,minimax-m3,2,C1,CONSTRAINT,constraint,false,true,false
detreport_base,detreport,base,true,R5,minimax-m3,2,R1,RULES,rule,false,true,false
detreport_base,detreport,base,true,R5,minimax-m3,2,R2,RULES,rule,false,true,false
detreport_base,detreport,base,true,R5,minimax-m3,2,R3,RULES,rule,false,true,false
detreport_base,detreport,base,true,R5,minimax-m3,2,R4,RULES,rule,false,true,false
detreport_base,detreport,base,true,R5,minimax-m3,2,R5,RULES,rule,true,true,false
detreport_base,detreport,base,true,R5,minimax-m3,2,R6,RULES,rule,false,true,false
detreport_base,detreport,base,true,R5,minimax-m3,2,R7,RULES,rule,false,true,false
detreport_base,detreport,base,true,R5,minimax-m3,2,D1,DONE_WHEN,done_when,false,true,false
detreport_base,detreport,base,true,R5,minimax-m3,2,X1,ERRORS,error,false,true,false
detreport_base,detreport,base,true,R5,minimax-m3,2,S1,DETERMINISM.stable,determinism_stable,false,true,false
detreport_base,detreport,base,true,R5,minimax-m3,3,C1,CONSTRAINT,constraint,false,true,false
detreport_base,detreport,base,true,R5,minimax-m3,3,R1,RULES,rule,false,false,false
detreport_base,detreport,base,true,R5,minimax-m3,3,R2,RULES,rule,false,true,false
detreport_base,detreport,base,true,R5,minimax-m3,3,R3,RULES,rule,false,true,false
detreport_base,detreport,base,true,R5,minimax-m3,3,R4,RULES,rule,false,true,false
detreport_base,detreport,base,true,R5,minimax-m3,3,R5,RULES,rule,true,true,false
detreport_base,detreport,base,true,R5,minimax-m3,3,R6,RULES,rule,false,true,false
detreport_base,detreport,base,true,R5,minimax-m3,3,R7,RULES,rule,false,true,false
detreport_base,detreport,base,true,R5,minimax-m3,3,D1,DONE_WHEN,done_when,false,true,false
detreport_base,detreport,base,true,R5,minimax-m3,3,X1,ERRORS,error,false,true,false
detreport_base,detreport,base,true,R5,minimax-m3,3,S1,DETERMINISM.stable,determinism_stable,false,true,false
detreport_base,detreport,base,true,R5,qwen3.7-max,1,C1,CONSTRAINT,constraint,false,true,false
detreport_base,detreport,base,true,R5,qwen3.7-max,1,R1,RULES,rule,false,false,false
detreport_base,detreport,base,true,R5,qwen3.7-max,1,R2,RULES,rule,false,true,false
detreport_base,detreport,base,true,R5,qwen3.7-max,1,R3,RULES,rule,false,true,false
detreport_base,detreport,base,true,R5,qwen3.7-max,1,R4,RULES,rule,false,true,false
detreport_base,detreport,base,true,R5,qwen3.7-max,1,R5,RULES,rule,true,true,false
detreport_base,detreport,base,true,R5,qwen3.7-max,1,R6,RULES,rule,false,true,false
detreport_base,detreport,base,true,R5,qwen3.7-max,1,R7,RULES,rule,false,true,false
detreport_base,detreport,base,true,R5,qwen3.7-max,1,D1,DONE_WHEN,done_when,false,true,false
detreport_base,detreport,base,true,R5,qwen3.7-max,1,X1,ERRORS,error,false,true,false
detreport_base,detreport,base,true,R5,qwen3.7-max,1,S1,DETERMINISM.stable,determinism_stable,false,true,false
detreport_base,detreport,base,true,R5,qwen3.7-max,2,C1,CONSTRAINT,constraint,false,true,false
detreport_base,detreport,base,true,R5,qwen3.7-max,2,R1,RULES,rule,false,false,false
detreport_base,detreport,base,true,R5,qwen3.7-max,2,R2,RULES,rule,false,true,false
detreport_base,detreport,base,true,R5,qwen3.7-max,2,R3,RULES,rule,false,true,false
detreport_base,detreport,base,true,R5,qwen3.7-max,2,R4,RULES,rule,false,true,false
detreport_base,detreport,base,true,R5,qwen3.7-max,2,R5,RULES,rule,true,true,false
detreport_base,detreport,base,true,R5,qwen3.7-max,2,R6,RULES,rule,false,true,false
detreport_base,detreport,base,true,R5,qwen3.7-max,2,R7,RULES,rule,false,true,false
detreport_base,detreport,base,true,R5,qwen3.7-max,2,D1,DONE_WHEN,done_when,false,true,false
detreport_base,detreport,base,true,R5,qwen3.7-max,2,X1,ERRORS,error,false,true,false
detreport_base,detreport,base,true,R5,qwen3.7-max,2,S1,DETERMINISM.stable,determinism_stable,false,true,false
detreport_base,detreport,base,true,R5,qwen3.7-max,3,C1,CONSTRAINT,constraint,false,true,false
detreport_base,detreport,base,true,R5,qwen3.7-max,3,R1,RULES,rule,false,false,false
detreport_base,detreport,base,true,R5,qwen3.7-max,3,R2,RULES,rule,false,true,false
detreport_base,detreport,base,true,R5,qwen3.7-max,3,R3,RULES,rule,false,true,false
detreport_base,detreport,base,true,R5,qwen3.7-max,3,R4,RULES,rule,false,true,false
detreport_base,detreport,base,true,R5,qwen3.7-max,3,R5,RULES,rule,true,true,false
detreport_base,detreport,base,true,R5,qwen3.7-max,3,R6,RULES,rule,false,true,false
detreport_base,detreport,base,true,R5,qwen3.7-max,3,R7,RULES,rule,false,true,false
detreport_base,detreport,base,true,R5,qwen3.7-max,3,D1,DONE_WHEN,done_when,false,true,false
detreport_base,detreport,base,true,R5,qwen3.7-max,3,X1,ERRORS,error,false,true,false
detreport_base,detreport,base,true,R5,qwen3.7-max,3,S1,DETERMINISM.stable,determinism_stable,false,true,false
detreport_descending,detreport,descending,false,R5,glm-5.2,1,C1,CONSTRAINT,constraint,false,true,false
detreport_descending,detreport,descending,false,R5,glm-5.2,1,R1,RULES,rule,false,false,false
detreport_descending,detreport,descending,false,R5,glm-5.2,1,R2,RULES,rule,false,true,false
detreport_descending,detreport,descending,false,R5,glm-5.2,1,R3,RULES,rule,false,true,false
detreport_descending,detreport,descending,false,R5,glm-5.2,1,R4,RULES,rule,false,true,false
detreport_descending,detreport,descending,false,R5,glm-5.2,1,R5,RULES,rule,true,true,false
detreport_descending,detreport,descending,false,R5,glm-5.2,1,R6,RULES,rule,false,true,false
detreport_descending,detreport,descending,false,R5,glm-5.2,1,R7,RULES,rule,false,true,false
detreport_descending,detreport,descending,false,R5,glm-5.2,1,D1,DONE_WHEN,done_when,false,true,false
detreport_descending,detreport,descending,false,R5,glm-5.2,1,X1,ERRORS,error,false,true,false
detreport_descending,detreport,descending,false,R5,glm-5.2,1,S1,DETERMINISM.stable,determinism_stable,false,true,false
detreport_descending,detreport,descending,false,R5,glm-5.2,2,C1,CONSTRAINT,constraint,false,true,false
detreport_descending,detreport,descending,false,R5,glm-5.2,2,R1,RULES,rule,false,false,false
detreport_descending,detreport,descending,false,R5,glm-5.2,2,R2,RULES,rule,false,true,false
detreport_descending,detreport,descending,false,R5,glm-5.2,2,R3,RULES,rule,false,true,false
detreport_descending,detreport,descending,false,R5,glm-5.2,2,R4,RULES,rule,false,true,false
detreport_descending,detreport,descending,false,R5,glm-5.2,2,R5,RULES,rule,true,true,false
detreport_descending,detreport,descending,false,R5,glm-5.2,2,R6,RULES,rule,false,true,false
detreport_descending,detreport,descending,false,R5,glm-5.2,2,R7,RULES,rule,false,true,false
detreport_descending,detreport,descending,false,R5,glm-5.2,2,D1,DONE_WHEN,done_when,false,true,false
detreport_descending,detreport,descending,false,R5,glm-5.2,2,X1,ERRORS,error,false,true,false
detreport_descending,detreport,descending,false,R5,glm-5.2,2,S1,DETERMINISM.stable,determinism_stable,false,true,false
detreport_descending,detreport,descending,false,R5,glm-5.2,3,C1,CONSTRAINT,constraint,false,true,false
detreport_descending,detreport,descending,false,R5,glm-5.2,3,R1,RULES,rule,false,false,false
detreport_descending,detreport,descending,false,R5,glm-5.2,3,R2,RULES,rule,false,true,false
detreport_descending,detreport,descending,false,R5,glm-5.2,3,R3,RULES,rule,false,true,false
detreport_descending,detreport,descending,false,R5,glm-5.2,3,R4,RULES,rule,false,true,false
detreport_descending,detreport,descending,false,R5,glm-5.2,3,R5,RULES,rule,true,true,false
detreport_descending,detreport,descending,false,R5,glm-5.2,3,R6,RULES,rule,false,true,false
detreport_descending,detreport,descending,false,R5,glm-5.2,3,R7,RULES,rule,false,true,false
detreport_descending,detreport,descending,false,R5,glm-5.2,3,D1,DONE_WHEN,done_when,false,true,false
detreport_descending,detreport,descending,false,R5,glm-5.2,3,X1,ERRORS,error,false,true,false
detreport_descending,detreport,descending,false,R5,glm-5.2,3,S1,DETERMINISM.stable,determinism_stable,false,true,false
detreport_descending,detreport,descending,false,R5,minimax-m3,1,C1,CONSTRAINT,constraint,false,true,false
detreport_descending,detreport,descending,false,R5,minimax-m3,1,R1,RULES,rule,false,false,false
detreport_descending,detreport,descending,false,R5,minimax-m3,1,R2,RULES,rule,false,true,false
detreport_descending,detreport,descending,false,R5,minimax-m3,1,R3,RULES,rule,false,true,false
detreport_descending,detreport,descending,false,R5,minimax-m3,1,R4,RULES,rule,false,true,false
detreport_descending,detreport,descending,false,R5,minimax-m3,1,R5,RULES,rule,true,true,false
detreport_descending,detreport,descending,false,R5,minimax-m3,1,R6,RULES,rule,false,true,false
detreport_descending,detreport,descending,false,R5,minimax-m3,1,R7,RULES,rule,false,true,false
detreport_descending,detreport,descending,false,R5,minimax-m3,1,D1,DONE_WHEN,done_when,false,true,false
detreport_descending,detreport,descending,false,R5,minimax-m3,1,X1,ERRORS,error,false,true,false
detreport_descending,detreport,descending,false,R5,minimax-m3,1,S1,DETERMINISM.stable,determinism_stable,false,true,false
detreport_descending,detreport,descending,false,R5,minimax-m3,2,C1,CONSTRAINT,constraint,false,true,false
detreport_descending,detreport,descending,false,R5,minimax-m3,2,R1,RULES,rule,false,false,false
detreport_descending,detreport,descending,false,R5,minimax-m3,2,R2,RULES,rule,false,true,false
detreport_descending,detreport,descending,false,R5,minimax-m3,2,R3,RULES,rule,false,true,false
detreport_descending,detreport,descending,false,R5,minimax-m3,2,R4,RULES,rule,false,true,false
detreport_descending,detreport,descending,false,R5,minimax-m3,2,R5,RULES,rule,true,true,false
detreport_descending,detreport,descending,false,R5,minimax-m3,2,R6,RULES,rule,false,true,false
detreport_descending,detreport,descending,false,R5,minimax-m3,2,R7,RULES,rule,false,true,false
detreport_descending,detreport,descending,false,R5,minimax-m3,2,D1,DONE_WHEN,done_when,false,true,false
detreport_descending,detreport,descending,false,R5,minimax-m3,2,X1,ERRORS,error,false,true,false
detreport_descending,detreport,descending,false,R5,minimax-m3,2,S1,DETERMINISM.stable,determinism_stable,false,true,false
detreport_descending,detreport,descending,false,R5,minimax-m3,3,C1,CONSTRAINT,constraint,false,false,false
detreport_descending,detreport,descending,false,R5,minimax-m3,3,R1,RULES,rule,false,true,false
detreport_descending,detreport,descending,false,R5,minimax-m3,3,R2,RULES,rule,false,true,false
detreport_descending,detreport,descending,false,R5,minimax-m3,3,R3,RULES,rule,false,false,false
detreport_descending,detreport,descending,false,R5,minimax-m3,3,R4,RULES,rule,false,false,false
detreport_descending,detreport,descending,false,R5,minimax-m3,3,R5,RULES,rule,true,false,false
detreport_descending,detreport,descending,false,R5,minimax-m3,3,R6,RULES,rule,false,false,false
detreport_descending,detreport,descending,false,R5,minimax-m3,3,R7,RULES,rule,false,false,false
detreport_descending,detreport,descending,false,R5,minimax-m3,3,D1,DONE_WHEN,done_when,false,false,false
detreport_descending,detreport,descending,false,R5,minimax-m3,3,X1,ERRORS,error,false,true,false
detreport_descending,detreport,descending,false,R5,minimax-m3,3,S1,DETERMINISM.stable,determinism_stable,false,true,false
detreport_descending,detreport,descending,false,R5,qwen3.7-max,1,C1,CONSTRAINT,constraint,false,true,false
detreport_descending,detreport,descending,false,R5,qwen3.7-max,1,R1,RULES,rule,false,false,false
detreport_descending,detreport,descending,false,R5,qwen3.7-max,1,R2,RULES,rule,false,true,false
detreport_descending,detreport,descending,false,R5,qwen3.7-max,1,R3,RULES,rule,false,true,false
detreport_descending,detreport,descending,false,R5,qwen3.7-max,1,R4,RULES,rule,false,true,false
detreport_descending,detreport,descending,false,R5,qwen3.7-max,1,R5,RULES,rule,true,true,false
detreport_descending,detreport,descending,false,R5,qwen3.7-max,1,R6,RULES,rule,false,true,false
detreport_descending,detreport,descending,false,R5,qwen3.7-max,1,R7,RULES,rule,false,true,false
detreport_descending,detreport,descending,false,R5,qwen3.7-max,1,D1,DONE_WHEN,done_when,false,true,false
detreport_descending,detreport,descending,false,R5,qwen3.7-max,1,X1,ERRORS,error,false,true,false
detreport_descending,detreport,descending,false,R5,qwen3.7-max,1,S1,DETERMINISM.stable,determinism_stable,false,true,false
detreport_descending,detreport,descending,false,R5,qwen3.7-max,2,C1,CONSTRAINT,constraint,false,true,false
detreport_descending,detreport,descending,false,R5,qwen3.7-max,2,R1,RULES,rule,false,false,false
detreport_descending,detreport,descending,false,R5,qwen3.7-max,2,R2,RULES,rule,false,true,false
detreport_descending,detreport,descending,false,R5,qwen3.7-max,2,R3,RULES,rule,false,true,false
detreport_descending,detreport,descending,false,R5,qwen3.7-max,2,R4,RULES,rule,false,true,false
detreport_descending,detreport,descending,false,R5,qwen3.7-max,2,R5,RULES,rule,true,true,false
detreport_descending,detreport,descending,false,R5,qwen3.7-max,2,R6,RULES,rule,false,true,false
detreport_descending,detreport,descending,false,R5,qwen3.7-max,2,R7,RULES,rule,false,true,false
detreport_descending,detreport,descending,false,R5,qwen3.7-max,2,D1,DONE_WHEN,done_when,false,true,false
detreport_descending,detreport,descending,false,R5,qwen3.7-max,2,X1,ERRORS,error,false,true,false
detreport_descending,detreport,descending,false,R5,qwen3.7-max,2,S1,DETERMINISM.stable,determinism_stable,false,true,false
detreport_descending,detreport,descending,false,R5,qwen3.7-max,3,C1,CONSTRAINT,constraint,false,true,false
detreport_descending,detreport,descending,false,R5,qwen3.7-max,3,R1,RULES,rule,false,false,false
detreport_descending,detreport,descending,false,R5,qwen3.7-max,3,R2,RULES,rule,false,true,false
detreport_descending,detreport,descending,false,R5,qwen3.7-max,3,R3,RULES,rule,false,true,false
detreport_descending,detreport,descending,false,R5,qwen3.7-max,3,R4,RULES,rule,false,true,false
detreport_descending,detreport,descending,false,R5,qwen3.7-max,3,R5,RULES,rule,true,true,false
detreport_descending,detreport,descending,false,R5,qwen3.7-max,3,R6,RULES,rule,false,true,false
detreport_descending,detreport,descending,false,R5,qwen3.7-max,3,R7,RULES,rule,false,true,false
detreport_descending,detreport,descending,false,R5,qwen3.7-max,3,D1,DONE_WHEN,done_when,false,true,false
detreport_descending,detreport,descending,false,R5,qwen3.7-max,3,X1,ERRORS,error,false,true,false
detreport_descending,detreport,descending,false,R5,qwen3.7-max,3,S1,DETERMINISM.stable,determinism_stable,false,true,false
detreport_firstseen,detreport,firstseen,false,R5,glm-5.2,1,C1,CONSTRAINT,constraint,false,false,true
detreport_firstseen,detreport,firstseen,false,R5,glm-5.2,1,R1,RULES,rule,false,false,true
detreport_firstseen,detreport,firstseen,false,R5,glm-5.2,1,R2,RULES,rule,false,false,true
detreport_firstseen,detreport,firstseen,false,R5,glm-5.2,1,R3,RULES,rule,false,false,true
detreport_firstseen,detreport,firstseen,false,R5,glm-5.2,1,R4,RULES,rule,false,false,true
detreport_firstseen,detreport,firstseen,false,R5,glm-5.2,1,R5,RULES,rule,true,false,true
detreport_firstseen,detreport,firstseen,false,R5,glm-5.2,1,R6,RULES,rule,false,false,true
detreport_firstseen,detreport,firstseen,false,R5,glm-5.2,1,R7,RULES,rule,false,false,true
detreport_firstseen,detreport,firstseen,false,R5,glm-5.2,1,D1,DONE_WHEN,done_when,false,false,true
detreport_firstseen,detreport,firstseen,false,R5,glm-5.2,1,X1,ERRORS,error,false,false,true
detreport_firstseen,detreport,firstseen,false,R5,glm-5.2,1,S1,DETERMINISM.stable,determinism_stable,false,false,true
detreport_firstseen,detreport,firstseen,false,R5,glm-5.2,2,C1,CONSTRAINT,constraint,false,true,false
detreport_firstseen,detreport,firstseen,false,R5,glm-5.2,2,R1,RULES,rule,false,false,false
detreport_firstseen,detreport,firstseen,false,R5,glm-5.2,2,R2,RULES,rule,false,true,false
detreport_firstseen,detreport,firstseen,false,R5,glm-5.2,2,R3,RULES,rule,false,true,false
detreport_firstseen,detreport,firstseen,false,R5,glm-5.2,2,R4,RULES,rule,false,true,false
detreport_firstseen,detreport,firstseen,false,R5,glm-5.2,2,R5,RULES,rule,true,true,false
detreport_firstseen,detreport,firstseen,false,R5,glm-5.2,2,R6,RULES,rule,false,true,false
detreport_firstseen,detreport,firstseen,false,R5,glm-5.2,2,R7,RULES,rule,false,true,false
detreport_firstseen,detreport,firstseen,false,R5,glm-5.2,2,D1,DONE_WHEN,done_when,false,true,false
detreport_firstseen,detreport,firstseen,false,R5,glm-5.2,2,X1,ERRORS,error,false,true,false
detreport_firstseen,detreport,firstseen,false,R5,glm-5.2,2,S1,DETERMINISM.stable,determinism_stable,false,true,false
detreport_firstseen,detreport,firstseen,false,R5,glm-5.2,3,C1,CONSTRAINT,constraint,false,true,false
detreport_firstseen,detreport,firstseen,false,R5,glm-5.2,3,R1,RULES,rule,false,false,false
detreport_firstseen,detreport,firstseen,false,R5,glm-5.2,3,R2,RULES,rule,false,true,false
detreport_firstseen,detreport,firstseen,false,R5,glm-5.2,3,R3,RULES,rule,false,true,false
detreport_firstseen,detreport,firstseen,false,R5,glm-5.2,3,R4,RULES,rule,false,true,false
detreport_firstseen,detreport,firstseen,false,R5,glm-5.2,3,R5,RULES,rule,true,true,false
detreport_firstseen,detreport,firstseen,false,R5,glm-5.2,3,R6,RULES,rule,false,true,false
detreport_firstseen,detreport,firstseen,false,R5,glm-5.2,3,R7,RULES,rule,false,true,false
detreport_firstseen,detreport,firstseen,false,R5,glm-5.2,3,D1,DONE_WHEN,done_when,false,true,false
detreport_firstseen,detreport,firstseen,false,R5,glm-5.2,3,X1,ERRORS,error,false,true,false
detreport_firstseen,detreport,firstseen,false,R5,glm-5.2,3,S1,DETERMINISM.stable,determinism_stable,false,true,false
detreport_firstseen,detreport,firstseen,false,R5,minimax-m3,1,C1,CONSTRAINT,constraint,false,true,false
detreport_firstseen,detreport,firstseen,false,R5,minimax-m3,1,R1,RULES,rule,false,false,false
detreport_firstseen,detreport,firstseen,false,R5,minimax-m3,1,R2,RULES,rule,false,true,false
detreport_firstseen,detreport,firstseen,false,R5,minimax-m3,1,R3,RULES,rule,false,true,false
detreport_firstseen,detreport,firstseen,false,R5,minimax-m3,1,R4,RULES,rule,false,true,false
detreport_firstseen,detreport,firstseen,false,R5,minimax-m3,1,R5,RULES,rule,true,true,false
detreport_firstseen,detreport,firstseen,false,R5,minimax-m3,1,R6,RULES,rule,false,true,false
detreport_firstseen,detreport,firstseen,false,R5,minimax-m3,1,R7,RULES,rule,false,true,false
detreport_firstseen,detreport,firstseen,false,R5,minimax-m3,1,D1,DONE_WHEN,done_when,false,true,false
detreport_firstseen,detreport,firstseen,false,R5,minimax-m3,1,X1,ERRORS,error,false,true,false
detreport_firstseen,detreport,firstseen,false,R5,minimax-m3,1,S1,DETERMINISM.stable,determinism_stable,false,true,false
detreport_firstseen,detreport,firstseen,false,R5,minimax-m3,2,C1,CONSTRAINT,constraint,false,true,false
detreport_firstseen,detreport,firstseen,false,R5,minimax-m3,2,R1,RULES,rule,false,false,false
detreport_firstseen,detreport,firstseen,false,R5,minimax-m3,2,R2,RULES,rule,false,true,false
detreport_firstseen,detreport,firstseen,false,R5,minimax-m3,2,R3,RULES,rule,false,true,false
detreport_firstseen,detreport,firstseen,false,R5,minimax-m3,2,R4,RULES,rule,false,true,false
detreport_firstseen,detreport,firstseen,false,R5,minimax-m3,2,R5,RULES,rule,true,true,false
detreport_firstseen,detreport,firstseen,false,R5,minimax-m3,2,R6,RULES,rule,false,true,false
detreport_firstseen,detreport,firstseen,false,R5,minimax-m3,2,R7,RULES,rule,false,true,false
detreport_firstseen,detreport,firstseen,false,R5,minimax-m3,2,D1,DONE_WHEN,done_when,false,true,false
detreport_firstseen,detreport,firstseen,false,R5,minimax-m3,2,X1,ERRORS,error,false,true,false
detreport_firstseen,detreport,firstseen,false,R5,minimax-m3,2,S1,DETERMINISM.stable,determinism_stable,false,true,false
detreport_firstseen,detreport,firstseen,false,R5,minimax-m3,3,C1,CONSTRAINT,constraint,false,false,false
detreport_firstseen,detreport,firstseen,false,R5,minimax-m3,3,R1,RULES,rule,false,false,false
detreport_firstseen,detreport,firstseen,false,R5,minimax-m3,3,R2,RULES,rule,false,true,false
detreport_firstseen,detreport,firstseen,false,R5,minimax-m3,3,R3,RULES,rule,false,false,false
detreport_firstseen,detreport,firstseen,false,R5,minimax-m3,3,R4,RULES,rule,false,false,false
detreport_firstseen,detreport,firstseen,false,R5,minimax-m3,3,R5,RULES,rule,true,false,false
detreport_firstseen,detreport,firstseen,false,R5,minimax-m3,3,R6,RULES,rule,false,false,false
detreport_firstseen,detreport,firstseen,false,R5,minimax-m3,3,R7,RULES,rule,false,true,false
detreport_firstseen,detreport,firstseen,false,R5,minimax-m3,3,D1,DONE_WHEN,done_when,false,false,false
detreport_firstseen,detreport,firstseen,false,R5,minimax-m3,3,X1,ERRORS,error,false,true,false
detreport_firstseen,detreport,firstseen,false,R5,minimax-m3,3,S1,DETERMINISM.stable,determinism_stable,false,true,false
detreport_firstseen,detreport,firstseen,false,R5,qwen3.7-max,1,C1,CONSTRAINT,constraint,false,true,false
detreport_firstseen,detreport,firstseen,false,R5,qwen3.7-max,1,R1,RULES,rule,false,false,false
detreport_firstseen,detreport,firstseen,false,R5,qwen3.7-max,1,R2,RULES,rule,false,true,false
detreport_firstseen,detreport,firstseen,false,R5,qwen3.7-max,1,R3,RULES,rule,false,true,false
detreport_firstseen,detreport,firstseen,false,R5,qwen3.7-max,1,R4,RULES,rule,false,true,false
detreport_firstseen,detreport,firstseen,false,R5,qwen3.7-max,1,R5,RULES,rule,true,true,false
detreport_firstseen,detreport,firstseen,false,R5,qwen3.7-max,1,R6,RULES,rule,false,true,false
detreport_firstseen,detreport,firstseen,false,R5,qwen3.7-max,1,R7,RULES,rule,false,true,false
detreport_firstseen,detreport,firstseen,false,R5,qwen3.7-max,1,D1,DONE_WHEN,done_when,false,true,false
detreport_firstseen,detreport,firstseen,false,R5,qwen3.7-max,1,X1,ERRORS,error,false,true,false
detreport_firstseen,detreport,firstseen,false,R5,qwen3.7-max,1,S1,DETERMINISM.stable,determinism_stable,false,true,false
detreport_firstseen,detreport,firstseen,false,R5,qwen3.7-max,2,C1,CONSTRAINT,constraint,false,true,false
detreport_firstseen,detreport,firstseen,false,R5,qwen3.7-max,2,R1,RULES,rule,false,false,false
detreport_firstseen,detreport,firstseen,false,R5,qwen3.7-max,2,R2,RULES,rule,false,true,false
detreport_firstseen,detreport,firstseen,false,R5,qwen3.7-max,2,R3,RULES,rule,false,true,false
detreport_firstseen,detreport,firstseen,false,R5,qwen3.7-max,2,R4,RULES,rule,false,true,false
detreport_firstseen,detreport,firstseen,false,R5,qwen3.7-max,2,R5,RULES,rule,true,true,false
detreport_firstseen,detreport,firstseen,false,R5,qwen3.7-max,2,R6,RULES,rule,false,true,false
detreport_firstseen,detreport,firstseen,false,R5,qwen3.7-max,2,R7,RULES,rule,false,true,false
detreport_firstseen,detreport,firstseen,false,R5,qwen3.7-max,2,D1,DONE_WHEN,done_when,false,true,false
detreport_firstseen,detreport,firstseen,false,R5,qwen3.7-max,2,X1,ERRORS,error,false,true,false
detreport_firstseen,detreport,firstseen,false,R5,qwen3.7-max,2,S1,DETERMINISM.stable,determinism_stable,false,true,false
detreport_firstseen,detreport,firstseen,false,R5,qwen3.7-max,3,C1,CONSTRAINT,constraint,false,true,false
detreport_firstseen,detreport,firstseen,false,R5,qwen3.7-max,3,R1,RULES,rule,false,false,false
detreport_firstseen,detreport,firstseen,false,R5,qwen3.7-max,3,R2,RULES,rule,false,true,false
detreport_firstseen,detreport,firstseen,false,R5,qwen3.7-max,3,R3,RULES,rule,false,true,false
detreport_firstseen,detreport,firstseen,false,R5,qwen3.7-max,3,R4,RULES,rule,false,true,false
detreport_firstseen,detreport,firstseen,false,R5,qwen3.7-max,3,R5,RULES,rule,true,true,false
detreport_firstseen,detreport,firstseen,false,R5,qwen3.7-max,3,R6,RULES,rule,false,true,false
detreport_firstseen,detreport,firstseen,false,R5,qwen3.7-max,3,R7,RULES,rule,false,true,false
detreport_firstseen,detreport,firstseen,false,R5,qwen3.7-max,3,D1,DONE_WHEN,done_when,false,true,false
detreport_firstseen,detreport,firstseen,false,R5,qwen3.7-max,3,X1,ERRORS,error,false,true,false
detreport_firstseen,detreport,firstseen,false,R5,qwen3.7-max,3,S1,DETERMINISM.stable,determinism_stable,false,true,false
idledger_base,idledger,base,true,R5,glm-5.2,1,C1,CONSTRAINT,constraint,false,true,false
idledger_base,idledger,base,true,R5,glm-5.2,1,C2,CONSTRAINT,constraint,false,true,false
idledger_base,idledger,base,true,R5,glm-5.2,1,R1,RULES,rule,false,true,false
idledger_base,idledger,base,true,R5,glm-5.2,1,R2,RULES,rule,false,false,false
idledger_base,idledger,base,true,R5,glm-5.2,1,R3,RULES,rule,false,true,false
idledger_base,idledger,base,true,R5,glm-5.2,1,R4,RULES,rule,false,true,false
idledger_base,idledger,base,true,R5,glm-5.2,1,R5,RULES,rule,true,true,false
idledger_base,idledger,base,true,R5,glm-5.2,1,R6,RULES,rule,false,true,false
idledger_base,idledger,base,true,R5,glm-5.2,1,R7,RULES,rule,false,true,false
idledger_base,idledger,base,true,R5,glm-5.2,1,R8,RULES,rule,false,true,false
idledger_base,idledger,base,true,R5,glm-5.2,1,D1,DONE_WHEN,done_when,false,true,false
idledger_base,idledger,base,true,R5,glm-5.2,1,X1,ERRORS,error,false,true,false
idledger_base,idledger,base,true,R5,glm-5.2,1,X2,ERRORS,error,false,true,false
idledger_base,idledger,base,true,R5,glm-5.2,2,C1,CONSTRAINT,constraint,false,true,false
idledger_base,idledger,base,true,R5,glm-5.2,2,C2,CONSTRAINT,constraint,false,true,false
idledger_base,idledger,base,true,R5,glm-5.2,2,R1,RULES,rule,false,true,false
idledger_base,idledger,base,true,R5,glm-5.2,2,R2,RULES,rule,false,true,false
idledger_base,idledger,base,true,R5,glm-5.2,2,R3,RULES,rule,false,true,false
idledger_base,idledger,base,true,R5,glm-5.2,2,R4,RULES,rule,false,true,false
idledger_base,idledger,base,true,R5,glm-5.2,2,R5,RULES,rule,true,true,false
idledger_base,idledger,base,true,R5,glm-5.2,2,R6,RULES,rule,false,true,false
idledger_base,idledger,base,true,R5,glm-5.2,2,R7,RULES,rule,false,true,false
idledger_base,idledger,base,true,R5,glm-5.2,2,R8,RULES,rule,false,true,false
idledger_base,idledger,base,true,R5,glm-5.2,2,D1,DONE_WHEN,done_when,false,true,false
idledger_base,idledger,base,true,R5,glm-5.2,2,X1,ERRORS,error,false,true,false
idledger_base,idledger,base,true,R5,glm-5.2,2,X2,ERRORS,error,false,true,false
idledger_base,idledger,base,true,R5,glm-5.2,3,C1,CONSTRAINT,constraint,false,true,false
idledger_base,idledger,base,true,R5,glm-5.2,3,C2,CONSTRAINT,constraint,false,true,false
idledger_base,idledger,base,true,R5,glm-5.2,3,R1,RULES,rule,false,true,false
idledger_base,idledger,base,true,R5,glm-5.2,3,R2,RULES,rule,false,false,false
idledger_base,idledger,base,true,R5,glm-5.2,3,R3,RULES,rule,false,true,false
idledger_base,idledger,base,true,R5,glm-5.2,3,R4,RULES,rule,false,true,false
idledger_base,idledger,base,true,R5,glm-5.2,3,R5,RULES,rule,true,true,false
idledger_base,idledger,base,true,R5,glm-5.2,3,R6,RULES,rule,false,true,false
idledger_base,idledger,base,true,R5,glm-5.2,3,R7,RULES,rule,false,true,false
idledger_base,idledger,base,true,R5,glm-5.2,3,R8,RULES,rule,false,true,false
idledger_base,idledger,base,true,R5,glm-5.2,3,D1,DONE_WHEN,done_when,false,true,false
idledger_base,idledger,base,true,R5,glm-5.2,3,X1,ERRORS,error,false,true,false
idledger_base,idledger,base,true,R5,glm-5.2,3,X2,ERRORS,error,false,true,false
idledger_base,idledger,base,true,R5,minimax-m3,1,C1,CONSTRAINT,constraint,false,true,false
idledger_base,idledger,base,true,R5,minimax-m3,1,C2,CONSTRAINT,constraint,false,true,false
idledger_base,idledger,base,true,R5,minimax-m3,1,R1,RULES,rule,false,true,false
idledger_base,idledger,base,true,R5,minimax-m3,1,R2,RULES,rule,false,true,false
idledger_base,idledger,base,true,R5,minimax-m3,1,R3,RULES,rule,false,false,false
idledger_base,idledger,base,true,R5,minimax-m3,1,R4,RULES,rule,false,true,false
idledger_base,idledger,base,true,R5,minimax-m3,1,R5,RULES,rule,true,true,false
idledger_base,idledger,base,true,R5,minimax-m3,1,R6,RULES,rule,false,true,false
idledger_base,idledger,base,true,R5,minimax-m3,1,R7,RULES,rule,false,true,false
idledger_base,idledger,base,true,R5,minimax-m3,1,R8,RULES,rule,false,true,false
idledger_base,idledger,base,true,R5,minimax-m3,1,D1,DONE_WHEN,done_when,false,false,false
idledger_base,idledger,base,true,R5,minimax-m3,1,X1,ERRORS,error,false,true,false
idledger_base,idledger,base,true,R5,minimax-m3,1,X2,ERRORS,error,false,true,false
idledger_base,idledger,base,true,R5,minimax-m3,2,C1,CONSTRAINT,constraint,false,true,false
idledger_base,idledger,base,true,R5,minimax-m3,2,C2,CONSTRAINT,constraint,false,true,false
idledger_base,idledger,base,true,R5,minimax-m3,2,R1,RULES,rule,false,true,false
idledger_base,idledger,base,true,R5,minimax-m3,2,R2,RULES,rule,false,true,false
idledger_base,idledger,base,true,R5,minimax-m3,2,R3,RULES,rule,false,true,false
idledger_base,idledger,base,true,R5,minimax-m3,2,R4,RULES,rule,false,true,false
idledger_base,idledger,base,true,R5,minimax-m3,2,R5,RULES,rule,true,true,false
idledger_base,idledger,base,true,R5,minimax-m3,2,R6,RULES,rule,false,true,false
idledger_base,idledger,base,true,R5,minimax-m3,2,R7,RULES,rule,false,true,false
idledger_base,idledger,base,true,R5,minimax-m3,2,R8,RULES,rule,false,true,false
idledger_base,idledger,base,true,R5,minimax-m3,2,D1,DONE_WHEN,done_when,false,true,false
idledger_base,idledger,base,true,R5,minimax-m3,2,X1,ERRORS,error,false,true,false
idledger_base,idledger,base,true,R5,minimax-m3,2,X2,ERRORS,error,false,true,false
idledger_base,idledger,base,true,R5,minimax-m3,3,C1,CONSTRAINT,constraint,false,true,false
idledger_base,idledger,base,true,R5,minimax-m3,3,C2,CONSTRAINT,constraint,false,true,false
idledger_base,idledger,base,true,R5,minimax-m3,3,R1,RULES,rule,false,true,false
idledger_base,idledger,base,true,R5,minimax-m3,3,R2,RULES,rule,false,true,false
idledger_base,idledger,base,true,R5,minimax-m3,3,R3,RULES,rule,false,true,false
idledger_base,idledger,base,true,R5,minimax-m3,3,R4,RULES,rule,false,true,false
idledger_base,idledger,base,true,R5,minimax-m3,3,R5,RULES,rule,true,true,false
idledger_base,idledger,base,true,R5,minimax-m3,3,R6,RULES,rule,false,true,false
idledger_base,idledger,base,true,R5,minimax-m3,3,R7,RULES,rule,false,true,false
idledger_base,idledger,base,true,R5,minimax-m3,3,R8,RULES,rule,false,true,false
idledger_base,idledger,base,true,R5,minimax-m3,3,D1,DONE_WHEN,done_when,false,true,false
idledger_base,idledger,base,true,R5,minimax-m3,3,X1,ERRORS,error,false,true,false
idledger_base,idledger,base,true,R5,minimax-m3,3,X2,ERRORS,error,false,true,false
idledger_base,idledger,base,true,R5,qwen3.7-max,1,C1,CONSTRAINT,constraint,false,true,false
idledger_base,idledger,base,true,R5,qwen3.7-max,1,C2,CONSTRAINT,constraint,false,true,false
idledger_base,idledger,base,true,R5,qwen3.7-max,1,R1,RULES,rule,false,true,false
idledger_base,idledger,base,true,R5,qwen3.7-max,1,R2,RULES,rule,false,true,false
idledger_base,idledger,base,true,R5,qwen3.7-max,1,R3,RULES,rule,false,false,false
idledger_base,idledger,base,true,R5,qwen3.7-max,1,R4,RULES,rule,false,true,false
idledger_base,idledger,base,true,R5,qwen3.7-max,1,R5,RULES,rule,true,true,false
idledger_base,idledger,base,true,R5,qwen3.7-max,1,R6,RULES,rule,false,true,false
idledger_base,idledger,base,true,R5,qwen3.7-max,1,R7,RULES,rule,false,true,false
idledger_base,idledger,base,true,R5,qwen3.7-max,1,R8,RULES,rule,false,true,false
idledger_base,idledger,base,true,R5,qwen3.7-max,1,D1,DONE_WHEN,done_when,false,false,false
idledger_base,idledger,base,true,R5,qwen3.7-max,1,X1,ERRORS,error,false,true,false
idledger_base,idledger,base,true,R5,qwen3.7-max,1,X2,ERRORS,error,false,true,false
idledger_base,idledger,base,true,R5,qwen3.7-max,2,C1,CONSTRAINT,constraint,false,true,false
idledger_base,idledger,base,true,R5,qwen3.7-max,2,C2,CONSTRAINT,constraint,false,true,false
idledger_base,idledger,base,true,R5,qwen3.7-max,2,R1,RULES,rule,false,true,false
idledger_base,idledger,base,true,R5,qwen3.7-max,2,R2,RULES,rule,false,true,false
idledger_base,idledger,base,true,R5,qwen3.7-max,2,R3,RULES,rule,false,false,false
idledger_base,idledger,base,true,R5,qwen3.7-max,2,R4,RULES,rule,false,true,false
idledger_base,idledger,base,true,R5,qwen3.7-max,2,R5,RULES,rule,true,true,false
idledger_base,idledger,base,true,R5,qwen3.7-max,2,R6,RULES,rule,false,true,false
idledger_base,idledger,base,true,R5,qwen3.7-max,2,R7,RULES,rule,false,true,false
idledger_base,idledger,base,true,R5,qwen3.7-max,2,R8,RULES,rule,false,true,false
idledger_base,idledger,base,true,R5,qwen3.7-max,2,D1,DONE_WHEN,done_when,false,false,false
idledger_base,idledger,base,true,R5,qwen3.7-max,2,X1,ERRORS,error,false,true,false
idledger_base,idledger,base,true,R5,qwen3.7-max,2,X2,ERRORS,error,false,true,false
idledger_base,idledger,base,true,R5,qwen3.7-max,3,C1,CONSTRAINT,constraint,false,true,false
idledger_base,idledger,base,true,R5,qwen3.7-max,3,C2,CONSTRAINT,constraint,false,true,false
idledger_base,idledger,base,true,R5,qwen3.7-max,3,R1,RULES,rule,false,true,false
idledger_base,idledger,base,true,R5,qwen3.7-max,3,R2,RULES,rule,false,true,false
idledger_base,idledger,base,true,R5,qwen3.7-max,3,R3,RULES,rule,false,true,false
idledger_base,idledger,base,true,R5,qwen3.7-max,3,R4,RULES,rule,false,true,false
idledger_base,idledger,base,true,R5,qwen3.7-max,3,R5,RULES,rule,true,true,false
idledger_base,idledger,base,true,R5,qwen3.7-max,3,R6,RULES,rule,false,true,false
idledger_base,idledger,base,true,R5,qwen3.7-max,3,R7,RULES,rule,false,true,false
idledger_base,idledger,base,true,R5,qwen3.7-max,3,R8,RULES,rule,false,true,false
idledger_base,idledger,base,true,R5,qwen3.7-max,3,D1,DONE_WHEN,done_when,false,true,false
idledger_base,idledger,base,true,R5,qwen3.7-max,3,X1,ERRORS,error,false,true,false
idledger_base,idledger,base,true,R5,qwen3.7-max,3,X2,ERRORS,error,false,true,false
idledger_firstwins,idledger,firstwins,false,R5,glm-5.2,1,C1,CONSTRAINT,constraint,false,true,false
idledger_firstwins,idledger,firstwins,false,R5,glm-5.2,1,C2,CONSTRAINT,constraint,false,true,false
idledger_firstwins,idledger,firstwins,false,R5,glm-5.2,1,R1,RULES,rule,false,true,false
idledger_firstwins,idledger,firstwins,false,R5,glm-5.2,1,R2,RULES,rule,false,true,false
idledger_firstwins,idledger,firstwins,false,R5,glm-5.2,1,R3,RULES,rule,false,true,false
idledger_firstwins,idledger,firstwins,false,R5,glm-5.2,1,R4,RULES,rule,false,true,false
idledger_firstwins,idledger,firstwins,false,R5,glm-5.2,1,R5,RULES,rule,true,true,false
idledger_firstwins,idledger,firstwins,false,R5,glm-5.2,1,R6,RULES,rule,false,true,false
idledger_firstwins,idledger,firstwins,false,R5,glm-5.2,1,R7,RULES,rule,false,true,false
idledger_firstwins,idledger,firstwins,false,R5,glm-5.2,1,R8,RULES,rule,false,true,false
idledger_firstwins,idledger,firstwins,false,R5,glm-5.2,1,D1,DONE_WHEN,done_when,false,true,false
idledger_firstwins,idledger,firstwins,false,R5,glm-5.2,1,X1,ERRORS,error,false,true,false
idledger_firstwins,idledger,firstwins,false,R5,glm-5.2,1,X2,ERRORS,error,false,true,false
idledger_firstwins,idledger,firstwins,false,R5,glm-5.2,2,C1,CONSTRAINT,constraint,false,true,false
idledger_firstwins,idledger,firstwins,false,R5,glm-5.2,2,C2,CONSTRAINT,constraint,false,true,false
idledger_firstwins,idledger,firstwins,false,R5,glm-5.2,2,R1,RULES,rule,false,true,false
idledger_firstwins,idledger,firstwins,false,R5,glm-5.2,2,R2,RULES,rule,false,true,false
idledger_firstwins,idledger,firstwins,false,R5,glm-5.2,2,R3,RULES,rule,false,true,false
idledger_firstwins,idledger,firstwins,false,R5,glm-5.2,2,R4,RULES,rule,false,true,false
idledger_firstwins,idledger,firstwins,false,R5,glm-5.2,2,R5,RULES,rule,true,true,false
idledger_firstwins,idledger,firstwins,false,R5,glm-5.2,2,R6,RULES,rule,false,true,false
idledger_firstwins,idledger,firstwins,false,R5,glm-5.2,2,R7,RULES,rule,false,true,false
idledger_firstwins,idledger,firstwins,false,R5,glm-5.2,2,R8,RULES,rule,false,true,false
idledger_firstwins,idledger,firstwins,false,R5,glm-5.2,2,D1,DONE_WHEN,done_when,false,true,false
idledger_firstwins,idledger,firstwins,false,R5,glm-5.2,2,X1,ERRORS,error,false,true,false
idledger_firstwins,idledger,firstwins,false,R5,glm-5.2,2,X2,ERRORS,error,false,true,false
idledger_firstwins,idledger,firstwins,false,R5,glm-5.2,3,C1,CONSTRAINT,constraint,false,true,false
idledger_firstwins,idledger,firstwins,false,R5,glm-5.2,3,C2,CONSTRAINT,constraint,false,true,false
idledger_firstwins,idledger,firstwins,false,R5,glm-5.2,3,R1,RULES,rule,false,true,false
idledger_firstwins,idledger,firstwins,false,R5,glm-5.2,3,R2,RULES,rule,false,false,false
idledger_firstwins,idledger,firstwins,false,R5,glm-5.2,3,R3,RULES,rule,false,true,false
idledger_firstwins,idledger,firstwins,false,R5,glm-5.2,3,R4,RULES,rule,false,true,false
idledger_firstwins,idledger,firstwins,false,R5,glm-5.2,3,R5,RULES,rule,true,true,false
idledger_firstwins,idledger,firstwins,false,R5,glm-5.2,3,R6,RULES,rule,false,true,false
idledger_firstwins,idledger,firstwins,false,R5,glm-5.2,3,R7,RULES,rule,false,true,false
idledger_firstwins,idledger,firstwins,false,R5,glm-5.2,3,R8,RULES,rule,false,true,false
idledger_firstwins,idledger,firstwins,false,R5,glm-5.2,3,D1,DONE_WHEN,done_when,false,true,false
idledger_firstwins,idledger,firstwins,false,R5,glm-5.2,3,X1,ERRORS,error,false,true,false
idledger_firstwins,idledger,firstwins,false,R5,glm-5.2,3,X2,ERRORS,error,false,true,false
idledger_firstwins,idledger,firstwins,false,R5,minimax-m3,1,C1,CONSTRAINT,constraint,false,true,false
idledger_firstwins,idledger,firstwins,false,R5,minimax-m3,1,C2,CONSTRAINT,constraint,false,true,false
idledger_firstwins,idledger,firstwins,false,R5,minimax-m3,1,R1,RULES,rule,false,true,false
idledger_firstwins,idledger,firstwins,false,R5,minimax-m3,1,R2,RULES,rule,false,true,false
idledger_firstwins,idledger,firstwins,false,R5,minimax-m3,1,R3,RULES,rule,false,true,false
idledger_firstwins,idledger,firstwins,false,R5,minimax-m3,1,R4,RULES,rule,false,true,false
idledger_firstwins,idledger,firstwins,false,R5,minimax-m3,1,R5,RULES,rule,true,true,false
idledger_firstwins,idledger,firstwins,false,R5,minimax-m3,1,R6,RULES,rule,false,true,false
idledger_firstwins,idledger,firstwins,false,R5,minimax-m3,1,R7,RULES,rule,false,true,false
idledger_firstwins,idledger,firstwins,false,R5,minimax-m3,1,R8,RULES,rule,false,true,false
idledger_firstwins,idledger,firstwins,false,R5,minimax-m3,1,D1,DONE_WHEN,done_when,false,true,false
idledger_firstwins,idledger,firstwins,false,R5,minimax-m3,1,X1,ERRORS,error,false,true,false
idledger_firstwins,idledger,firstwins,false,R5,minimax-m3,1,X2,ERRORS,error,false,true,false
idledger_firstwins,idledger,firstwins,false,R5,minimax-m3,2,C1,CONSTRAINT,constraint,false,true,false
idledger_firstwins,idledger,firstwins,false,R5,minimax-m3,2,C2,CONSTRAINT,constraint,false,true,false
idledger_firstwins,idledger,firstwins,false,R5,minimax-m3,2,R1,RULES,rule,false,true,false
idledger_firstwins,idledger,firstwins,false,R5,minimax-m3,2,R2,RULES,rule,false,true,false
idledger_firstwins,idledger,firstwins,false,R5,minimax-m3,2,R3,RULES,rule,false,true,false
idledger_firstwins,idledger,firstwins,false,R5,minimax-m3,2,R4,RULES,rule,false,true,false
idledger_firstwins,idledger,firstwins,false,R5,minimax-m3,2,R5,RULES,rule,true,true,false
idledger_firstwins,idledger,firstwins,false,R5,minimax-m3,2,R6,RULES,rule,false,true,false
idledger_firstwins,idledger,firstwins,false,R5,minimax-m3,2,R7,RULES,rule,false,true,false
idledger_firstwins,idledger,firstwins,false,R5,minimax-m3,2,R8,RULES,rule,false,true,false
idledger_firstwins,idledger,firstwins,false,R5,minimax-m3,2,D1,DONE_WHEN,done_when,false,true,false
idledger_firstwins,idledger,firstwins,false,R5,minimax-m3,2,X1,ERRORS,error,false,true,false
idledger_firstwins,idledger,firstwins,false,R5,minimax-m3,2,X2,ERRORS,error,false,true,false
idledger_firstwins,idledger,firstwins,false,R5,minimax-m3,3,C1,CONSTRAINT,constraint,false,true,false
idledger_firstwins,idledger,firstwins,false,R5,minimax-m3,3,C2,CONSTRAINT,constraint,false,true,false
idledger_firstwins,idledger,firstwins,false,R5,minimax-m3,3,R1,RULES,rule,false,true,false
idledger_firstwins,idledger,firstwins,false,R5,minimax-m3,3,R2,RULES,rule,false,true,false
idledger_firstwins,idledger,firstwins,false,R5,minimax-m3,3,R3,RULES,rule,false,true,false
idledger_firstwins,idledger,firstwins,false,R5,minimax-m3,3,R4,RULES,rule,false,false,false
idledger_firstwins,idledger,firstwins,false,R5,minimax-m3,3,R5,RULES,rule,true,true,false
idledger_firstwins,idledger,firstwins,false,R5,minimax-m3,3,R6,RULES,rule,false,true,false
idledger_firstwins,idledger,firstwins,false,R5,minimax-m3,3,R7,RULES,rule,false,true,false
idledger_firstwins,idledger,firstwins,false,R5,minimax-m3,3,R8,RULES,rule,false,true,false
idledger_firstwins,idledger,firstwins,false,R5,minimax-m3,3,D1,DONE_WHEN,done_when,false,true,false
idledger_firstwins,idledger,firstwins,false,R5,minimax-m3,3,X1,ERRORS,error,false,true,false
idledger_firstwins,idledger,firstwins,false,R5,minimax-m3,3,X2,ERRORS,error,false,true,false
idledger_firstwins,idledger,firstwins,false,R5,qwen3.7-max,1,C1,CONSTRAINT,constraint,false,true,false
idledger_firstwins,idledger,firstwins,false,R5,qwen3.7-max,1,C2,CONSTRAINT,constraint,false,true,false
idledger_firstwins,idledger,firstwins,false,R5,qwen3.7-max,1,R1,RULES,rule,false,true,false
idledger_firstwins,idledger,firstwins,false,R5,qwen3.7-max,1,R2,RULES,rule,false,true,false
idledger_firstwins,idledger,firstwins,false,R5,qwen3.7-max,1,R3,RULES,rule,false,false,false
idledger_firstwins,idledger,firstwins,false,R5,qwen3.7-max,1,R4,RULES,rule,false,false,false
idledger_firstwins,idledger,firstwins,false,R5,qwen3.7-max,1,R5,RULES,rule,true,true,false
idledger_firstwins,idledger,firstwins,false,R5,qwen3.7-max,1,R6,RULES,rule,false,true,false
idledger_firstwins,idledger,firstwins,false,R5,qwen3.7-max,1,R7,RULES,rule,false,true,false
idledger_firstwins,idledger,firstwins,false,R5,qwen3.7-max,1,R8,RULES,rule,false,true,false
idledger_firstwins,idledger,firstwins,false,R5,qwen3.7-max,1,D1,DONE_WHEN,done_when,false,false,false
idledger_firstwins,idledger,firstwins,false,R5,qwen3.7-max,1,X1,ERRORS,error,false,true,false
idledger_firstwins,idledger,firstwins,false,R5,qwen3.7-max,1,X2,ERRORS,error,false,true,false
idledger_firstwins,idledger,firstwins,false,R5,qwen3.7-max,2,C1,CONSTRAINT,constraint,false,true,false
idledger_firstwins,idledger,firstwins,false,R5,qwen3.7-max,2,C2,CONSTRAINT,constraint,false,true,false
idledger_firstwins,idledger,firstwins,false,R5,qwen3.7-max,2,R1,RULES,rule,false,true,false
idledger_firstwins,idledger,firstwins,false,R5,qwen3.7-max,2,R2,RULES,rule,false,true,false
idledger_firstwins,idledger,firstwins,false,R5,qwen3.7-max,2,R3,RULES,rule,false,false,false
idledger_firstwins,idledger,firstwins,false,R5,qwen3.7-max,2,R4,RULES,rule,false,false,false
idledger_firstwins,idledger,firstwins,false,R5,qwen3.7-max,2,R5,RULES,rule,true,true,false
idledger_firstwins,idledger,firstwins,false,R5,qwen3.7-max,2,R6,RULES,rule,false,true,false
idledger_firstwins,idledger,firstwins,false,R5,qwen3.7-max,2,R7,RULES,rule,false,true,false
idledger_firstwins,idledger,firstwins,false,R5,qwen3.7-max,2,R8,RULES,rule,false,true,false
idledger_firstwins,idledger,firstwins,false,R5,qwen3.7-max,2,D1,DONE_WHEN,done_when,false,false,false
idledger_firstwins,idledger,firstwins,false,R5,qwen3.7-max,2,X1,ERRORS,error,false,true,false
idledger_firstwins,idledger,firstwins,false,R5,qwen3.7-max,2,X2,ERRORS,error,false,true,false
idledger_firstwins,idledger,firstwins,false,R5,qwen3.7-max,3,C1,CONSTRAINT,constraint,false,true,false
idledger_firstwins,idledger,firstwins,false,R5,qwen3.7-max,3,C2,CONSTRAINT,constraint,false,true,false
idledger_firstwins,idledger,firstwins,false,R5,qwen3.7-max,3,R1,RULES,rule,false,true,false
idledger_firstwins,idledger,firstwins,false,R5,qwen3.7-max,3,R2,RULES,rule,false,true,false
idledger_firstwins,idledger,firstwins,false,R5,qwen3.7-max,3,R3,RULES,rule,false,false,false
idledger_firstwins,idledger,firstwins,false,R5,qwen3.7-max,3,R4,RULES,rule,false,true,false
idledger_firstwins,idledger,firstwins,false,R5,qwen3.7-max,3,R5,RULES,rule,true,true,false
idledger_firstwins,idledger,firstwins,false,R5,qwen3.7-max,3,R6,RULES,rule,false,true,false
idledger_firstwins,idledger,firstwins,false,R5,qwen3.7-max,3,R7,RULES,rule,false,true,false
idledger_firstwins,idledger,firstwins,false,R5,qwen3.7-max,3,R8,RULES,rule,false,true,false
idledger_firstwins,idledger,firstwins,false,R5,qwen3.7-max,3,D1,DONE_WHEN,done_when,false,false,false
idledger_firstwins,idledger,firstwins,false,R5,qwen3.7-max,3,X1,ERRORS,error,false,true,false
idledger_firstwins,idledger,firstwins,false,R5,qwen3.7-max,3,X2,ERRORS,error,false,true,false
idledger_lastwins,idledger,lastwins,false,R5,glm-5.2,1,C1,CONSTRAINT,constraint,false,false,true
idledger_lastwins,idledger,lastwins,false,R5,glm-5.2,1,C2,CONSTRAINT,constraint,false,false,true
idledger_lastwins,idledger,lastwins,false,R5,glm-5.2,1,R1,RULES,rule,false,false,true
idledger_lastwins,idledger,lastwins,false,R5,glm-5.2,1,R2,RULES,rule,false,false,true
idledger_lastwins,idledger,lastwins,false,R5,glm-5.2,1,R3,RULES,rule,false,false,true
idledger_lastwins,idledger,lastwins,false,R5,glm-5.2,1,R4,RULES,rule,false,false,true
idledger_lastwins,idledger,lastwins,false,R5,glm-5.2,1,R5,RULES,rule,true,false,true
idledger_lastwins,idledger,lastwins,false,R5,glm-5.2,1,R6,RULES,rule,false,false,true
idledger_lastwins,idledger,lastwins,false,R5,glm-5.2,1,R7,RULES,rule,false,false,true
idledger_lastwins,idledger,lastwins,false,R5,glm-5.2,1,R8,RULES,rule,false,false,true
idledger_lastwins,idledger,lastwins,false,R5,glm-5.2,1,D1,DONE_WHEN,done_when,false,false,true
idledger_lastwins,idledger,lastwins,false,R5,glm-5.2,1,X1,ERRORS,error,false,false,true
idledger_lastwins,idledger,lastwins,false,R5,glm-5.2,1,X2,ERRORS,error,false,false,true
idledger_lastwins,idledger,lastwins,false,R5,glm-5.2,2,C1,CONSTRAINT,constraint,false,true,false
idledger_lastwins,idledger,lastwins,false,R5,glm-5.2,2,C2,CONSTRAINT,constraint,false,true,false
idledger_lastwins,idledger,lastwins,false,R5,glm-5.2,2,R1,RULES,rule,false,true,false
idledger_lastwins,idledger,lastwins,false,R5,glm-5.2,2,R2,RULES,rule,false,false,false
idledger_lastwins,idledger,lastwins,false,R5,glm-5.2,2,R3,RULES,rule,false,true,false
idledger_lastwins,idledger,lastwins,false,R5,glm-5.2,2,R4,RULES,rule,false,true,false
idledger_lastwins,idledger,lastwins,false,R5,glm-5.2,2,R5,RULES,rule,true,true,false
idledger_lastwins,idledger,lastwins,false,R5,glm-5.2,2,R6,RULES,rule,false,true,false
idledger_lastwins,idledger,lastwins,false,R5,glm-5.2,2,R7,RULES,rule,false,true,false
idledger_lastwins,idledger,lastwins,false,R5,glm-5.2,2,R8,RULES,rule,false,true,false
idledger_lastwins,idledger,lastwins,false,R5,glm-5.2,2,D1,DONE_WHEN,done_when,false,true,false
idledger_lastwins,idledger,lastwins,false,R5,glm-5.2,2,X1,ERRORS,error,false,true,false
idledger_lastwins,idledger,lastwins,false,R5,glm-5.2,2,X2,ERRORS,error,false,true,false
idledger_lastwins,idledger,lastwins,false,R5,glm-5.2,3,C1,CONSTRAINT,constraint,false,true,false
idledger_lastwins,idledger,lastwins,false,R5,glm-5.2,3,C2,CONSTRAINT,constraint,false,true,false
idledger_lastwins,idledger,lastwins,false,R5,glm-5.2,3,R1,RULES,rule,false,true,false
idledger_lastwins,idledger,lastwins,false,R5,glm-5.2,3,R2,RULES,rule,false,true,false
idledger_lastwins,idledger,lastwins,false,R5,glm-5.2,3,R3,RULES,rule,false,true,false
idledger_lastwins,idledger,lastwins,false,R5,glm-5.2,3,R4,RULES,rule,false,true,false
idledger_lastwins,idledger,lastwins,false,R5,glm-5.2,3,R5,RULES,rule,true,false,false
idledger_lastwins,idledger,lastwins,false,R5,glm-5.2,3,R6,RULES,rule,false,true,false
idledger_lastwins,idledger,lastwins,false,R5,glm-5.2,3,R7,RULES,rule,false,true,false
idledger_lastwins,idledger,lastwins,false,R5,glm-5.2,3,R8,RULES,rule,false,true,false
idledger_lastwins,idledger,lastwins,false,R5,glm-5.2,3,D1,DONE_WHEN,done_when,false,true,false
idledger_lastwins,idledger,lastwins,false,R5,glm-5.2,3,X1,ERRORS,error,false,true,false
idledger_lastwins,idledger,lastwins,false,R5,glm-5.2,3,X2,ERRORS,error,false,true,false
idledger_lastwins,idledger,lastwins,false,R5,minimax-m3,1,C1,CONSTRAINT,constraint,false,true,false
idledger_lastwins,idledger,lastwins,false,R5,minimax-m3,1,C2,CONSTRAINT,constraint,false,true,false
idledger_lastwins,idledger,lastwins,false,R5,minimax-m3,1,R1,RULES,rule,false,true,false
idledger_lastwins,idledger,lastwins,false,R5,minimax-m3,1,R2,RULES,rule,false,true,false
idledger_lastwins,idledger,lastwins,false,R5,minimax-m3,1,R3,RULES,rule,false,true,false
idledger_lastwins,idledger,lastwins,false,R5,minimax-m3,1,R4,RULES,rule,false,true,false
idledger_lastwins,idledger,lastwins,false,R5,minimax-m3,1,R5,RULES,rule,true,true,false
idledger_lastwins,idledger,lastwins,false,R5,minimax-m3,1,R6,RULES,rule,false,true,false
idledger_lastwins,idledger,lastwins,false,R5,minimax-m3,1,R7,RULES,rule,false,true,false
idledger_lastwins,idledger,lastwins,false,R5,minimax-m3,1,R8,RULES,rule,false,true,false
idledger_lastwins,idledger,lastwins,false,R5,minimax-m3,1,D1,DONE_WHEN,done_when,false,true,false
idledger_lastwins,idledger,lastwins,false,R5,minimax-m3,1,X1,ERRORS,error,false,true,false
idledger_lastwins,idledger,lastwins,false,R5,minimax-m3,1,X2,ERRORS,error,false,true,false
idledger_lastwins,idledger,lastwins,false,R5,minimax-m3,2,C1,CONSTRAINT,constraint,false,true,false
idledger_lastwins,idledger,lastwins,false,R5,minimax-m3,2,C2,CONSTRAINT,constraint,false,true,false
idledger_lastwins,idledger,lastwins,false,R5,minimax-m3,2,R1,RULES,rule,false,true,false
idledger_lastwins,idledger,lastwins,false,R5,minimax-m3,2,R2,RULES,rule,false,true,false
idledger_lastwins,idledger,lastwins,false,R5,minimax-m3,2,R3,RULES,rule,false,true,false
idledger_lastwins,idledger,lastwins,false,R5,minimax-m3,2,R4,RULES,rule,false,true,false
idledger_lastwins,idledger,lastwins,false,R5,minimax-m3,2,R5,RULES,rule,true,true,false
idledger_lastwins,idledger,lastwins,false,R5,minimax-m3,2,R6,RULES,rule,false,true,false
idledger_lastwins,idledger,lastwins,false,R5,minimax-m3,2,R7,RULES,rule,false,true,false
idledger_lastwins,idledger,lastwins,false,R5,minimax-m3,2,R8,RULES,rule,false,true,false
idledger_lastwins,idledger,lastwins,false,R5,minimax-m3,2,D1,DONE_WHEN,done_when,false,true,false
idledger_lastwins,idledger,lastwins,false,R5,minimax-m3,2,X1,ERRORS,error,false,true,false
idledger_lastwins,idledger,lastwins,false,R5,minimax-m3,2,X2,ERRORS,error,false,true,false
idledger_lastwins,idledger,lastwins,false,R5,minimax-m3,3,C1,CONSTRAINT,constraint,false,true,false
idledger_lastwins,idledger,lastwins,false,R5,minimax-m3,3,C2,CONSTRAINT,constraint,false,true,false
idledger_lastwins,idledger,lastwins,false,R5,minimax-m3,3,R1,RULES,rule,false,true,false
idledger_lastwins,idledger,lastwins,false,R5,minimax-m3,3,R2,RULES,rule,false,true,false
idledger_lastwins,idledger,lastwins,false,R5,minimax-m3,3,R3,RULES,rule,false,true,false
idledger_lastwins,idledger,lastwins,false,R5,minimax-m3,3,R4,RULES,rule,false,true,false
idledger_lastwins,idledger,lastwins,false,R5,minimax-m3,3,R5,RULES,rule,true,false,false
idledger_lastwins,idledger,lastwins,false,R5,minimax-m3,3,R6,RULES,rule,false,true,false
idledger_lastwins,idledger,lastwins,false,R5,minimax-m3,3,R7,RULES,rule,false,true,false
idledger_lastwins,idledger,lastwins,false,R5,minimax-m3,3,R8,RULES,rule,false,true,false
idledger_lastwins,idledger,lastwins,false,R5,minimax-m3,3,D1,DONE_WHEN,done_when,false,true,false
idledger_lastwins,idledger,lastwins,false,R5,minimax-m3,3,X1,ERRORS,error,false,true,false
idledger_lastwins,idledger,lastwins,false,R5,minimax-m3,3,X2,ERRORS,error,false,true,false
idledger_lastwins,idledger,lastwins,false,R5,qwen3.7-max,1,C1,CONSTRAINT,constraint,false,true,false
idledger_lastwins,idledger,lastwins,false,R5,qwen3.7-max,1,C2,CONSTRAINT,constraint,false,true,false
idledger_lastwins,idledger,lastwins,false,R5,qwen3.7-max,1,R1,RULES,rule,false,true,false
idledger_lastwins,idledger,lastwins,false,R5,qwen3.7-max,1,R2,RULES,rule,false,true,false
idledger_lastwins,idledger,lastwins,false,R5,qwen3.7-max,1,R3,RULES,rule,false,false,false
idledger_lastwins,idledger,lastwins,false,R5,qwen3.7-max,1,R4,RULES,rule,false,true,false
idledger_lastwins,idledger,lastwins,false,R5,qwen3.7-max,1,R5,RULES,rule,true,false,false
idledger_lastwins,idledger,lastwins,false,R5,qwen3.7-max,1,R6,RULES,rule,false,true,false
idledger_lastwins,idledger,lastwins,false,R5,qwen3.7-max,1,R7,RULES,rule,false,true,false
idledger_lastwins,idledger,lastwins,false,R5,qwen3.7-max,1,R8,RULES,rule,false,true,false
idledger_lastwins,idledger,lastwins,false,R5,qwen3.7-max,1,D1,DONE_WHEN,done_when,false,false,false
idledger_lastwins,idledger,lastwins,false,R5,qwen3.7-max,1,X1,ERRORS,error,false,true,false
idledger_lastwins,idledger,lastwins,false,R5,qwen3.7-max,1,X2,ERRORS,error,false,true,false
idledger_lastwins,idledger,lastwins,false,R5,qwen3.7-max,2,C1,CONSTRAINT,constraint,false,true,false
idledger_lastwins,idledger,lastwins,false,R5,qwen3.7-max,2,C2,CONSTRAINT,constraint,false,true,false
idledger_lastwins,idledger,lastwins,false,R5,qwen3.7-max,2,R1,RULES,rule,false,true,false
idledger_lastwins,idledger,lastwins,false,R5,qwen3.7-max,2,R2,RULES,rule,false,true,false
idledger_lastwins,idledger,lastwins,false,R5,qwen3.7-max,2,R3,RULES,rule,false,true,false
idledger_lastwins,idledger,lastwins,false,R5,qwen3.7-max,2,R4,RULES,rule,false,true,false
idledger_lastwins,idledger,lastwins,false,R5,qwen3.7-max,2,R5,RULES,rule,true,true,false
idledger_lastwins,idledger,lastwins,false,R5,qwen3.7-max,2,R6,RULES,rule,false,true,false
idledger_lastwins,idledger,lastwins,false,R5,qwen3.7-max,2,R7,RULES,rule,false,true,false
idledger_lastwins,idledger,lastwins,false,R5,qwen3.7-max,2,R8,RULES,rule,false,true,false
idledger_lastwins,idledger,lastwins,false,R5,qwen3.7-max,2,D1,DONE_WHEN,done_when,false,true,false
idledger_lastwins,idledger,lastwins,false,R5,qwen3.7-max,2,X1,ERRORS,error,false,true,false
idledger_lastwins,idledger,lastwins,false,R5,qwen3.7-max,2,X2,ERRORS,error,false,true,false
idledger_lastwins,idledger,lastwins,false,R5,qwen3.7-max,3,C1,CONSTRAINT,constraint,false,true,false
idledger_lastwins,idledger,lastwins,false,R5,qwen3.7-max,3,C2,CONSTRAINT,constraint,false,true,false
idledger_lastwins,idledger,lastwins,false,R5,qwen3.7-max,3,R1,RULES,rule,false,true,false
idledger_lastwins,idledger,lastwins,false,R5,qwen3.7-max,3,R2,RULES,rule,false,true,false
idledger_lastwins,idledger,lastwins,false,R5,qwen3.7-max,3,R3,RULES,rule,false,false,false
idledger_lastwins,idledger,lastwins,false,R5,qwen3.7-max,3,R4,RULES,rule,false,true,false
idledger_lastwins,idledger,lastwins,false,R5,qwen3.7-max,3,R5,RULES,rule,true,true,false
idledger_lastwins,idledger,lastwins,false,R5,qwen3.7-max,3,R6,RULES,rule,false,true,false
idledger_lastwins,idledger,lastwins,false,R5,qwen3.7-max,3,R7,RULES,rule,false,true,false
idledger_lastwins,idledger,lastwins,false,R5,qwen3.7-max,3,R8,RULES,rule,false,true,false
idledger_lastwins,idledger,lastwins,false,R5,qwen3.7-max,3,D1,DONE_WHEN,done_when,false,false,false
idledger_lastwins,idledger,lastwins,false,R5,qwen3.7-max,3,X1,ERRORS,error,false,true,false
idledger_lastwins,idledger,lastwins,false,R5,qwen3.7-max,3,X2,ERRORS,error,false,true,false
tokenquota_base,tokenquota,base,true,R4,glm-5.2,1,C1,CONSTRAINT,constraint,false,false,false
tokenquota_base,tokenquota,base,true,R4,glm-5.2,1,R1,RULES,rule,false,true,false
tokenquota_base,tokenquota,base,true,R4,glm-5.2,1,R2,RULES,rule,false,true,false
tokenquota_base,tokenquota,base,true,R4,glm-5.2,1,R3,RULES,rule,false,false,false
tokenquota_base,tokenquota,base,true,R4,glm-5.2,1,R4,RULES,rule,true,true,false
tokenquota_base,tokenquota,base,true,R4,glm-5.2,1,R5,RULES,rule,false,true,false
tokenquota_base,tokenquota,base,true,R4,glm-5.2,1,R6,RULES,rule,false,false,false
tokenquota_base,tokenquota,base,true,R4,glm-5.2,1,R7,RULES,rule,false,true,false
tokenquota_base,tokenquota,base,true,R4,glm-5.2,1,D1,DONE_WHEN,done_when,false,true,false
tokenquota_base,tokenquota,base,true,R4,glm-5.2,1,X1,ERRORS,error,false,false,false
tokenquota_base,tokenquota,base,true,R4,glm-5.2,2,C1,CONSTRAINT,constraint,false,false,false
tokenquota_base,tokenquota,base,true,R4,glm-5.2,2,R1,RULES,rule,false,true,false
tokenquota_base,tokenquota,base,true,R4,glm-5.2,2,R2,RULES,rule,false,true,false
tokenquota_base,tokenquota,base,true,R4,glm-5.2,2,R3,RULES,rule,false,false,false
tokenquota_base,tokenquota,base,true,R4,glm-5.2,2,R4,RULES,rule,true,true,false
tokenquota_base,tokenquota,base,true,R4,glm-5.2,2,R5,RULES,rule,false,true,false
tokenquota_base,tokenquota,base,true,R4,glm-5.2,2,R6,RULES,rule,false,false,false
tokenquota_base,tokenquota,base,true,R4,glm-5.2,2,R7,RULES,rule,false,true,false
tokenquota_base,tokenquota,base,true,R4,glm-5.2,2,D1,DONE_WHEN,done_when,false,true,false
tokenquota_base,tokenquota,base,true,R4,glm-5.2,2,X1,ERRORS,error,false,false,false
tokenquota_base,tokenquota,base,true,R4,glm-5.2,3,C1,CONSTRAINT,constraint,false,false,false
tokenquota_base,tokenquota,base,true,R4,glm-5.2,3,R1,RULES,rule,false,true,false
tokenquota_base,tokenquota,base,true,R4,glm-5.2,3,R2,RULES,rule,false,true,false
tokenquota_base,tokenquota,base,true,R4,glm-5.2,3,R3,RULES,rule,false,false,false
tokenquota_base,tokenquota,base,true,R4,glm-5.2,3,R4,RULES,rule,true,true,false
tokenquota_base,tokenquota,base,true,R4,glm-5.2,3,R5,RULES,rule,false,true,false
tokenquota_base,tokenquota,base,true,R4,glm-5.2,3,R6,RULES,rule,false,false,false
tokenquota_base,tokenquota,base,true,R4,glm-5.2,3,R7,RULES,rule,false,true,false
tokenquota_base,tokenquota,base,true,R4,glm-5.2,3,D1,DONE_WHEN,done_when,false,true,false
tokenquota_base,tokenquota,base,true,R4,glm-5.2,3,X1,ERRORS,error,false,false,false
tokenquota_base,tokenquota,base,true,R4,minimax-m3,1,C1,CONSTRAINT,constraint,false,true,false
tokenquota_base,tokenquota,base,true,R4,minimax-m3,1,R1,RULES,rule,false,true,false
tokenquota_base,tokenquota,base,true,R4,minimax-m3,1,R2,RULES,rule,false,true,false
tokenquota_base,tokenquota,base,true,R4,minimax-m3,1,R3,RULES,rule,false,true,false
tokenquota_base,tokenquota,base,true,R4,minimax-m3,1,R4,RULES,rule,true,true,false
tokenquota_base,tokenquota,base,true,R4,minimax-m3,1,R5,RULES,rule,false,true,false
tokenquota_base,tokenquota,base,true,R4,minimax-m3,1,R6,RULES,rule,false,false,false
tokenquota_base,tokenquota,base,true,R4,minimax-m3,1,R7,RULES,rule,false,true,false
tokenquota_base,tokenquota,base,true,R4,minimax-m3,1,D1,DONE_WHEN,done_when,false,true,false
tokenquota_base,tokenquota,base,true,R4,minimax-m3,1,X1,ERRORS,error,false,false,false
tokenquota_base,tokenquota,base,true,R4,minimax-m3,2,C1,CONSTRAINT,constraint,false,false,false
tokenquota_base,tokenquota,base,true,R4,minimax-m3,2,R1,RULES,rule,false,true,false
tokenquota_base,tokenquota,base,true,R4,minimax-m3,2,R2,RULES,rule,false,true,false
tokenquota_base,tokenquota,base,true,R4,minimax-m3,2,R3,RULES,rule,false,false,false
tokenquota_base,tokenquota,base,true,R4,minimax-m3,2,R4,RULES,rule,true,true,false
tokenquota_base,tokenquota,base,true,R4,minimax-m3,2,R5,RULES,rule,false,true,false
tokenquota_base,tokenquota,base,true,R4,minimax-m3,2,R6,RULES,rule,false,false,false
tokenquota_base,tokenquota,base,true,R4,minimax-m3,2,R7,RULES,rule,false,true,false
tokenquota_base,tokenquota,base,true,R4,minimax-m3,2,D1,DONE_WHEN,done_when,false,true,false
tokenquota_base,tokenquota,base,true,R4,minimax-m3,2,X1,ERRORS,error,false,false,false
tokenquota_base,tokenquota,base,true,R4,minimax-m3,3,C1,CONSTRAINT,constraint,false,true,false
tokenquota_base,tokenquota,base,true,R4,minimax-m3,3,R1,RULES,rule,false,true,false
tokenquota_base,tokenquota,base,true,R4,minimax-m3,3,R2,RULES,rule,false,true,false
tokenquota_base,tokenquota,base,true,R4,minimax-m3,3,R3,RULES,rule,false,true,false
tokenquota_base,tokenquota,base,true,R4,minimax-m3,3,R4,RULES,rule,true,true,false
tokenquota_base,tokenquota,base,true,R4,minimax-m3,3,R5,RULES,rule,false,true,false
tokenquota_base,tokenquota,base,true,R4,minimax-m3,3,R6,RULES,rule,false,false,false
tokenquota_base,tokenquota,base,true,R4,minimax-m3,3,R7,RULES,rule,false,true,false
tokenquota_base,tokenquota,base,true,R4,minimax-m3,3,D1,DONE_WHEN,done_when,false,true,false
tokenquota_base,tokenquota,base,true,R4,minimax-m3,3,X1,ERRORS,error,false,false,false
tokenquota_base,tokenquota,base,true,R4,qwen3.7-max,1,C1,CONSTRAINT,constraint,false,false,false
tokenquota_base,tokenquota,base,true,R4,qwen3.7-max,1,R1,RULES,rule,false,true,false
tokenquota_base,tokenquota,base,true,R4,qwen3.7-max,1,R2,RULES,rule,false,true,false
tokenquota_base,tokenquota,base,true,R4,qwen3.7-max,1,R3,RULES,rule,false,false,false
tokenquota_base,tokenquota,base,true,R4,qwen3.7-max,1,R4,RULES,rule,true,true,false
tokenquota_base,tokenquota,base,true,R4,qwen3.7-max,1,R5,RULES,rule,false,true,false
tokenquota_base,tokenquota,base,true,R4,qwen3.7-max,1,R6,RULES,rule,false,false,false
tokenquota_base,tokenquota,base,true,R4,qwen3.7-max,1,R7,RULES,rule,false,true,false
tokenquota_base,tokenquota,base,true,R4,qwen3.7-max,1,D1,DONE_WHEN,done_when,false,true,false
tokenquota_base,tokenquota,base,true,R4,qwen3.7-max,1,X1,ERRORS,error,false,false,false
tokenquota_base,tokenquota,base,true,R4,qwen3.7-max,2,C1,CONSTRAINT,constraint,false,false,false
tokenquota_base,tokenquota,base,true,R4,qwen3.7-max,2,R1,RULES,rule,false,true,false
tokenquota_base,tokenquota,base,true,R4,qwen3.7-max,2,R2,RULES,rule,false,true,false
tokenquota_base,tokenquota,base,true,R4,qwen3.7-max,2,R3,RULES,rule,false,false,false
tokenquota_base,tokenquota,base,true,R4,qwen3.7-max,2,R4,RULES,rule,true,true,false
tokenquota_base,tokenquota,base,true,R4,qwen3.7-max,2,R5,RULES,rule,false,true,false
tokenquota_base,tokenquota,base,true,R4,qwen3.7-max,2,R6,RULES,rule,false,false,false
tokenquota_base,tokenquota,base,true,R4,qwen3.7-max,2,R7,RULES,rule,false,true,false
tokenquota_base,tokenquota,base,true,R4,qwen3.7-max,2,D1,DONE_WHEN,done_when,false,true,false
tokenquota_base,tokenquota,base,true,R4,qwen3.7-max,2,X1,ERRORS,error,false,false,false
tokenquota_base,tokenquota,base,true,R4,qwen3.7-max,3,C1,CONSTRAINT,constraint,false,true,false
tokenquota_base,tokenquota,base,true,R4,qwen3.7-max,3,R1,RULES,rule,false,true,false
tokenquota_base,tokenquota,base,true,R4,qwen3.7-max,3,R2,RULES,rule,false,true,false
tokenquota_base,tokenquota,base,true,R4,qwen3.7-max,3,R3,RULES,rule,false,true,false
tokenquota_base,tokenquota,base,true,R4,qwen3.7-max,3,R4,RULES,rule,true,true,false
tokenquota_base,tokenquota,base,true,R4,qwen3.7-max,3,R5,RULES,rule,false,true,false
tokenquota_base,tokenquota,base,true,R4,qwen3.7-max,3,R6,RULES,rule,false,false,false
tokenquota_base,tokenquota,base,true,R4,qwen3.7-max,3,R7,RULES,rule,false,true,false
tokenquota_base,tokenquota,base,true,R4,qwen3.7-max,3,D1,DONE_WHEN,done_when,false,true,false
tokenquota_base,tokenquota,base,true,R4,qwen3.7-max,3,X1,ERRORS,error,false,false,false
tokenquota_ceiling,tokenquota,ceiling,false,R4,glm-5.2,1,C1,CONSTRAINT,constraint,false,false,false
tokenquota_ceiling,tokenquota,ceiling,false,R4,glm-5.2,1,R1,RULES,rule,false,true,false
tokenquota_ceiling,tokenquota,ceiling,false,R4,glm-5.2,1,R2,RULES,rule,false,true,false
tokenquota_ceiling,tokenquota,ceiling,false,R4,glm-5.2,1,R3,RULES,rule,false,false,false
tokenquota_ceiling,tokenquota,ceiling,false,R4,glm-5.2,1,R4,RULES,rule,true,true,false
tokenquota_ceiling,tokenquota,ceiling,false,R4,glm-5.2,1,R5,RULES,rule,false,true,false
tokenquota_ceiling,tokenquota,ceiling,false,R4,glm-5.2,1,R6,RULES,rule,false,false,false
tokenquota_ceiling,tokenquota,ceiling,false,R4,glm-5.2,1,R7,RULES,rule,false,true,false
tokenquota_ceiling,tokenquota,ceiling,false,R4,glm-5.2,1,D1,DONE_WHEN,done_when,false,true,false
tokenquota_ceiling,tokenquota,ceiling,false,R4,glm-5.2,1,X1,ERRORS,error,false,false,false
tokenquota_ceiling,tokenquota,ceiling,false,R4,glm-5.2,2,C1,CONSTRAINT,constraint,false,true,false
tokenquota_ceiling,tokenquota,ceiling,false,R4,glm-5.2,2,R1,RULES,rule,false,true,false
tokenquota_ceiling,tokenquota,ceiling,false,R4,glm-5.2,2,R2,RULES,rule,false,true,false
tokenquota_ceiling,tokenquota,ceiling,false,R4,glm-5.2,2,R3,RULES,rule,false,true,false
tokenquota_ceiling,tokenquota,ceiling,false,R4,glm-5.2,2,R4,RULES,rule,true,true,false
tokenquota_ceiling,tokenquota,ceiling,false,R4,glm-5.2,2,R5,RULES,rule,false,true,false
tokenquota_ceiling,tokenquota,ceiling,false,R4,glm-5.2,2,R6,RULES,rule,false,false,false
tokenquota_ceiling,tokenquota,ceiling,false,R4,glm-5.2,2,R7,RULES,rule,false,true,false
tokenquota_ceiling,tokenquota,ceiling,false,R4,glm-5.2,2,D1,DONE_WHEN,done_when,false,true,false
tokenquota_ceiling,tokenquota,ceiling,false,R4,glm-5.2,2,X1,ERRORS,error,false,false,false
tokenquota_ceiling,tokenquota,ceiling,false,R4,glm-5.2,3,C1,CONSTRAINT,constraint,false,false,false
tokenquota_ceiling,tokenquota,ceiling,false,R4,glm-5.2,3,R1,RULES,rule,false,true,false
tokenquota_ceiling,tokenquota,ceiling,false,R4,glm-5.2,3,R2,RULES,rule,false,true,false
tokenquota_ceiling,tokenquota,ceiling,false,R4,glm-5.2,3,R3,RULES,rule,false,false,false
tokenquota_ceiling,tokenquota,ceiling,false,R4,glm-5.2,3,R4,RULES,rule,true,true,false
tokenquota_ceiling,tokenquota,ceiling,false,R4,glm-5.2,3,R5,RULES,rule,false,true,false
tokenquota_ceiling,tokenquota,ceiling,false,R4,glm-5.2,3,R6,RULES,rule,false,false,false
tokenquota_ceiling,tokenquota,ceiling,false,R4,glm-5.2,3,R7,RULES,rule,false,true,false
tokenquota_ceiling,tokenquota,ceiling,false,R4,glm-5.2,3,D1,DONE_WHEN,done_when,false,true,false
tokenquota_ceiling,tokenquota,ceiling,false,R4,glm-5.2,3,X1,ERRORS,error,false,false,false
tokenquota_ceiling,tokenquota,ceiling,false,R4,minimax-m3,1,C1,CONSTRAINT,constraint,false,false,false
tokenquota_ceiling,tokenquota,ceiling,false,R4,minimax-m3,1,R1,RULES,rule,false,true,false
tokenquota_ceiling,tokenquota,ceiling,false,R4,minimax-m3,1,R2,RULES,rule,false,true,false
tokenquota_ceiling,tokenquota,ceiling,false,R4,minimax-m3,1,R3,RULES,rule,false,false,false
tokenquota_ceiling,tokenquota,ceiling,false,R4,minimax-m3,1,R4,RULES,rule,true,true,false
tokenquota_ceiling,tokenquota,ceiling,false,R4,minimax-m3,1,R5,RULES,rule,false,true,false
tokenquota_ceiling,tokenquota,ceiling,false,R4,minimax-m3,1,R6,RULES,rule,false,false,false
tokenquota_ceiling,tokenquota,ceiling,false,R4,minimax-m3,1,R7,RULES,rule,false,true,false
tokenquota_ceiling,tokenquota,ceiling,false,R4,minimax-m3,1,D1,DONE_WHEN,done_when,false,true,false
tokenquota_ceiling,tokenquota,ceiling,false,R4,minimax-m3,1,X1,ERRORS,error,false,false,false
tokenquota_ceiling,tokenquota,ceiling,false,R4,minimax-m3,2,C1,CONSTRAINT,constraint,false,true,false
tokenquota_ceiling,tokenquota,ceiling,false,R4,minimax-m3,2,R1,RULES,rule,false,true,false
tokenquota_ceiling,tokenquota,ceiling,false,R4,minimax-m3,2,R2,RULES,rule,false,true,false
tokenquota_ceiling,tokenquota,ceiling,false,R4,minimax-m3,2,R3,RULES,rule,false,true,false
tokenquota_ceiling,tokenquota,ceiling,false,R4,minimax-m3,2,R4,RULES,rule,true,true,false
tokenquota_ceiling,tokenquota,ceiling,false,R4,minimax-m3,2,R5,RULES,rule,false,true,false
tokenquota_ceiling,tokenquota,ceiling,false,R4,minimax-m3,2,R6,RULES,rule,false,false,false
tokenquota_ceiling,tokenquota,ceiling,false,R4,minimax-m3,2,R7,RULES,rule,false,true,false
tokenquota_ceiling,tokenquota,ceiling,false,R4,minimax-m3,2,D1,DONE_WHEN,done_when,false,true,false
tokenquota_ceiling,tokenquota,ceiling,false,R4,minimax-m3,2,X1,ERRORS,error,false,false,false
tokenquota_ceiling,tokenquota,ceiling,false,R4,minimax-m3,3,C1,CONSTRAINT,constraint,false,true,false
tokenquota_ceiling,tokenquota,ceiling,false,R4,minimax-m3,3,R1,RULES,rule,false,true,false
tokenquota_ceiling,tokenquota,ceiling,false,R4,minimax-m3,3,R2,RULES,rule,false,true,false
tokenquota_ceiling,tokenquota,ceiling,false,R4,minimax-m3,3,R3,RULES,rule,false,true,false
tokenquota_ceiling,tokenquota,ceiling,false,R4,minimax-m3,3,R4,RULES,rule,true,true,false
tokenquota_ceiling,tokenquota,ceiling,false,R4,minimax-m3,3,R5,RULES,rule,false,true,false
tokenquota_ceiling,tokenquota,ceiling,false,R4,minimax-m3,3,R6,RULES,rule,false,false,false
tokenquota_ceiling,tokenquota,ceiling,false,R4,minimax-m3,3,R7,RULES,rule,false,true,false
tokenquota_ceiling,tokenquota,ceiling,false,R4,minimax-m3,3,D1,DONE_WHEN,done_when,false,true,false
tokenquota_ceiling,tokenquota,ceiling,false,R4,minimax-m3,3,X1,ERRORS,error,false,false,false
tokenquota_ceiling,tokenquota,ceiling,false,R4,qwen3.7-max,1,C1,CONSTRAINT,constraint,false,true,false
tokenquota_ceiling,tokenquota,ceiling,false,R4,qwen3.7-max,1,R1,RULES,rule,false,true,false
tokenquota_ceiling,tokenquota,ceiling,false,R4,qwen3.7-max,1,R2,RULES,rule,false,true,false
tokenquota_ceiling,tokenquota,ceiling,false,R4,qwen3.7-max,1,R3,RULES,rule,false,true,false
tokenquota_ceiling,tokenquota,ceiling,false,R4,qwen3.7-max,1,R4,RULES,rule,true,true,false
tokenquota_ceiling,tokenquota,ceiling,false,R4,qwen3.7-max,1,R5,RULES,rule,false,true,false
tokenquota_ceiling,tokenquota,ceiling,false,R4,qwen3.7-max,1,R6,RULES,rule,false,false,false
tokenquota_ceiling,tokenquota,ceiling,false,R4,qwen3.7-max,1,R7,RULES,rule,false,true,false
tokenquota_ceiling,tokenquota,ceiling,false,R4,qwen3.7-max,1,D1,DONE_WHEN,done_when,false,true,false
tokenquota_ceiling,tokenquota,ceiling,false,R4,qwen3.7-max,1,X1,ERRORS,error,false,false,false
tokenquota_ceiling,tokenquota,ceiling,false,R4,qwen3.7-max,2,C1,CONSTRAINT,constraint,false,true,false
tokenquota_ceiling,tokenquota,ceiling,false,R4,qwen3.7-max,2,R1,RULES,rule,false,true,false
tokenquota_ceiling,tokenquota,ceiling,false,R4,qwen3.7-max,2,R2,RULES,rule,false,true,false
tokenquota_ceiling,tokenquota,ceiling,false,R4,qwen3.7-max,2,R3,RULES,rule,false,true,false
tokenquota_ceiling,tokenquota,ceiling,false,R4,qwen3.7-max,2,R4,RULES,rule,true,true,false
tokenquota_ceiling,tokenquota,ceiling,false,R4,qwen3.7-max,2,R5,RULES,rule,false,true,false
tokenquota_ceiling,tokenquota,ceiling,false,R4,qwen3.7-max,2,R6,RULES,rule,false,false,false
tokenquota_ceiling,tokenquota,ceiling,false,R4,qwen3.7-max,2,R7,RULES,rule,false,true,false
tokenquota_ceiling,tokenquota,ceiling,false,R4,qwen3.7-max,2,D1,DONE_WHEN,done_when,false,true,false
tokenquota_ceiling,tokenquota,ceiling,false,R4,qwen3.7-max,2,X1,ERRORS,error,false,false,false
tokenquota_ceiling,tokenquota,ceiling,false,R4,qwen3.7-max,3,C1,CONSTRAINT,constraint,false,true,false
tokenquota_ceiling,tokenquota,ceiling,false,R4,qwen3.7-max,3,R1,RULES,rule,false,true,false
tokenquota_ceiling,tokenquota,ceiling,false,R4,qwen3.7-max,3,R2,RULES,rule,false,true,false
tokenquota_ceiling,tokenquota,ceiling,false,R4,qwen3.7-max,3,R3,RULES,rule,false,true,false
tokenquota_ceiling,tokenquota,ceiling,false,R4,qwen3.7-max,3,R4,RULES,rule,true,true,false
tokenquota_ceiling,tokenquota,ceiling,false,R4,qwen3.7-max,3,R5,RULES,rule,false,true,false
tokenquota_ceiling,tokenquota,ceiling,false,R4,qwen3.7-max,3,R6,RULES,rule,false,false,false
tokenquota_ceiling,tokenquota,ceiling,false,R4,qwen3.7-max,3,R7,RULES,rule,false,true,false
tokenquota_ceiling,tokenquota,ceiling,false,R4,qwen3.7-max,3,D1,DONE_WHEN,done_when,false,true,false
tokenquota_ceiling,tokenquota,ceiling,false,R4,qwen3.7-max,3,X1,ERRORS,error,false,false,false
tokenquota_floor,tokenquota,floor,false,R4,glm-5.2,1,C1,CONSTRAINT,constraint,false,true,false
tokenquota_floor,tokenquota,floor,false,R4,glm-5.2,1,R1,RULES,rule,false,true,false
tokenquota_floor,tokenquota,floor,false,R4,glm-5.2,1,R2,RULES,rule,false,true,false
tokenquota_floor,tokenquota,floor,false,R4,glm-5.2,1,R3,RULES,rule,false,true,false
tokenquota_floor,tokenquota,floor,false,R4,glm-5.2,1,R4,RULES,rule,true,true,false
tokenquota_floor,tokenquota,floor,false,R4,glm-5.2,1,R5,RULES,rule,false,true,false
tokenquota_floor,tokenquota,floor,false,R4,glm-5.2,1,R6,RULES,rule,false,false,false
tokenquota_floor,tokenquota,floor,false,R4,glm-5.2,1,R7,RULES,rule,false,true,false
tokenquota_floor,tokenquota,floor,false,R4,glm-5.2,1,D1,DONE_WHEN,done_when,false,true,false
tokenquota_floor,tokenquota,floor,false,R4,glm-5.2,1,X1,ERRORS,error,false,false,false
tokenquota_floor,tokenquota,floor,false,R4,glm-5.2,2,C1,CONSTRAINT,constraint,false,true,false
tokenquota_floor,tokenquota,floor,false,R4,glm-5.2,2,R1,RULES,rule,false,false,false
tokenquota_floor,tokenquota,floor,false,R4,glm-5.2,2,R2,RULES,rule,false,false,false
tokenquota_floor,tokenquota,floor,false,R4,glm-5.2,2,R3,RULES,rule,false,true,false
tokenquota_floor,tokenquota,floor,false,R4,glm-5.2,2,R4,RULES,rule,true,true,false
tokenquota_floor,tokenquota,floor,false,R4,glm-5.2,2,R5,RULES,rule,false,true,false
tokenquota_floor,tokenquota,floor,false,R4,glm-5.2,2,R6,RULES,rule,false,false,false
tokenquota_floor,tokenquota,floor,false,R4,glm-5.2,2,R7,RULES,rule,false,true,false
tokenquota_floor,tokenquota,floor,false,R4,glm-5.2,2,D1,DONE_WHEN,done_when,false,true,false
tokenquota_floor,tokenquota,floor,false,R4,glm-5.2,2,X1,ERRORS,error,false,false,false
tokenquota_floor,tokenquota,floor,false,R4,glm-5.2,3,C1,CONSTRAINT,constraint,false,false,false
tokenquota_floor,tokenquota,floor,false,R4,glm-5.2,3,R1,RULES,rule,false,true,false
tokenquota_floor,tokenquota,floor,false,R4,glm-5.2,3,R2,RULES,rule,false,true,false
tokenquota_floor,tokenquota,floor,false,R4,glm-5.2,3,R3,RULES,rule,false,false,false
tokenquota_floor,tokenquota,floor,false,R4,glm-5.2,3,R4,RULES,rule,true,true,false
tokenquota_floor,tokenquota,floor,false,R4,glm-5.2,3,R5,RULES,rule,false,true,false
tokenquota_floor,tokenquota,floor,false,R4,glm-5.2,3,R6,RULES,rule,false,false,false
tokenquota_floor,tokenquota,floor,false,R4,glm-5.2,3,R7,RULES,rule,false,true,false
tokenquota_floor,tokenquota,floor,false,R4,glm-5.2,3,D1,DONE_WHEN,done_when,false,true,false
tokenquota_floor,tokenquota,floor,false,R4,glm-5.2,3,X1,ERRORS,error,false,false,false
tokenquota_floor,tokenquota,floor,false,R4,minimax-m3,1,C1,CONSTRAINT,constraint,false,false,false
tokenquota_floor,tokenquota,floor,false,R4,minimax-m3,1,R1,RULES,rule,false,false,false
tokenquota_floor,tokenquota,floor,false,R4,minimax-m3,1,R2,RULES,rule,false,false,false
tokenquota_floor,tokenquota,floor,false,R4,minimax-m3,1,R3,RULES,rule,false,false,false
tokenquota_floor,tokenquota,floor,false,R4,minimax-m3,1,R4,RULES,rule,true,false,false
tokenquota_floor,tokenquota,floor,false,R4,minimax-m3,1,R5,RULES,rule,false,false,false
tokenquota_floor,tokenquota,floor,false,R4,minimax-m3,1,R6,RULES,rule,false,false,false
tokenquota_floor,tokenquota,floor,false,R4,minimax-m3,1,R7,RULES,rule,false,false,false
tokenquota_floor,tokenquota,floor,false,R4,minimax-m3,1,D1,DONE_WHEN,done_when,false,false,false
tokenquota_floor,tokenquota,floor,false,R4,minimax-m3,1,X1,ERRORS,error,false,false,false
tokenquota_floor,tokenquota,floor,false,R4,minimax-m3,2,C1,CONSTRAINT,constraint,false,true,false
tokenquota_floor,tokenquota,floor,false,R4,minimax-m3,2,R1,RULES,rule,false,true,false
tokenquota_floor,tokenquota,floor,false,R4,minimax-m3,2,R2,RULES,rule,false,true,false
tokenquota_floor,tokenquota,floor,false,R4,minimax-m3,2,R3,RULES,rule,false,true,false
tokenquota_floor,tokenquota,floor,false,R4,minimax-m3,2,R4,RULES,rule,true,true,false
tokenquota_floor,tokenquota,floor,false,R4,minimax-m3,2,R5,RULES,rule,false,true,false
tokenquota_floor,tokenquota,floor,false,R4,minimax-m3,2,R6,RULES,rule,false,false,false
tokenquota_floor,tokenquota,floor,false,R4,minimax-m3,2,R7,RULES,rule,false,true,false
tokenquota_floor,tokenquota,floor,false,R4,minimax-m3,2,D1,DONE_WHEN,done_when,false,true,false
tokenquota_floor,tokenquota,floor,false,R4,minimax-m3,2,X1,ERRORS,error,false,false,false
tokenquota_floor,tokenquota,floor,false,R4,minimax-m3,3,C1,CONSTRAINT,constraint,false,true,false
tokenquota_floor,tokenquota,floor,false,R4,minimax-m3,3,R1,RULES,rule,false,true,false
tokenquota_floor,tokenquota,floor,false,R4,minimax-m3,3,R2,RULES,rule,false,true,false
tokenquota_floor,tokenquota,floor,false,R4,minimax-m3,3,R3,RULES,rule,false,true,false
tokenquota_floor,tokenquota,floor,false,R4,minimax-m3,3,R4,RULES,rule,true,true,false
tokenquota_floor,tokenquota,floor,false,R4,minimax-m3,3,R5,RULES,rule,false,true,false
tokenquota_floor,tokenquota,floor,false,R4,minimax-m3,3,R6,RULES,rule,false,false,false
tokenquota_floor,tokenquota,floor,false,R4,minimax-m3,3,R7,RULES,rule,false,true,false
tokenquota_floor,tokenquota,floor,false,R4,minimax-m3,3,D1,DONE_WHEN,done_when,false,true,false
tokenquota_floor,tokenquota,floor,false,R4,minimax-m3,3,X1,ERRORS,error,false,false,false
tokenquota_floor,tokenquota,floor,false,R4,qwen3.7-max,1,C1,CONSTRAINT,constraint,false,false,false
tokenquota_floor,tokenquota,floor,false,R4,qwen3.7-max,1,R1,RULES,rule,false,false,false
tokenquota_floor,tokenquota,floor,false,R4,qwen3.7-max,1,R2,RULES,rule,false,false,false
tokenquota_floor,tokenquota,floor,false,R4,qwen3.7-max,1,R3,RULES,rule,false,false,false
tokenquota_floor,tokenquota,floor,false,R4,qwen3.7-max,1,R4,RULES,rule,true,true,false
tokenquota_floor,tokenquota,floor,false,R4,qwen3.7-max,1,R5,RULES,rule,false,true,false
tokenquota_floor,tokenquota,floor,false,R4,qwen3.7-max,1,R6,RULES,rule,false,false,false
tokenquota_floor,tokenquota,floor,false,R4,qwen3.7-max,1,R7,RULES,rule,false,true,false
tokenquota_floor,tokenquota,floor,false,R4,qwen3.7-max,1,D1,DONE_WHEN,done_when,false,true,false
tokenquota_floor,tokenquota,floor,false,R4,qwen3.7-max,1,X1,ERRORS,error,false,false,false
tokenquota_floor,tokenquota,floor,false,R4,qwen3.7-max,2,C1,CONSTRAINT,constraint,false,true,false
tokenquota_floor,tokenquota,floor,false,R4,qwen3.7-max,2,R1,RULES,rule,false,true,false
tokenquota_floor,tokenquota,floor,false,R4,qwen3.7-max,2,R2,RULES,rule,false,true,false
tokenquota_floor,tokenquota,floor,false,R4,qwen3.7-max,2,R3,RULES,rule,false,true,false
tokenquota_floor,tokenquota,floor,false,R4,qwen3.7-max,2,R4,RULES,rule,true,true,false
tokenquota_floor,tokenquota,floor,false,R4,qwen3.7-max,2,R5,RULES,rule,false,true,false
tokenquota_floor,tokenquota,floor,false,R4,qwen3.7-max,2,R6,RULES,rule,false,false,false
tokenquota_floor,tokenquota,floor,false,R4,qwen3.7-max,2,R7,RULES,rule,false,true,false
tokenquota_floor,tokenquota,floor,false,R4,qwen3.7-max,2,D1,DONE_WHEN,done_when,false,true,false
tokenquota_floor,tokenquota,floor,false,R4,qwen3.7-max,2,X1,ERRORS,error,false,false,false
tokenquota_floor,tokenquota,floor,false,R4,qwen3.7-max,3,C1,CONSTRAINT,constraint,false,true,false
tokenquota_floor,tokenquota,floor,false,R4,qwen3.7-max,3,R1,RULES,rule,false,true,false
tokenquota_floor,tokenquota,floor,false,R4,qwen3.7-max,3,R2,RULES,rule,false,true,false
tokenquota_floor,tokenquota,floor,false,R4,qwen3.7-max,3,R3,RULES,rule,false,true,false
tokenquota_floor,tokenquota,floor,false,R4,qwen3.7-max,3,R4,RULES,rule,true,true,false
tokenquota_floor,tokenquota,floor,false,R4,qwen3.7-max,3,R5,RULES,rule,false,true,false
tokenquota_floor,tokenquota,floor,false,R4,qwen3.7-max,3,R6,RULES,rule,false,false,false
tokenquota_floor,tokenquota,floor,false,R4,qwen3.7-max,3,R7,RULES,rule,false,true,false
tokenquota_floor,tokenquota,floor,false,R4,qwen3.7-max,3,D1,DONE_WHEN,done_when,false,true,false
tokenquota_floor,tokenquota,floor,false,R4,qwen3.7-max,3,X1,ERRORS,error,false,false,false
wirecodec_base,wirecodec,base,true,R6,glm-5.2,1,C1,CONSTRAINT,constraint,false,true,false
wirecodec_base,wirecodec,base,true,R6,glm-5.2,1,R1,RULES,rule,false,false,false
wirecodec_base,wirecodec,base,true,R6,glm-5.2,1,R2,RULES,rule,false,false,false
wirecodec_base,wirecodec,base,true,R6,glm-5.2,1,R3,RULES,rule,false,true,false
wirecodec_base,wirecodec,base,true,R6,glm-5.2,1,R4,RULES,rule,false,true,false
wirecodec_base,wirecodec,base,true,R6,glm-5.2,1,R5,RULES,rule,false,true,false
wirecodec_base,wirecodec,base,true,R6,glm-5.2,1,R6,RULES,rule,true,true,false
wirecodec_base,wirecodec,base,true,R6,glm-5.2,1,R7,RULES,rule,false,false,false
wirecodec_base,wirecodec,base,true,R6,glm-5.2,1,D1,DONE_WHEN,done_when,false,true,false
wirecodec_base,wirecodec,base,true,R6,glm-5.2,1,X1,ERRORS,error,false,true,false
wirecodec_base,wirecodec,base,true,R6,glm-5.2,1,X2,ERRORS,error,false,true,false
wirecodec_base,wirecodec,base,true,R6,glm-5.2,1,P1,BASELINE.preserve,baseline_preserve,false,true,false
wirecodec_base,wirecodec,base,true,R6,glm-5.2,1,P2,BASELINE.preserve,baseline_preserve,false,true,false
wirecodec_base,wirecodec,base,true,R6,glm-5.2,1,V1,BASELINE.evolve,baseline_evolve,false,true,false
wirecodec_base,wirecodec,base,true,R6,glm-5.2,1,V2,BASELINE.evolve,baseline_evolve,false,true,false
wirecodec_base,wirecodec,base,true,R6,glm-5.2,2,C1,CONSTRAINT,constraint,false,true,false
wirecodec_base,wirecodec,base,true,R6,glm-5.2,2,R1,RULES,rule,false,false,false
wirecodec_base,wirecodec,base,true,R6,glm-5.2,2,R2,RULES,rule,false,false,false
wirecodec_base,wirecodec,base,true,R6,glm-5.2,2,R3,RULES,rule,false,true,false
wirecodec_base,wirecodec,base,true,R6,glm-5.2,2,R4,RULES,rule,false,true,false
wirecodec_base,wirecodec,base,true,R6,glm-5.2,2,R5,RULES,rule,false,true,false
wirecodec_base,wirecodec,base,true,R6,glm-5.2,2,R6,RULES,rule,true,true,false
wirecodec_base,wirecodec,base,true,R6,glm-5.2,2,R7,RULES,rule,false,false,false
wirecodec_base,wirecodec,base,true,R6,glm-5.2,2,D1,DONE_WHEN,done_when,false,true,false
wirecodec_base,wirecodec,base,true,R6,glm-5.2,2,X1,ERRORS,error,false,true,false
wirecodec_base,wirecodec,base,true,R6,glm-5.2,2,X2,ERRORS,error,false,true,false
wirecodec_base,wirecodec,base,true,R6,glm-5.2,2,P1,BASELINE.preserve,baseline_preserve,false,true,false
wirecodec_base,wirecodec,base,true,R6,glm-5.2,2,P2,BASELINE.preserve,baseline_preserve,false,true,false
wirecodec_base,wirecodec,base,true,R6,glm-5.2,2,V1,BASELINE.evolve,baseline_evolve,false,true,false
wirecodec_base,wirecodec,base,true,R6,glm-5.2,2,V2,BASELINE.evolve,baseline_evolve,false,true,false
wirecodec_base,wirecodec,base,true,R6,glm-5.2,3,C1,CONSTRAINT,constraint,false,true,false
wirecodec_base,wirecodec,base,true,R6,glm-5.2,3,R1,RULES,rule,false,false,false
wirecodec_base,wirecodec,base,true,R6,glm-5.2,3,R2,RULES,rule,false,false,false
wirecodec_base,wirecodec,base,true,R6,glm-5.2,3,R3,RULES,rule,false,true,false
wirecodec_base,wirecodec,base,true,R6,glm-5.2,3,R4,RULES,rule,false,true,false
wirecodec_base,wirecodec,base,true,R6,glm-5.2,3,R5,RULES,rule,false,true,false
wirecodec_base,wirecodec,base,true,R6,glm-5.2,3,R6,RULES,rule,true,true,false
wirecodec_base,wirecodec,base,true,R6,glm-5.2,3,R7,RULES,rule,false,false,false
wirecodec_base,wirecodec,base,true,R6,glm-5.2,3,D1,DONE_WHEN,done_when,false,true,false
wirecodec_base,wirecodec,base,true,R6,glm-5.2,3,X1,ERRORS,error,false,false,false
wirecodec_base,wirecodec,base,true,R6,glm-5.2,3,X2,ERRORS,error,false,true,false
wirecodec_base,wirecodec,base,true,R6,glm-5.2,3,P1,BASELINE.preserve,baseline_preserve,false,true,false
wirecodec_base,wirecodec,base,true,R6,glm-5.2,3,P2,BASELINE.preserve,baseline_preserve,false,true,false
wirecodec_base,wirecodec,base,true,R6,glm-5.2,3,V1,BASELINE.evolve,baseline_evolve,false,true,false
wirecodec_base,wirecodec,base,true,R6,glm-5.2,3,V2,BASELINE.evolve,baseline_evolve,false,true,false
wirecodec_base,wirecodec,base,true,R6,minimax-m3,1,C1,CONSTRAINT,constraint,false,true,false
wirecodec_base,wirecodec,base,true,R6,minimax-m3,1,R1,RULES,rule,false,false,false
wirecodec_base,wirecodec,base,true,R6,minimax-m3,1,R2,RULES,rule,false,false,false
wirecodec_base,wirecodec,base,true,R6,minimax-m3,1,R3,RULES,rule,false,true,false
wirecodec_base,wirecodec,base,true,R6,minimax-m3,1,R4,RULES,rule,false,true,false
wirecodec_base,wirecodec,base,true,R6,minimax-m3,1,R5,RULES,rule,false,true,false
wirecodec_base,wirecodec,base,true,R6,minimax-m3,1,R6,RULES,rule,true,true,false
wirecodec_base,wirecodec,base,true,R6,minimax-m3,1,R7,RULES,rule,false,false,false
wirecodec_base,wirecodec,base,true,R6,minimax-m3,1,D1,DONE_WHEN,done_when,false,true,false
wirecodec_base,wirecodec,base,true,R6,minimax-m3,1,X1,ERRORS,error,false,false,false
wirecodec_base,wirecodec,base,true,R6,minimax-m3,1,X2,ERRORS,error,false,true,false
wirecodec_base,wirecodec,base,true,R6,minimax-m3,1,P1,BASELINE.preserve,baseline_preserve,false,true,false
wirecodec_base,wirecodec,base,true,R6,minimax-m3,1,P2,BASELINE.preserve,baseline_preserve,false,true,false
wirecodec_base,wirecodec,base,true,R6,minimax-m3,1,V1,BASELINE.evolve,baseline_evolve,false,true,false
wirecodec_base,wirecodec,base,true,R6,minimax-m3,1,V2,BASELINE.evolve,baseline_evolve,false,true,false
wirecodec_base,wirecodec,base,true,R6,minimax-m3,2,C1,CONSTRAINT,constraint,false,true,false
wirecodec_base,wirecodec,base,true,R6,minimax-m3,2,R1,RULES,rule,false,false,false
wirecodec_base,wirecodec,base,true,R6,minimax-m3,2,R2,RULES,rule,false,false,false
wirecodec_base,wirecodec,base,true,R6,minimax-m3,2,R3,RULES,rule,false,true,false
wirecodec_base,wirecodec,base,true,R6,minimax-m3,2,R4,RULES,rule,false,true,false
wirecodec_base,wirecodec,base,true,R6,minimax-m3,2,R5,RULES,rule,false,true,false
wirecodec_base,wirecodec,base,true,R6,minimax-m3,2,R6,RULES,rule,true,true,false
wirecodec_base,wirecodec,base,true,R6,minimax-m3,2,R7,RULES,rule,false,false,false
wirecodec_base,wirecodec,base,true,R6,minimax-m3,2,D1,DONE_WHEN,done_when,false,true,false
wirecodec_base,wirecodec,base,true,R6,minimax-m3,2,X1,ERRORS,error,false,false,false
wirecodec_base,wirecodec,base,true,R6,minimax-m3,2,X2,ERRORS,error,false,true,false
wirecodec_base,wirecodec,base,true,R6,minimax-m3,2,P1,BASELINE.preserve,baseline_preserve,false,true,false
wirecodec_base,wirecodec,base,true,R6,minimax-m3,2,P2,BASELINE.preserve,baseline_preserve,false,true,false
wirecodec_base,wirecodec,base,true,R6,minimax-m3,2,V1,BASELINE.evolve,baseline_evolve,false,true,false
wirecodec_base,wirecodec,base,true,R6,minimax-m3,2,V2,BASELINE.evolve,baseline_evolve,false,true,false
wirecodec_base,wirecodec,base,true,R6,minimax-m3,3,C1,CONSTRAINT,constraint,false,true,false
wirecodec_base,wirecodec,base,true,R6,minimax-m3,3,R1,RULES,rule,false,false,false
wirecodec_base,wirecodec,base,true,R6,minimax-m3,3,R2,RULES,rule,false,false,false
wirecodec_base,wirecodec,base,true,R6,minimax-m3,3,R3,RULES,rule,false,true,false
wirecodec_base,wirecodec,base,true,R6,minimax-m3,3,R4,RULES,rule,false,true,false
wirecodec_base,wirecodec,base,true,R6,minimax-m3,3,R5,RULES,rule,false,true,false
wirecodec_base,wirecodec,base,true,R6,minimax-m3,3,R6,RULES,rule,true,true,false
wirecodec_base,wirecodec,base,true,R6,minimax-m3,3,R7,RULES,rule,false,false,false
wirecodec_base,wirecodec,base,true,R6,minimax-m3,3,D1,DONE_WHEN,done_when,false,true,false
wirecodec_base,wirecodec,base,true,R6,minimax-m3,3,X1,ERRORS,error,false,false,false
wirecodec_base,wirecodec,base,true,R6,minimax-m3,3,X2,ERRORS,error,false,true,false
wirecodec_base,wirecodec,base,true,R6,minimax-m3,3,P1,BASELINE.preserve,baseline_preserve,false,true,false
wirecodec_base,wirecodec,base,true,R6,minimax-m3,3,P2,BASELINE.preserve,baseline_preserve,false,true,false
wirecodec_base,wirecodec,base,true,R6,minimax-m3,3,V1,BASELINE.evolve,baseline_evolve,false,true,false
wirecodec_base,wirecodec,base,true,R6,minimax-m3,3,V2,BASELINE.evolve,baseline_evolve,false,true,false
wirecodec_base,wirecodec,base,true,R6,qwen3.7-max,1,C1,CONSTRAINT,constraint,false,true,false
wirecodec_base,wirecodec,base,true,R6,qwen3.7-max,1,R1,RULES,rule,false,false,false
wirecodec_base,wirecodec,base,true,R6,qwen3.7-max,1,R2,RULES,rule,false,false,false
wirecodec_base,wirecodec,base,true,R6,qwen3.7-max,1,R3,RULES,rule,false,true,false
wirecodec_base,wirecodec,base,true,R6,qwen3.7-max,1,R4,RULES,rule,false,true,false
wirecodec_base,wirecodec,base,true,R6,qwen3.7-max,1,R5,RULES,rule,false,true,false
wirecodec_base,wirecodec,base,true,R6,qwen3.7-max,1,R6,RULES,rule,true,true,false
wirecodec_base,wirecodec,base,true,R6,qwen3.7-max,1,R7,RULES,rule,false,false,false
wirecodec_base,wirecodec,base,true,R6,qwen3.7-max,1,D1,DONE_WHEN,done_when,false,true,false
wirecodec_base,wirecodec,base,true,R6,qwen3.7-max,1,X1,ERRORS,error,false,true,false
wirecodec_base,wirecodec,base,true,R6,qwen3.7-max,1,X2,ERRORS,error,false,true,false
wirecodec_base,wirecodec,base,true,R6,qwen3.7-max,1,P1,BASELINE.preserve,baseline_preserve,false,true,false
wirecodec_base,wirecodec,base,true,R6,qwen3.7-max,1,P2,BASELINE.preserve,baseline_preserve,false,true,false
wirecodec_base,wirecodec,base,true,R6,qwen3.7-max,1,V1,BASELINE.evolve,baseline_evolve,false,true,false
wirecodec_base,wirecodec,base,true,R6,qwen3.7-max,1,V2,BASELINE.evolve,baseline_evolve,false,true,false
wirecodec_base,wirecodec,base,true,R6,qwen3.7-max,2,C1,CONSTRAINT,constraint,false,true,false
wirecodec_base,wirecodec,base,true,R6,qwen3.7-max,2,R1,RULES,rule,false,false,false
wirecodec_base,wirecodec,base,true,R6,qwen3.7-max,2,R2,RULES,rule,false,false,false
wirecodec_base,wirecodec,base,true,R6,qwen3.7-max,2,R3,RULES,rule,false,true,false
wirecodec_base,wirecodec,base,true,R6,qwen3.7-max,2,R4,RULES,rule,false,true,false
wirecodec_base,wirecodec,base,true,R6,qwen3.7-max,2,R5,RULES,rule,false,true,false
wirecodec_base,wirecodec,base,true,R6,qwen3.7-max,2,R6,RULES,rule,true,true,false
wirecodec_base,wirecodec,base,true,R6,qwen3.7-max,2,R7,RULES,rule,false,false,false
wirecodec_base,wirecodec,base,true,R6,qwen3.7-max,2,D1,DONE_WHEN,done_when,false,true,false
wirecodec_base,wirecodec,base,true,R6,qwen3.7-max,2,X1,ERRORS,error,false,false,false
wirecodec_base,wirecodec,base,true,R6,qwen3.7-max,2,X2,ERRORS,error,false,true,false
wirecodec_base,wirecodec,base,true,R6,qwen3.7-max,2,P1,BASELINE.preserve,baseline_preserve,false,true,false
wirecodec_base,wirecodec,base,true,R6,qwen3.7-max,2,P2,BASELINE.preserve,baseline_preserve,false,true,false
wirecodec_base,wirecodec,base,true,R6,qwen3.7-max,2,V1,BASELINE.evolve,baseline_evolve,false,true,false
wirecodec_base,wirecodec,base,true,R6,qwen3.7-max,2,V2,BASELINE.evolve,baseline_evolve,false,true,false
wirecodec_base,wirecodec,base,true,R6,qwen3.7-max,3,C1,CONSTRAINT,constraint,false,true,false
wirecodec_base,wirecodec,base,true,R6,qwen3.7-max,3,R1,RULES,rule,false,false,false
wirecodec_base,wirecodec,base,true,R6,qwen3.7-max,3,R2,RULES,rule,false,false,false
wirecodec_base,wirecodec,base,true,R6,qwen3.7-max,3,R3,RULES,rule,false,true,false
wirecodec_base,wirecodec,base,true,R6,qwen3.7-max,3,R4,RULES,rule,false,true,false
wirecodec_base,wirecodec,base,true,R6,qwen3.7-max,3,R5,RULES,rule,false,true,false
wirecodec_base,wirecodec,base,true,R6,qwen3.7-max,3,R6,RULES,rule,true,true,false
wirecodec_base,wirecodec,base,true,R6,qwen3.7-max,3,R7,RULES,rule,false,false,false
wirecodec_base,wirecodec,base,true,R6,qwen3.7-max,3,D1,DONE_WHEN,done_when,false,true,false
wirecodec_base,wirecodec,base,true,R6,qwen3.7-max,3,X1,ERRORS,error,false,false,false
wirecodec_base,wirecodec,base,true,R6,qwen3.7-max,3,X2,ERRORS,error,false,true,false
wirecodec_base,wirecodec,base,true,R6,qwen3.7-max,3,P1,BASELINE.preserve,baseline_preserve,false,true,false
wirecodec_base,wirecodec,base,true,R6,qwen3.7-max,3,P2,BASELINE.preserve,baseline_preserve,false,true,false
wirecodec_base,wirecodec,base,true,R6,qwen3.7-max,3,V1,BASELINE.evolve,baseline_evolve,false,true,false
wirecodec_base,wirecodec,base,true,R6,qwen3.7-max,3,V2,BASELINE.evolve,baseline_evolve,false,true,false
wirecodec_preserve,wirecodec,preserve,false,R6,glm-5.2,1,C1,CONSTRAINT,constraint,false,false,true
wirecodec_preserve,wirecodec,preserve,false,R6,glm-5.2,1,R1,RULES,rule,false,false,true
wirecodec_preserve,wirecodec,preserve,false,R6,glm-5.2,1,R2,RULES,rule,false,false,true
wirecodec_preserve,wirecodec,preserve,false,R6,glm-5.2,1,R3,RULES,rule,false,false,true
wirecodec_preserve,wirecodec,preserve,false,R6,glm-5.2,1,R4,RULES,rule,false,false,true
wirecodec_preserve,wirecodec,preserve,false,R6,glm-5.2,1,R5,RULES,rule,false,false,true
wirecodec_preserve,wirecodec,preserve,false,R6,glm-5.2,1,R6,RULES,rule,true,false,true
wirecodec_preserve,wirecodec,preserve,false,R6,glm-5.2,1,R7,RULES,rule,false,false,true
wirecodec_preserve,wirecodec,preserve,false,R6,glm-5.2,1,D1,DONE_WHEN,done_when,false,false,true
wirecodec_preserve,wirecodec,preserve,false,R6,glm-5.2,1,X1,ERRORS,error,false,false,true
wirecodec_preserve,wirecodec,preserve,false,R6,glm-5.2,1,X2,ERRORS,error,false,false,true
wirecodec_preserve,wirecodec,preserve,false,R6,glm-5.2,1,P1,BASELINE.preserve,baseline_preserve,false,false,true
wirecodec_preserve,wirecodec,preserve,false,R6,glm-5.2,1,P2,BASELINE.preserve,baseline_preserve,false,false,true
wirecodec_preserve,wirecodec,preserve,false,R6,glm-5.2,1,V1,BASELINE.evolve,baseline_evolve,false,false,true
wirecodec_preserve,wirecodec,preserve,false,R6,glm-5.2,1,V2,BASELINE.evolve,baseline_evolve,false,false,true
wirecodec_preserve,wirecodec,preserve,false,R6,glm-5.2,2,C1,CONSTRAINT,constraint,false,true,false
wirecodec_preserve,wirecodec,preserve,false,R6,glm-5.2,2,R1,RULES,rule,false,false,false
wirecodec_preserve,wirecodec,preserve,false,R6,glm-5.2,2,R2,RULES,rule,false,false,false
wirecodec_preserve,wirecodec,preserve,false,R6,glm-5.2,2,R3,RULES,rule,false,true,false
wirecodec_preserve,wirecodec,preserve,false,R6,glm-5.2,2,R4,RULES,rule,false,true,false
wirecodec_preserve,wirecodec,preserve,false,R6,glm-5.2,2,R5,RULES,rule,false,true,false
wirecodec_preserve,wirecodec,preserve,false,R6,glm-5.2,2,R6,RULES,rule,true,true,false
wirecodec_preserve,wirecodec,preserve,false,R6,glm-5.2,2,R7,RULES,rule,false,false,false
wirecodec_preserve,wirecodec,preserve,false,R6,glm-5.2,2,D1,DONE_WHEN,done_when,false,true,false
wirecodec_preserve,wirecodec,preserve,false,R6,glm-5.2,2,X1,ERRORS,error,false,false,false
wirecodec_preserve,wirecodec,preserve,false,R6,glm-5.2,2,X2,ERRORS,error,false,true,false
wirecodec_preserve,wirecodec,preserve,false,R6,glm-5.2,2,P1,BASELINE.preserve,baseline_preserve,false,true,false
wirecodec_preserve,wirecodec,preserve,false,R6,glm-5.2,2,P2,BASELINE.preserve,baseline_preserve,false,true,false
wirecodec_preserve,wirecodec,preserve,false,R6,glm-5.2,2,V1,BASELINE.evolve,baseline_evolve,false,true,false
wirecodec_preserve,wirecodec,preserve,false,R6,glm-5.2,2,V2,BASELINE.evolve,baseline_evolve,false,true,false
wirecodec_preserve,wirecodec,preserve,false,R6,glm-5.2,3,C1,CONSTRAINT,constraint,false,true,false
wirecodec_preserve,wirecodec,preserve,false,R6,glm-5.2,3,R1,RULES,rule,false,false,false
wirecodec_preserve,wirecodec,preserve,false,R6,glm-5.2,3,R2,RULES,rule,false,false,false
wirecodec_preserve,wirecodec,preserve,false,R6,glm-5.2,3,R3,RULES,rule,false,true,false
wirecodec_preserve,wirecodec,preserve,false,R6,glm-5.2,3,R4,RULES,rule,false,true,false
wirecodec_preserve,wirecodec,preserve,false,R6,glm-5.2,3,R5,RULES,rule,false,true,false
wirecodec_preserve,wirecodec,preserve,false,R6,glm-5.2,3,R6,RULES,rule,true,true,false
wirecodec_preserve,wirecodec,preserve,false,R6,glm-5.2,3,R7,RULES,rule,false,false,false
wirecodec_preserve,wirecodec,preserve,false,R6,glm-5.2,3,D1,DONE_WHEN,done_when,false,true,false
wirecodec_preserve,wirecodec,preserve,false,R6,glm-5.2,3,X1,ERRORS,error,false,true,false
wirecodec_preserve,wirecodec,preserve,false,R6,glm-5.2,3,X2,ERRORS,error,false,true,false
wirecodec_preserve,wirecodec,preserve,false,R6,glm-5.2,3,P1,BASELINE.preserve,baseline_preserve,false,true,false
wirecodec_preserve,wirecodec,preserve,false,R6,glm-5.2,3,P2,BASELINE.preserve,baseline_preserve,false,true,false
wirecodec_preserve,wirecodec,preserve,false,R6,glm-5.2,3,V1,BASELINE.evolve,baseline_evolve,false,true,false
wirecodec_preserve,wirecodec,preserve,false,R6,glm-5.2,3,V2,BASELINE.evolve,baseline_evolve,false,true,false
wirecodec_preserve,wirecodec,preserve,false,R6,minimax-m3,1,C1,CONSTRAINT,constraint,false,true,false
wirecodec_preserve,wirecodec,preserve,false,R6,minimax-m3,1,R1,RULES,rule,false,false,false
wirecodec_preserve,wirecodec,preserve,false,R6,minimax-m3,1,R2,RULES,rule,false,false,false
wirecodec_preserve,wirecodec,preserve,false,R6,minimax-m3,1,R3,RULES,rule,false,true,false
wirecodec_preserve,wirecodec,preserve,false,R6,minimax-m3,1,R4,RULES,rule,false,true,false
wirecodec_preserve,wirecodec,preserve,false,R6,minimax-m3,1,R5,RULES,rule,false,true,false
wirecodec_preserve,wirecodec,preserve,false,R6,minimax-m3,1,R6,RULES,rule,true,true,false
wirecodec_preserve,wirecodec,preserve,false,R6,minimax-m3,1,R7,RULES,rule,false,true,false
wirecodec_preserve,wirecodec,preserve,false,R6,minimax-m3,1,D1,DONE_WHEN,done_when,false,true,false
wirecodec_preserve,wirecodec,preserve,false,R6,minimax-m3,1,X1,ERRORS,error,false,false,false
wirecodec_preserve,wirecodec,preserve,false,R6,minimax-m3,1,X2,ERRORS,error,false,true,false
wirecodec_preserve,wirecodec,preserve,false,R6,minimax-m3,1,P1,BASELINE.preserve,baseline_preserve,false,true,false
wirecodec_preserve,wirecodec,preserve,false,R6,minimax-m3,1,P2,BASELINE.preserve,baseline_preserve,false,true,false
wirecodec_preserve,wirecodec,preserve,false,R6,minimax-m3,1,V1,BASELINE.evolve,baseline_evolve,false,true,false
wirecodec_preserve,wirecodec,preserve,false,R6,minimax-m3,1,V2,BASELINE.evolve,baseline_evolve,false,true,false
wirecodec_preserve,wirecodec,preserve,false,R6,minimax-m3,2,C1,CONSTRAINT,constraint,false,true,false
wirecodec_preserve,wirecodec,preserve,false,R6,minimax-m3,2,R1,RULES,rule,false,false,false
wirecodec_preserve,wirecodec,preserve,false,R6,minimax-m3,2,R2,RULES,rule,false,false,false
wirecodec_preserve,wirecodec,preserve,false,R6,minimax-m3,2,R3,RULES,rule,false,true,false
wirecodec_preserve,wirecodec,preserve,false,R6,minimax-m3,2,R4,RULES,rule,false,true,false
wirecodec_preserve,wirecodec,preserve,false,R6,minimax-m3,2,R5,RULES,rule,false,true,false
wirecodec_preserve,wirecodec,preserve,false,R6,minimax-m3,2,R6,RULES,rule,true,true,false
wirecodec_preserve,wirecodec,preserve,false,R6,minimax-m3,2,R7,RULES,rule,false,true,false
wirecodec_preserve,wirecodec,preserve,false,R6,minimax-m3,2,D1,DONE_WHEN,done_when,false,true,false
wirecodec_preserve,wirecodec,preserve,false,R6,minimax-m3,2,X1,ERRORS,error,false,false,false
wirecodec_preserve,wirecodec,preserve,false,R6,minimax-m3,2,X2,ERRORS,error,false,true,false
wirecodec_preserve,wirecodec,preserve,false,R6,minimax-m3,2,P1,BASELINE.preserve,baseline_preserve,false,true,false
wirecodec_preserve,wirecodec,preserve,false,R6,minimax-m3,2,P2,BASELINE.preserve,baseline_preserve,false,true,false
wirecodec_preserve,wirecodec,preserve,false,R6,minimax-m3,2,V1,BASELINE.evolve,baseline_evolve,false,true,false
wirecodec_preserve,wirecodec,preserve,false,R6,minimax-m3,2,V2,BASELINE.evolve,baseline_evolve,false,true,false
wirecodec_preserve,wirecodec,preserve,false,R6,minimax-m3,3,C1,CONSTRAINT,constraint,false,true,false
wirecodec_preserve,wirecodec,preserve,false,R6,minimax-m3,3,R1,RULES,rule,false,false,false
wirecodec_preserve,wirecodec,preserve,false,R6,minimax-m3,3,R2,RULES,rule,false,false,false
wirecodec_preserve,wirecodec,preserve,false,R6,minimax-m3,3,R3,RULES,rule,false,true,false
wirecodec_preserve,wirecodec,preserve,false,R6,minimax-m3,3,R4,RULES,rule,false,true,false
wirecodec_preserve,wirecodec,preserve,false,R6,minimax-m3,3,R5,RULES,rule,false,true,false
wirecodec_preserve,wirecodec,preserve,false,R6,minimax-m3,3,R6,RULES,rule,true,true,false
wirecodec_preserve,wirecodec,preserve,false,R6,minimax-m3,3,R7,RULES,rule,false,true,false
wirecodec_preserve,wirecodec,preserve,false,R6,minimax-m3,3,D1,DONE_WHEN,done_when,false,true,false
wirecodec_preserve,wirecodec,preserve,false,R6,minimax-m3,3,X1,ERRORS,error,false,false,false
wirecodec_preserve,wirecodec,preserve,false,R6,minimax-m3,3,X2,ERRORS,error,false,true,false
wirecodec_preserve,wirecodec,preserve,false,R6,minimax-m3,3,P1,BASELINE.preserve,baseline_preserve,false,true,false
wirecodec_preserve,wirecodec,preserve,false,R6,minimax-m3,3,P2,BASELINE.preserve,baseline_preserve,false,true,false
wirecodec_preserve,wirecodec,preserve,false,R6,minimax-m3,3,V1,BASELINE.evolve,baseline_evolve,false,true,false
wirecodec_preserve,wirecodec,preserve,false,R6,minimax-m3,3,V2,BASELINE.evolve,baseline_evolve,false,true,false
wirecodec_preserve,wirecodec,preserve,false,R6,qwen3.7-max,1,C1,CONSTRAINT,constraint,false,true,false
wirecodec_preserve,wirecodec,preserve,false,R6,qwen3.7-max,1,R1,RULES,rule,false,false,false
wirecodec_preserve,wirecodec,preserve,false,R6,qwen3.7-max,1,R2,RULES,rule,false,false,false
wirecodec_preserve,wirecodec,preserve,false,R6,qwen3.7-max,1,R3,RULES,rule,false,true,false
wirecodec_preserve,wirecodec,preserve,false,R6,qwen3.7-max,1,R4,RULES,rule,false,true,false
wirecodec_preserve,wirecodec,preserve,false,R6,qwen3.7-max,1,R5,RULES,rule,false,true,false
wirecodec_preserve,wirecodec,preserve,false,R6,qwen3.7-max,1,R6,RULES,rule,true,true,false
wirecodec_preserve,wirecodec,preserve,false,R6,qwen3.7-max,1,R7,RULES,rule,false,false,false
wirecodec_preserve,wirecodec,preserve,false,R6,qwen3.7-max,1,D1,DONE_WHEN,done_when,false,true,false
wirecodec_preserve,wirecodec,preserve,false,R6,qwen3.7-max,1,X1,ERRORS,error,false,false,false
wirecodec_preserve,wirecodec,preserve,false,R6,qwen3.7-max,1,X2,ERRORS,error,false,true,false
wirecodec_preserve,wirecodec,preserve,false,R6,qwen3.7-max,1,P1,BASELINE.preserve,baseline_preserve,false,true,false
wirecodec_preserve,wirecodec,preserve,false,R6,qwen3.7-max,1,P2,BASELINE.preserve,baseline_preserve,false,true,false
wirecodec_preserve,wirecodec,preserve,false,R6,qwen3.7-max,1,V1,BASELINE.evolve,baseline_evolve,false,true,false
wirecodec_preserve,wirecodec,preserve,false,R6,qwen3.7-max,1,V2,BASELINE.evolve,baseline_evolve,false,true,false
wirecodec_preserve,wirecodec,preserve,false,R6,qwen3.7-max,2,C1,CONSTRAINT,constraint,false,true,false
wirecodec_preserve,wirecodec,preserve,false,R6,qwen3.7-max,2,R1,RULES,rule,false,false,false
wirecodec_preserve,wirecodec,preserve,false,R6,qwen3.7-max,2,R2,RULES,rule,false,false,false
wirecodec_preserve,wirecodec,preserve,false,R6,qwen3.7-max,2,R3,RULES,rule,false,true,false
wirecodec_preserve,wirecodec,preserve,false,R6,qwen3.7-max,2,R4,RULES,rule,false,true,false
wirecodec_preserve,wirecodec,preserve,false,R6,qwen3.7-max,2,R5,RULES,rule,false,true,false
wirecodec_preserve,wirecodec,preserve,false,R6,qwen3.7-max,2,R6,RULES,rule,true,true,false
wirecodec_preserve,wirecodec,preserve,false,R6,qwen3.7-max,2,R7,RULES,rule,false,false,false
wirecodec_preserve,wirecodec,preserve,false,R6,qwen3.7-max,2,D1,DONE_WHEN,done_when,false,true,false
wirecodec_preserve,wirecodec,preserve,false,R6,qwen3.7-max,2,X1,ERRORS,error,false,true,false
wirecodec_preserve,wirecodec,preserve,false,R6,qwen3.7-max,2,X2,ERRORS,error,false,true,false
wirecodec_preserve,wirecodec,preserve,false,R6,qwen3.7-max,2,P1,BASELINE.preserve,baseline_preserve,false,true,false
wirecodec_preserve,wirecodec,preserve,false,R6,qwen3.7-max,2,P2,BASELINE.preserve,baseline_preserve,false,true,false
wirecodec_preserve,wirecodec,preserve,false,R6,qwen3.7-max,2,V1,BASELINE.evolve,baseline_evolve,false,true,false
wirecodec_preserve,wirecodec,preserve,false,R6,qwen3.7-max,2,V2,BASELINE.evolve,baseline_evolve,false,true,false
wirecodec_preserve,wirecodec,preserve,false,R6,qwen3.7-max,3,C1,CONSTRAINT,constraint,false,true,false
wirecodec_preserve,wirecodec,preserve,false,R6,qwen3.7-max,3,R1,RULES,rule,false,false,false
wirecodec_preserve,wirecodec,preserve,false,R6,qwen3.7-max,3,R2,RULES,rule,false,false,false
wirecodec_preserve,wirecodec,preserve,false,R6,qwen3.7-max,3,R3,RULES,rule,false,true,false
wirecodec_preserve,wirecodec,preserve,false,R6,qwen3.7-max,3,R4,RULES,rule,false,true,false
wirecodec_preserve,wirecodec,preserve,false,R6,qwen3.7-max,3,R5,RULES,rule,false,true,false
wirecodec_preserve,wirecodec,preserve,false,R6,qwen3.7-max,3,R6,RULES,rule,true,true,false
wirecodec_preserve,wirecodec,preserve,false,R6,qwen3.7-max,3,R7,RULES,rule,false,false,false
wirecodec_preserve,wirecodec,preserve,false,R6,qwen3.7-max,3,D1,DONE_WHEN,done_when,false,true,false
wirecodec_preserve,wirecodec,preserve,false,R6,qwen3.7-max,3,X1,ERRORS,error,false,false,false
wirecodec_preserve,wirecodec,preserve,false,R6,qwen3.7-max,3,X2,ERRORS,error,false,true,false
wirecodec_preserve,wirecodec,preserve,false,R6,qwen3.7-max,3,P1,BASELINE.preserve,baseline_preserve,false,true,false
wirecodec_preserve,wirecodec,preserve,false,R6,qwen3.7-max,3,P2,BASELINE.preserve,baseline_preserve,false,true,false
wirecodec_preserve,wirecodec,preserve,false,R6,qwen3.7-max,3,V1,BASELINE.evolve,baseline_evolve,false,true,false
wirecodec_preserve,wirecodec,preserve,false,R6,qwen3.7-max,3,V2,BASELINE.evolve,baseline_evolve,false,true,false
wirecodec_reject,wirecodec,reject,false,R6,glm-5.2,1,C1,CONSTRAINT,constraint,false,true,false
wirecodec_reject,wirecodec,reject,false,R6,glm-5.2,1,R1,RULES,rule,false,false,false
wirecodec_reject,wirecodec,reject,false,R6,glm-5.2,1,R2,RULES,rule,false,false,false
wirecodec_reject,wirecodec,reject,false,R6,glm-5.2,1,R3,RULES,rule,false,true,false
wirecodec_reject,wirecodec,reject,false,R6,glm-5.2,1,R4,RULES,rule,false,true,false
wirecodec_reject,wirecodec,reject,false,R6,glm-5.2,1,R5,RULES,rule,false,true,false
wirecodec_reject,wirecodec,reject,false,R6,glm-5.2,1,R6,RULES,rule,true,true,false
wirecodec_reject,wirecodec,reject,false,R6,glm-5.2,1,R7,RULES,rule,false,false,false
wirecodec_reject,wirecodec,reject,false,R6,glm-5.2,1,D1,DONE_WHEN,done_when,false,true,false
wirecodec_reject,wirecodec,reject,false,R6,glm-5.2,1,X1,ERRORS,error,false,true,false
wirecodec_reject,wirecodec,reject,false,R6,glm-5.2,1,X2,ERRORS,error,false,true,false
wirecodec_reject,wirecodec,reject,false,R6,glm-5.2,1,P1,BASELINE.preserve,baseline_preserve,false,true,false
wirecodec_reject,wirecodec,reject,false,R6,glm-5.2,1,P2,BASELINE.preserve,baseline_preserve,false,true,false
wirecodec_reject,wirecodec,reject,false,R6,glm-5.2,1,V1,BASELINE.evolve,baseline_evolve,false,true,false
wirecodec_reject,wirecodec,reject,false,R6,glm-5.2,1,V2,BASELINE.evolve,baseline_evolve,false,true,false
wirecodec_reject,wirecodec,reject,false,R6,glm-5.2,2,C1,CONSTRAINT,constraint,false,true,false
wirecodec_reject,wirecodec,reject,false,R6,glm-5.2,2,R1,RULES,rule,false,false,false
wirecodec_reject,wirecodec,reject,false,R6,glm-5.2,2,R2,RULES,rule,false,false,false
wirecodec_reject,wirecodec,reject,false,R6,glm-5.2,2,R3,RULES,rule,false,true,false
wirecodec_reject,wirecodec,reject,false,R6,glm-5.2,2,R4,RULES,rule,false,true,false
wirecodec_reject,wirecodec,reject,false,R6,glm-5.2,2,R5,RULES,rule,false,true,false
wirecodec_reject,wirecodec,reject,false,R6,glm-5.2,2,R6,RULES,rule,true,true,false
wirecodec_reject,wirecodec,reject,false,R6,glm-5.2,2,R7,RULES,rule,false,false,false
wirecodec_reject,wirecodec,reject,false,R6,glm-5.2,2,D1,DONE_WHEN,done_when,false,true,false
wirecodec_reject,wirecodec,reject,false,R6,glm-5.2,2,X1,ERRORS,error,false,true,false
wirecodec_reject,wirecodec,reject,false,R6,glm-5.2,2,X2,ERRORS,error,false,true,false
wirecodec_reject,wirecodec,reject,false,R6,glm-5.2,2,P1,BASELINE.preserve,baseline_preserve,false,true,false
wirecodec_reject,wirecodec,reject,false,R6,glm-5.2,2,P2,BASELINE.preserve,baseline_preserve,false,true,false
wirecodec_reject,wirecodec,reject,false,R6,glm-5.2,2,V1,BASELINE.evolve,baseline_evolve,false,true,false
wirecodec_reject,wirecodec,reject,false,R6,glm-5.2,2,V2,BASELINE.evolve,baseline_evolve,false,true,false
wirecodec_reject,wirecodec,reject,false,R6,glm-5.2,3,C1,CONSTRAINT,constraint,false,true,false
wirecodec_reject,wirecodec,reject,false,R6,glm-5.2,3,R1,RULES,rule,false,false,false
wirecodec_reject,wirecodec,reject,false,R6,glm-5.2,3,R2,RULES,rule,false,false,false
wirecodec_reject,wirecodec,reject,false,R6,glm-5.2,3,R3,RULES,rule,false,true,false
wirecodec_reject,wirecodec,reject,false,R6,glm-5.2,3,R4,RULES,rule,false,true,false
wirecodec_reject,wirecodec,reject,false,R6,glm-5.2,3,R5,RULES,rule,false,true,false
wirecodec_reject,wirecodec,reject,false,R6,glm-5.2,3,R6,RULES,rule,true,true,false
wirecodec_reject,wirecodec,reject,false,R6,glm-5.2,3,R7,RULES,rule,false,false,false
wirecodec_reject,wirecodec,reject,false,R6,glm-5.2,3,D1,DONE_WHEN,done_when,false,true,false
wirecodec_reject,wirecodec,reject,false,R6,glm-5.2,3,X1,ERRORS,error,false,false,false
wirecodec_reject,wirecodec,reject,false,R6,glm-5.2,3,X2,ERRORS,error,false,true,false
wirecodec_reject,wirecodec,reject,false,R6,glm-5.2,3,P1,BASELINE.preserve,baseline_preserve,false,true,false
wirecodec_reject,wirecodec,reject,false,R6,glm-5.2,3,P2,BASELINE.preserve,baseline_preserve,false,true,false
wirecodec_reject,wirecodec,reject,false,R6,glm-5.2,3,V1,BASELINE.evolve,baseline_evolve,false,true,false
wirecodec_reject,wirecodec,reject,false,R6,glm-5.2,3,V2,BASELINE.evolve,baseline_evolve,false,true,false
wirecodec_reject,wirecodec,reject,false,R6,minimax-m3,1,C1,CONSTRAINT,constraint,false,true,false
wirecodec_reject,wirecodec,reject,false,R6,minimax-m3,1,R1,RULES,rule,false,false,false
wirecodec_reject,wirecodec,reject,false,R6,minimax-m3,1,R2,RULES,rule,false,false,false
wirecodec_reject,wirecodec,reject,false,R6,minimax-m3,1,R3,RULES,rule,false,true,false
wirecodec_reject,wirecodec,reject,false,R6,minimax-m3,1,R4,RULES,rule,false,true,false
wirecodec_reject,wirecodec,reject,false,R6,minimax-m3,1,R5,RULES,rule,false,true,false
wirecodec_reject,wirecodec,reject,false,R6,minimax-m3,1,R6,RULES,rule,true,true,false
wirecodec_reject,wirecodec,reject,false,R6,minimax-m3,1,R7,RULES,rule,false,false,false
wirecodec_reject,wirecodec,reject,false,R6,minimax-m3,1,D1,DONE_WHEN,done_when,false,true,false
wirecodec_reject,wirecodec,reject,false,R6,minimax-m3,1,X1,ERRORS,error,false,true,false
wirecodec_reject,wirecodec,reject,false,R6,minimax-m3,1,X2,ERRORS,error,false,true,false
wirecodec_reject,wirecodec,reject,false,R6,minimax-m3,1,P1,BASELINE.preserve,baseline_preserve,false,true,false
wirecodec_reject,wirecodec,reject,false,R6,minimax-m3,1,P2,BASELINE.preserve,baseline_preserve,false,true,false
wirecodec_reject,wirecodec,reject,false,R6,minimax-m3,1,V1,BASELINE.evolve,baseline_evolve,false,true,false
wirecodec_reject,wirecodec,reject,false,R6,minimax-m3,1,V2,BASELINE.evolve,baseline_evolve,false,true,false
wirecodec_reject,wirecodec,reject,false,R6,minimax-m3,2,C1,CONSTRAINT,constraint,false,true,false
wirecodec_reject,wirecodec,reject,false,R6,minimax-m3,2,R1,RULES,rule,false,false,false
wirecodec_reject,wirecodec,reject,false,R6,minimax-m3,2,R2,RULES,rule,false,false,false
wirecodec_reject,wirecodec,reject,false,R6,minimax-m3,2,R3,RULES,rule,false,true,false
wirecodec_reject,wirecodec,reject,false,R6,minimax-m3,2,R4,RULES,rule,false,true,false
wirecodec_reject,wirecodec,reject,false,R6,minimax-m3,2,R5,RULES,rule,false,true,false
wirecodec_reject,wirecodec,reject,false,R6,minimax-m3,2,R6,RULES,rule,true,true,false
wirecodec_reject,wirecodec,reject,false,R6,minimax-m3,2,R7,RULES,rule,false,false,false
wirecodec_reject,wirecodec,reject,false,R6,minimax-m3,2,D1,DONE_WHEN,done_when,false,true,false
wirecodec_reject,wirecodec,reject,false,R6,minimax-m3,2,X1,ERRORS,error,false,false,false
wirecodec_reject,wirecodec,reject,false,R6,minimax-m3,2,X2,ERRORS,error,false,true,false
wirecodec_reject,wirecodec,reject,false,R6,minimax-m3,2,P1,BASELINE.preserve,baseline_preserve,false,true,false
wirecodec_reject,wirecodec,reject,false,R6,minimax-m3,2,P2,BASELINE.preserve,baseline_preserve,false,true,false
wirecodec_reject,wirecodec,reject,false,R6,minimax-m3,2,V1,BASELINE.evolve,baseline_evolve,false,true,false
wirecodec_reject,wirecodec,reject,false,R6,minimax-m3,2,V2,BASELINE.evolve,baseline_evolve,false,true,false
wirecodec_reject,wirecodec,reject,false,R6,minimax-m3,3,C1,CONSTRAINT,constraint,false,true,false
wirecodec_reject,wirecodec,reject,false,R6,minimax-m3,3,R1,RULES,rule,false,false,false
wirecodec_reject,wirecodec,reject,false,R6,minimax-m3,3,R2,RULES,rule,false,false,false
wirecodec_reject,wirecodec,reject,false,R6,minimax-m3,3,R3,RULES,rule,false,true,false
wirecodec_reject,wirecodec,reject,false,R6,minimax-m3,3,R4,RULES,rule,false,true,false
wirecodec_reject,wirecodec,reject,false,R6,minimax-m3,3,R5,RULES,rule,false,true,false
wirecodec_reject,wirecodec,reject,false,R6,minimax-m3,3,R6,RULES,rule,true,true,false
wirecodec_reject,wirecodec,reject,false,R6,minimax-m3,3,R7,RULES,rule,false,false,false
wirecodec_reject,wirecodec,reject,false,R6,minimax-m3,3,D1,DONE_WHEN,done_when,false,true,false
wirecodec_reject,wirecodec,reject,false,R6,minimax-m3,3,X1,ERRORS,error,false,false,false
wirecodec_reject,wirecodec,reject,false,R6,minimax-m3,3,X2,ERRORS,error,false,true,false
wirecodec_reject,wirecodec,reject,false,R6,minimax-m3,3,P1,BASELINE.preserve,baseline_preserve,false,true,false
wirecodec_reject,wirecodec,reject,false,R6,minimax-m3,3,P2,BASELINE.preserve,baseline_preserve,false,true,false
wirecodec_reject,wirecodec,reject,false,R6,minimax-m3,3,V1,BASELINE.evolve,baseline_evolve,false,true,false
wirecodec_reject,wirecodec,reject,false,R6,minimax-m3,3,V2,BASELINE.evolve,baseline_evolve,false,true,false
wirecodec_reject,wirecodec,reject,false,R6,qwen3.7-max,1,C1,CONSTRAINT,constraint,false,true,false
wirecodec_reject,wirecodec,reject,false,R6,qwen3.7-max,1,R1,RULES,rule,false,false,false
wirecodec_reject,wirecodec,reject,false,R6,qwen3.7-max,1,R2,RULES,rule,false,false,false
wirecodec_reject,wirecodec,reject,false,R6,qwen3.7-max,1,R3,RULES,rule,false,true,false
wirecodec_reject,wirecodec,reject,false,R6,qwen3.7-max,1,R4,RULES,rule,false,true,false
wirecodec_reject,wirecodec,reject,false,R6,qwen3.7-max,1,R5,RULES,rule,false,true,false
wirecodec_reject,wirecodec,reject,false,R6,qwen3.7-max,1,R6,RULES,rule,true,true,false
wirecodec_reject,wirecodec,reject,false,R6,qwen3.7-max,1,R7,RULES,rule,false,false,false
wirecodec_reject,wirecodec,reject,false,R6,qwen3.7-max,1,D1,DONE_WHEN,done_when,false,true,false
wirecodec_reject,wirecodec,reject,false,R6,qwen3.7-max,1,X1,ERRORS,error,false,true,false
wirecodec_reject,wirecodec,reject,false,R6,qwen3.7-max,1,X2,ERRORS,error,false,true,false
wirecodec_reject,wirecodec,reject,false,R6,qwen3.7-max,1,P1,BASELINE.preserve,baseline_preserve,false,true,false
wirecodec_reject,wirecodec,reject,false,R6,qwen3.7-max,1,P2,BASELINE.preserve,baseline_preserve,false,true,false
wirecodec_reject,wirecodec,reject,false,R6,qwen3.7-max,1,V1,BASELINE.evolve,baseline_evolve,false,true,false
wirecodec_reject,wirecodec,reject,false,R6,qwen3.7-max,1,V2,BASELINE.evolve,baseline_evolve,false,true,false
wirecodec_reject,wirecodec,reject,false,R6,qwen3.7-max,2,C1,CONSTRAINT,constraint,false,true,false
wirecodec_reject,wirecodec,reject,false,R6,qwen3.7-max,2,R1,RULES,rule,false,false,false
wirecodec_reject,wirecodec,reject,false,R6,qwen3.7-max,2,R2,RULES,rule,false,false,false
wirecodec_reject,wirecodec,reject,false,R6,qwen3.7-max,2,R3,RULES,rule,false,true,false
wirecodec_reject,wirecodec,reject,false,R6,qwen3.7-max,2,R4,RULES,rule,false,true,false
wirecodec_reject,wirecodec,reject,false,R6,qwen3.7-max,2,R5,RULES,rule,false,true,false
wirecodec_reject,wirecodec,reject,false,R6,qwen3.7-max,2,R6,RULES,rule,true,true,false
wirecodec_reject,wirecodec,reject,false,R6,qwen3.7-max,2,R7,RULES,rule,false,false,false
wirecodec_reject,wirecodec,reject,false,R6,qwen3.7-max,2,D1,DONE_WHEN,done_when,false,true,false
wirecodec_reject,wirecodec,reject,false,R6,qwen3.7-max,2,X1,ERRORS,error,false,false,false
wirecodec_reject,wirecodec,reject,false,R6,qwen3.7-max,2,X2,ERRORS,error,false,true,false
wirecodec_reject,wirecodec,reject,false,R6,qwen3.7-max,2,P1,BASELINE.preserve,baseline_preserve,false,true,false
wirecodec_reject,wirecodec,reject,false,R6,qwen3.7-max,2,P2,BASELINE.preserve,baseline_preserve,false,true,false
wirecodec_reject,wirecodec,reject,false,R6,qwen3.7-max,2,V1,BASELINE.evolve,baseline_evolve,false,true,false
wirecodec_reject,wirecodec,reject,false,R6,qwen3.7-max,2,V2,BASELINE.evolve,baseline_evolve,false,true,false
wirecodec_reject,wirecodec,reject,false,R6,qwen3.7-max,3,C1,CONSTRAINT,constraint,false,true,false
wirecodec_reject,wirecodec,reject,false,R6,qwen3.7-max,3,R1,RULES,rule,false,false,false
wirecodec_reject,wirecodec,reject,false,R6,qwen3.7-max,3,R2,RULES,rule,false,false,false
wirecodec_reject,wirecodec,reject,false,R6,qwen3.7-max,3,R3,RULES,rule,false,true,false
wirecodec_reject,wirecodec,reject,false,R6,qwen3.7-max,3,R4,RULES,rule,false,true,false
wirecodec_reject,wirecodec,reject,false,R6,qwen3.7-max,3,R5,RULES,rule,false,true,false
wirecodec_reject,wirecodec,reject,false,R6,qwen3.7-max,3,R6,RULES,rule,true,true,false
wirecodec_reject,wirecodec,reject,false,R6,qwen3.7-max,3,R7,RULES,rule,false,false,false
wirecodec_reject,wirecodec,reject,false,R6,qwen3.7-max,3,D1,DONE_WHEN,done_when,false,true,false
wirecodec_reject,wirecodec,reject,false,R6,qwen3.7-max,3,X1,ERRORS,error,false,false,false
wirecodec_reject,wirecodec,reject,false,R6,qwen3.7-max,3,X2,ERRORS,error,false,true,false
wirecodec_reject,wirecodec,reject,false,R6,qwen3.7-max,3,P1,BASELINE.preserve,baseline_preserve,false,true,false
wirecodec_reject,wirecodec,reject,false,R6,qwen3.7-max,3,P2,BASELINE.preserve,baseline_preserve,false,true,false
wirecodec_reject,wirecodec,reject,false,R6,qwen3.7-max,3,V1,BASELINE.evolve,baseline_evolve,false,true,false
wirecodec_reject,wirecodec,reject,false,R6,qwen3.7-max,3,V2,BASELINE.evolve,baseline_evolve,false,true,false
